grid_id,timestamp,model,prediction
G00000,2022-01-02 00:00:00+00:00,lstm_regression,0.29774117
G00000,2022-01-02 01:00:00+00:00,lstm_regression,0.33863991
G00000,2022-01-02 02:00:00+00:00,lstm_regression,0.216698
G00000,2022-01-02 03:00:00+00:00,lstm_regression,0.27851093
G00000,2022-01-02 04:00:00+00:00,lstm_regression,0.4429366
G00000,2022-01-02 05:00:00+00:00,lstm_regression,0.12117914
G00000,2022-01-02 06:00:00+00:00,lstm_regression,0.026708668
G00000,2022-01-02 07:00:00+00:00,lstm_regression,0.22401775
G00000,2022-01-02 08:00:00+00:00,lstm_regression,0.21713454
G00000,2022-01-02 09:00:00+00:00,lstm_regression,0.25453833
G00000,2022-01-02 10:00:00+00:00,lstm_regression,0.3558895
G00000,2022-01-02 11:00:00+00:00,lstm_regression,0.179803
G00000,2022-01-02 12:00:00+00:00,lstm_regression,0.0
G00000,2022-01-02 13:00:00+00:00,lstm_regression,0.040653877
G00000,2022-01-02 14:00:00+00:00,lstm_regression,0.18452057
G00000,2022-01-02 15:00:00+00:00,lstm_regression,0.15899284
G00000,2022-01-02 16:00:00+00:00,lstm_regression,0.2121661
G00000,2022-01-02 17:00:00+00:00,lstm_regression,0.076690815
G00000,2022-01-02 18:00:00+00:00,lstm_regression,0.20239873
G00000,2022-01-02 19:00:00+00:00,lstm_regression,0.27250794
G00000,2022-01-02 20:00:00+00:00,lstm_regression,0.08111296
G00000,2022-01-02 21:00:00+00:00,lstm_regression,0.2238173
G00000,2022-01-02 22:00:00+00:00,lstm_regression,0.25001594
G00000,2022-01-02 23:00:00+00:00,lstm_regression,0.36824343
G00000,2022-01-03 00:00:00+00:00,lstm_regression,0.0957539
G00000,2022-01-03 01:00:00+00:00,lstm_regression,0.14191486
G00000,2022-01-03 02:00:00+00:00,lstm_regression,0.36025473
G00000,2022-01-03 03:00:00+00:00,lstm_regression,0.6676191
G00000,2022-01-03 04:00:00+00:00,lstm_regression,1.3051887
G00000,2022-01-03 05:00:00+00:00,lstm_regression,0.9387619
G00000,2022-01-03 06:00:00+00:00,lstm_regression,1.0291156
G00000,2022-01-03 07:00:00+00:00,lstm_regression,0.8411812
G00000,2022-01-03 08:00:00+00:00,lstm_regression,0.7372979
G00000,2022-01-03 09:00:00+00:00,lstm_regression,0.689434
G00000,2022-01-03 10:00:00+00:00,lstm_regression,0.662604
G00000,2022-01-03 11:00:00+00:00,lstm_regression,0.2348681
G00000,2022-01-03 12:00:00+00:00,lstm_regression,0.16646111
G00000,2022-01-03 13:00:00+00:00,lstm_regression,0.13810295
G00000,2022-01-03 14:00:00+00:00,lstm_regression,0.032067418
G00000,2022-01-03 15:00:00+00:00,lstm_regression,0.114955716
G00000,2022-01-03 16:00:00+00:00,lstm_regression,0.0
G00000,2022-01-03 17:00:00+00:00,lstm_regression,0.13960528
G00000,2022-01-03 18:00:00+00:00,lstm_regression,0.18734919
G00000,2022-01-03 19:00:00+00:00,lstm_regression,0.20064731
G00000,2022-01-03 20:00:00+00:00,lstm_regression,0.381193
G00000,2022-01-03 21:00:00+00:00,lstm_regression,0.29898283
G00000,2022-01-03 22:00:00+00:00,lstm_regression,0.51750386
G00000,2022-01-03 23:00:00+00:00,lstm_regression,0.5049561
G00000,2022-01-04 00:00:00+00:00,lstm_regression,0.34013778
G00000,2022-01-04 01:00:00+00:00,lstm_regression,0.31027523
G00000,2022-01-04 02:00:00+00:00,lstm_regression,0.17037831
G00000,2022-01-04 03:00:00+00:00,lstm_regression,0.42264375
G00000,2022-01-04 04:00:00+00:00,lstm_regression,0.39492896
G00000,2022-01-04 05:00:00+00:00,lstm_regression,0.5536763
G00000,2022-01-04 06:00:00+00:00,lstm_regression,0.46744233
G00000,2022-01-04 07:00:00+00:00,lstm_regression,0.48995346
G00000,2022-01-04 08:00:00+00:00,lstm_regression,0.6596597
G00000,2022-01-04 09:00:00+00:00,lstm_regression,0.9834859
G00000,2022-01-04 10:00:00+00:00,lstm_regression,1.0566316
G00000,2022-01-04 11:00:00+00:00,lstm_regression,0.92236006
G00000,2022-01-04 12:00:00+00:00,lstm_regression,0.4782877
G00000,2022-01-04 13:00:00+00:00,lstm_regression,0.18182507
G00000,2022-01-04 14:00:00+00:00,lstm_regression,0.05647754
G00000,2022-01-04 15:00:00+00:00,lstm_regression,0.04305061
G00000,2022-01-04 16:00:00+00:00,lstm_regression,0.30834448
G00000,2022-01-04 17:00:00+00:00,lstm_regression,0.37994766
G00000,2022-01-04 18:00:00+00:00,lstm_regression,0.22149266
G00000,2022-01-04 19:00:00+00:00,lstm_regression,0.52788734
G00000,2022-01-04 20:00:00+00:00,lstm_regression,0.55301875
G00000,2022-01-04 21:00:00+00:00,lstm_regression,0.92090744
G00000,2022-01-04 22:00:00+00:00,lstm_regression,0.8146332
G00000,2022-01-04 23:00:00+00:00,lstm_regression,1.2571272
G00000,2022-01-05 00:00:00+00:00,lstm_regression,1.128095
G00000,2022-01-05 01:00:00+00:00,lstm_regression,0.26856783
G00000,2022-01-05 02:00:00+00:00,lstm_regression,0.21960315
G00000,2022-01-05 03:00:00+00:00,lstm_regression,0.15342186
G00000,2022-01-05 04:00:00+00:00,lstm_regression,0.30859616
G00000,2022-01-05 05:00:00+00:00,lstm_regression,0.55240154
G00000,2022-01-05 06:00:00+00:00,lstm_regression,0.4839527
G00000,2022-01-05 07:00:00+00:00,lstm_regression,0.0
G00000,2022-01-05 08:00:00+00:00,lstm_regression,0.15624124
G00000,2022-01-05 09:00:00+00:00,lstm_regression,0.27346665
G00000,2022-01-05 10:00:00+00:00,lstm_regression,0.5979707
G00000,2022-01-05 11:00:00+00:00,lstm_regression,0.5671674
G00000,2022-01-05 12:00:00+00:00,lstm_regression,0.6437079
G00000,2022-01-05 13:00:00+00:00,lstm_regression,0.34014106
G00000,2022-01-05 14:00:00+00:00,lstm_regression,0.5684729
G00000,2022-01-05 15:00:00+00:00,lstm_regression,0.6098673
G00000,2022-01-05 16:00:00+00:00,lstm_regression,0.9279213
G00000,2022-01-05 17:00:00+00:00,lstm_regression,1.0144728
G00000,2022-01-05 18:00:00+00:00,lstm_regression,1.03078
G00000,2022-01-05 19:00:00+00:00,lstm_regression,1.1788646
G00000,2022-01-05 22:00:00+00:00,lstm_regression,0.5781147
G00000,2022-01-06 00:00:00+00:00,lstm_regression,0.9377748
G00000,2022-01-06 01:00:00+00:00,lstm_regression,1.1101618
G00000,2022-01-06 03:00:00+00:00,lstm_regression,0.89290756
G00000,2022-01-06 04:00:00+00:00,lstm_regression,0.38488504
G00000,2022-01-06 05:00:00+00:00,lstm_regression,0.17443098
G00000,2022-01-06 06:00:00+00:00,lstm_regression,0.32513472
G00000,2022-01-06 07:00:00+00:00,lstm_regression,0.20614095
G00000,2022-01-06 09:00:00+00:00,lstm_regression,0.24309917
G00000,2022-01-06 10:00:00+00:00,lstm_regression,0.44150877
G00000,2022-01-06 11:00:00+00:00,lstm_regression,0.5790654
G00000,2022-01-06 12:00:00+00:00,lstm_regression,0.032704197
G00000,2022-01-06 13:00:00+00:00,lstm_regression,0.18910648
G00000,2022-01-06 14:00:00+00:00,lstm_regression,0.23354919
G00000,2022-01-06 15:00:00+00:00,lstm_regression,0.11589145
G00000,2022-01-06 16:00:00+00:00,lstm_regression,0.02145152
G00000,2022-01-06 17:00:00+00:00,lstm_regression,0.02810494
G00000,2022-01-06 18:00:00+00:00,lstm_regression,0.04938274
G00000,2022-01-06 19:00:00+00:00,lstm_regression,0.0
G00000,2022-01-06 21:00:00+00:00,lstm_regression,0.116486035
G00000,2022-01-06 22:00:00+00:00,lstm_regression,0.0
G00000,2022-01-06 23:00:00+00:00,lstm_regression,0.026230322
G00000,2022-01-07 00:00:00+00:00,lstm_regression,0.5448415
G00000,2022-01-07 01:00:00+00:00,lstm_regression,0.44489712
G00000,2022-01-07 02:00:00+00:00,lstm_regression,0.017129263
G00000,2022-01-07 03:00:00+00:00,lstm_regression,0.0016266089
G00000,2022-01-07 04:00:00+00:00,lstm_regression,0.11307781
G00000,2022-01-07 05:00:00+00:00,lstm_regression,0.27800763
G00000,2022-01-07 06:00:00+00:00,lstm_regression,0.41537017
G00000,2022-01-07 07:00:00+00:00,lstm_regression,0.33567244
G00000,2022-01-07 08:00:00+00:00,lstm_regression,0.20420454
G00000,2022-01-07 09:00:00+00:00,lstm_regression,0.5160198
G00000,2022-01-07 10:00:00+00:00,lstm_regression,0.42348135
G00000,2022-01-07 11:00:00+00:00,lstm_regression,0.44661078
G00000,2022-01-07 12:00:00+00:00,lstm_regression,0.12632531
G00000,2022-01-07 13:00:00+00:00,lstm_regression,0.14868501
G00000,2022-01-07 14:00:00+00:00,lstm_regression,0.064193614
G00000,2022-01-07 15:00:00+00:00,lstm_regression,0.02659894
G00000,2022-01-07 16:00:00+00:00,lstm_regression,0.099822246
G00000,2022-01-07 17:00:00+00:00,lstm_regression,0.09866012
G00000,2022-01-07 18:00:00+00:00,lstm_regression,0.0
G00000,2022-01-07 19:00:00+00:00,lstm_regression,0.09402462
G00000,2022-01-07 20:00:00+00:00,lstm_regression,0.08121685
G00000,2022-01-07 21:00:00+00:00,lstm_regression,0.0
G00000,2022-01-07 22:00:00+00:00,lstm_regression,0.0
G00000,2022-01-07 23:00:00+00:00,lstm_regression,0.0
G00000,2022-01-08 00:00:00+00:00,lstm_regression,0.0
G00000,2022-01-08 01:00:00+00:00,lstm_regression,0.0
G00000,2022-01-08 02:00:00+00:00,lstm_regression,0.12077298
G00000,2022-01-08 03:00:00+00:00,lstm_regression,0.31430215
G00000,2022-01-08 04:00:00+00:00,lstm_regression,0.3541989
G00000,2022-01-08 05:00:00+00:00,lstm_regression,0.4902165
G00000,2022-01-08 06:00:00+00:00,lstm_regression,0.06805153
G00000,2022-01-08 07:00:00+00:00,lstm_regression,0.005446775
G00000,2022-01-08 08:00:00+00:00,lstm_regression,0.0
G00000,2022-01-08 09:00:00+00:00,lstm_regression,0.0
G00000,2022-01-08 10:00:00+00:00,lstm_regression,0.2381409
G00000,2022-01-08 11:00:00+00:00,lstm_regression,0.09863091
G00000,2022-01-08 12:00:00+00:00,lstm_regression,0.0
G00000,2022-01-08 15:00:00+00:00,lstm_regression,0.0
G00000,2022-01-08 17:00:00+00:00,lstm_regression,0.0
G00000,2022-01-08 18:00:00+00:00,lstm_regression,0.026512658
G00000,2022-01-08 20:00:00+00:00,lstm_regression,0.010086348
G00000,2022-01-08 21:00:00+00:00,lstm_regression,0.0
G00000,2022-01-08 22:00:00+00:00,lstm_regression,0.0028944667
G00000,2022-01-08 23:00:00+00:00,lstm_regression,0.012347234
G00000,2022-01-09 00:00:00+00:00,lstm_regression,0.11313044
G00000,2022-01-09 02:00:00+00:00,lstm_regression,0.15837298
G00000,2022-01-09 03:00:00+00:00,lstm_regression,0.25816268
G00000,2022-01-09 04:00:00+00:00,lstm_regression,0.24598615
G00000,2022-01-09 05:00:00+00:00,lstm_regression,0.18312414
G00000,2022-01-09 08:00:00+00:00,lstm_regression,0.267644
G00000,2022-01-09 10:00:00+00:00,lstm_regression,0.30687657
G00000,2022-01-09 11:00:00+00:00,lstm_regression,0.37587312
G00000,2022-01-09 14:00:00+00:00,lstm_regression,0.15515924
G00000,2022-01-09 15:00:00+00:00,lstm_regression,0.1778988
G00000,2022-01-09 16:00:00+00:00,lstm_regression,0.1434732
G00000,2022-01-09 17:00:00+00:00,lstm_regression,0.14251985
G00000,2022-01-09 19:00:00+00:00,lstm_regression,0.07015883
G00000,2022-01-09 20:00:00+00:00,lstm_regression,0.096753374
G00000,2022-01-09 21:00:00+00:00,lstm_regression,0.16885565
G00000,2022-01-09 22:00:00+00:00,lstm_regression,0.37291652
G00000,2022-01-09 23:00:00+00:00,lstm_regression,0.5058575
G00000,2022-01-10 00:00:00+00:00,lstm_regression,0.60819197
G00000,2022-01-10 01:00:00+00:00,lstm_regression,0.51544136
G00000,2022-01-10 02:00:00+00:00,lstm_regression,0.5270784
G00000,2022-01-10 03:00:00+00:00,lstm_regression,0.5693731
G00000,2022-01-10 04:00:00+00:00,lstm_regression,0.5284132
G00000,2022-01-10 05:00:00+00:00,lstm_regression,0.71185374
G00000,2022-01-10 07:00:00+00:00,lstm_regression,0.28373283
G00000,2022-01-10 08:00:00+00:00,lstm_regression,0.014351478
G00000,2022-01-10 09:00:00+00:00,lstm_regression,0.0
G00000,2022-01-10 10:00:00+00:00,lstm_regression,0.12471879
G00000,2022-01-10 11:00:00+00:00,lstm_regression,0.12834132
G00000,2022-01-10 12:00:00+00:00,lstm_regression,0.24744652
G00000,2022-01-10 13:00:00+00:00,lstm_regression,0.09127373
G00000,2022-01-10 14:00:00+00:00,lstm_regression,0.116493575
G00000,2022-01-10 15:00:00+00:00,lstm_regression,0.0
G00000,2022-01-10 16:00:00+00:00,lstm_regression,0.0
G00000,2022-01-10 17:00:00+00:00,lstm_regression,0.06268462
G00000,2022-01-10 18:00:00+00:00,lstm_regression,0.18007141
G00000,2022-01-10 19:00:00+00:00,lstm_regression,0.1855385
G00000,2022-01-10 20:00:00+00:00,lstm_regression,0.22569041
G00000,2022-01-10 21:00:00+00:00,lstm_regression,0.17666426
G00000,2022-01-10 22:00:00+00:00,lstm_regression,0.28938603
G00000,2022-01-10 23:00:00+00:00,lstm_regression,0.3585335
G00000,2022-01-11 00:00:00+00:00,lstm_regression,0.73395836
G00000,2022-01-11 01:00:00+00:00,lstm_regression,0.55895716
G00000,2022-01-11 02:00:00+00:00,lstm_regression,0.59303397
G00000,2022-01-11 03:00:00+00:00,lstm_regression,0.96993095
G00000,2022-01-11 04:00:00+00:00,lstm_regression,0.51129645
G00000,2022-01-11 05:00:00+00:00,lstm_regression,0.25400224
G00000,2022-01-11 06:00:00+00:00,lstm_regression,0.04270529
G00000,2022-01-11 07:00:00+00:00,lstm_regression,0.07035241
G00000,2022-01-11 08:00:00+00:00,lstm_regression,0.17377892
G00000,2022-01-11 09:00:00+00:00,lstm_regression,0.3738925
G00000,2022-01-11 10:00:00+00:00,lstm_regression,0.091052085
G00000,2022-01-11 11:00:00+00:00,lstm_regression,0.105498224
G00000,2022-01-11 12:00:00+00:00,lstm_regression,0.18278375
G00000,2022-01-11 13:00:00+00:00,lstm_regression,0.2033649
G00000,2022-01-11 14:00:00+00:00,lstm_regression,0.0
G00000,2022-01-11 15:00:00+00:00,lstm_regression,0.0
G00000,2022-01-11 16:00:00+00:00,lstm_regression,0.0
G00000,2022-01-11 17:00:00+00:00,lstm_regression,0.0
G00000,2022-01-11 18:00:00+00:00,lstm_regression,0.027185628
G00000,2022-01-11 19:00:00+00:00,lstm_regression,0.010879746
G00000,2022-01-11 20:00:00+00:00,lstm_regression,0.033108212
G00000,2022-01-11 21:00:00+00:00,lstm_regression,0.15989032
G00000,2022-01-11 22:00:00+00:00,lstm_regression,0.1440772
G00000,2022-01-11 23:00:00+00:00,lstm_regression,0.08780318
G00000,2022-01-12 00:00:00+00:00,lstm_regression,0.28326347
G00000,2022-01-12 01:00:00+00:00,lstm_regression,0.2638932
G00000,2022-01-12 02:00:00+00:00,lstm_regression,0.6217585
G00000,2022-01-12 03:00:00+00:00,lstm_regression,0.6716195
G00000,2022-01-12 04:00:00+00:00,lstm_regression,1.0995423
G00000,2022-01-12 05:00:00+00:00,lstm_regression,1.2656199
G00000,2022-01-12 06:00:00+00:00,lstm_regression,1.3642782
G00000,2022-01-12 07:00:00+00:00,lstm_regression,1.6194896
G00000,2022-01-12 08:00:00+00:00,lstm_regression,1.9049032
G00000,2022-01-12 09:00:00+00:00,lstm_regression,0.8612278
G00000,2022-01-12 10:00:00+00:00,lstm_regression,0.5362601
G00000,2022-01-12 11:00:00+00:00,lstm_regression,0.163231
G00000,2022-01-12 12:00:00+00:00,lstm_regression,0.54473174
G00000,2022-01-12 13:00:00+00:00,lstm_regression,0.33309686
G00000,2022-01-12 14:00:00+00:00,lstm_regression,0.30530408
G00000,2022-01-12 15:00:00+00:00,lstm_regression,0.0
G00000,2022-01-12 16:00:00+00:00,lstm_regression,0.0
G00000,2022-01-12 17:00:00+00:00,lstm_regression,0.0
G00000,2022-01-12 18:00:00+00:00,lstm_regression,0.0
G00000,2022-01-12 19:00:00+00:00,lstm_regression,0.0
G00000,2022-01-12 20:00:00+00:00,lstm_regression,0.193658
G00000,2022-01-12 21:00:00+00:00,lstm_regression,0.22891325
G00000,2022-01-12 22:00:00+00:00,lstm_regression,0.2737365
G00000,2022-01-12 23:00:00+00:00,lstm_regression,0.28682312
G00000,2022-01-13 00:00:00+00:00,lstm_regression,1.0061611
G00000,2022-01-13 01:00:00+00:00,lstm_regression,0.62028825
G00000,2022-01-13 02:00:00+00:00,lstm_regression,0.49028856
G00000,2022-01-13 03:00:00+00:00,lstm_regression,0.35071182
G00000,2022-01-13 04:00:00+00:00,lstm_regression,0.046328627
G00000,2022-01-13 05:00:00+00:00,lstm_regression,0.24814896
G00000,2022-01-13 06:00:00+00:00,lstm_regression,0.45357516
G00000,2022-01-13 07:00:00+00:00,lstm_regression,0.7104062
G00000,2022-01-13 08:00:00+00:00,lstm_regression,0.2961591
G00000,2022-01-13 09:00:00+00:00,lstm_regression,0.09847962
G00000,2022-01-13 10:00:00+00:00,lstm_regression,0.0
G00000,2022-01-13 11:00:00+00:00,lstm_regression,0.07895578
G00000,2022-01-13 12:00:00+00:00,lstm_regression,0.25118724
G00000,2022-01-13 13:00:00+00:00,lstm_regression,0.0026236027
G00000,2022-01-13 14:00:00+00:00,lstm_regression,0.0
G00000,2022-01-13 15:00:00+00:00,lstm_regression,0.0
G00000,2022-01-13 16:00:00+00:00,lstm_regression,0.050547227
G00000,2022-01-13 17:00:00+00:00,lstm_regression,0.07981574
G00000,2022-01-13 18:00:00+00:00,lstm_regression,0.111038856
G00000,2022-01-13 19:00:00+00:00,lstm_regression,0.22501408
G00000,2022-01-13 20:00:00+00:00,lstm_regression,0.23026304
G00000,2022-01-13 21:00:00+00:00,lstm_regression,0.3686566
G00000,2022-01-14 00:00:00+00:00,lstm_regression,0.6730107
G00000,2022-01-14 02:00:00+00:00,lstm_regression,0.78558576
G00000,2022-01-14 03:00:00+00:00,lstm_regression,1.2606492
G00000,2022-01-14 05:00:00+00:00,lstm_regression,0.88184625
G00000,2022-01-14 06:00:00+00:00,lstm_regression,0.42942923
G00000,2022-01-14 07:00:00+00:00,lstm_regression,0.30241418
G00000,2022-01-14 08:00:00+00:00,lstm_regression,0.3693239
G00000,2022-01-14 09:00:00+00:00,lstm_regression,0.4391246
G00000,2022-01-14 11:00:00+00:00,lstm_regression,0.24608435
G00000,2022-01-14 12:00:00+00:00,lstm_regression,0.3821048
G00000,2022-01-14 13:00:00+00:00,lstm_regression,0.04541762
G00000,2022-01-14 14:00:00+00:00,lstm_regression,0.0
G00000,2022-01-14 15:00:00+00:00,lstm_regression,0.0
G00000,2022-01-14 16:00:00+00:00,lstm_regression,0.0
G00000,2022-01-14 17:00:00+00:00,lstm_regression,0.0
G00000,2022-01-14 18:00:00+00:00,lstm_regression,0.0
G00000,2022-01-14 19:00:00+00:00,lstm_regression,0.0
G00000,2022-01-14 20:00:00+00:00,lstm_regression,0.0
G00000,2022-01-14 21:00:00+00:00,lstm_regression,0.24096258
G00000,2022-01-14 23:00:00+00:00,lstm_regression,0.27427238
G00000,2022-01-15 00:00:00+00:00,lstm_regression,0.60634923
G00000,2022-01-15 01:00:00+00:00,lstm_regression,0.5624284
G00000,2022-01-15 02:00:00+00:00,lstm_regression,0.25310963
G00000,2022-01-15 03:00:00+00:00,lstm_regression,0.3406592
G00000,2022-01-15 04:00:00+00:00,lstm_regression,0.40710512
G00000,2022-01-15 05:00:00+00:00,lstm_regression,0.4871797
G00000,2022-01-15 06:00:00+00:00,lstm_regression,0.48202223
G00000,2022-01-15 07:00:00+00:00,lstm_regression,0.6034202
G00000,2022-01-15 08:00:00+00:00,lstm_regression,0.49064606
G00000,2022-01-15 09:00:00+00:00,lstm_regression,0.48075846
G00000,2022-01-15 10:00:00+00:00,lstm_regression,0.5423125
G00000,2022-01-15 11:00:00+00:00,lstm_regression,0.4074282
G00000,2022-01-15 12:00:00+00:00,lstm_regression,0.28278708
G00000,2022-01-15 13:00:00+00:00,lstm_regression,0.4339538
G00000,2022-01-15 14:00:00+00:00,lstm_regression,0.22329153
G00000,2022-01-15 15:00:00+00:00,lstm_regression,0.06738454
G00000,2022-01-15 16:00:00+00:00,lstm_regression,0.17543036
G00000,2022-01-15 17:00:00+00:00,lstm_regression,0.11435028
G00000,2022-01-15 18:00:00+00:00,lstm_regression,0.14581458
G00000,2022-01-15 19:00:00+00:00,lstm_regression,0.31304067
G00000,2022-01-15 20:00:00+00:00,lstm_regression,0.22177668
G00000,2022-01-15 21:00:00+00:00,lstm_regression,0.17944367
G00000,2022-01-15 22:00:00+00:00,lstm_regression,0.029599374
G00000,2022-01-15 23:00:00+00:00,lstm_regression,0.17043793
G00000,2022-01-16 00:00:00+00:00,lstm_regression,0.08620809
G00000,2022-01-16 01:00:00+00:00,lstm_regression,0.18131755
G00000,2022-01-16 02:00:00+00:00,lstm_regression,0.58621615
G00000,2022-01-16 03:00:00+00:00,lstm_regression,0.477643
G00000,2022-01-16 06:00:00+00:00,lstm_regression,0.7320927
G00000,2022-01-16 08:00:00+00:00,lstm_regression,0.52880335
G00000,2022-01-16 09:00:00+00:00,lstm_regression,0.21167715
G00000,2022-01-16 11:00:00+00:00,lstm_regression,0.32877386
G00000,2022-01-16 12:00:00+00:00,lstm_regression,0.039954424
G00000,2022-01-16 13:00:00+00:00,lstm_regression,0.055723026
G00000,2022-01-16 14:00:00+00:00,lstm_regression,0.010758217
G00000,2022-01-16 15:00:00+00:00,lstm_regression,0.24404676
G00000,2022-01-16 17:00:00+00:00,lstm_regression,0.31671423
G00000,2022-01-16 18:00:00+00:00,lstm_regression,0.21937503
G00000,2022-01-16 19:00:00+00:00,lstm_regression,0.17650631
G00000,2022-01-16 20:00:00+00:00,lstm_regression,0.22886628
G00000,2022-01-16 21:00:00+00:00,lstm_regression,0.18003854
G00000,2022-01-16 22:00:00+00:00,lstm_regression,0.2907288
G00000,2022-01-16 23:00:00+00:00,lstm_regression,0.3806203
G00000,2022-01-17 00:00:00+00:00,lstm_regression,0.395665
G00000,2022-01-17 01:00:00+00:00,lstm_regression,0.67882776
G00000,2022-01-17 02:00:00+00:00,lstm_regression,0.86215985
G00000,2022-01-17 03:00:00+00:00,lstm_regression,0.63718146
G00000,2022-01-17 05:00:00+00:00,lstm_regression,0.88030136
G00000,2022-01-17 06:00:00+00:00,lstm_regression,0.710932
G00000,2022-01-17 07:00:00+00:00,lstm_regression,0.5348327
G00000,2022-01-17 08:00:00+00:00,lstm_regression,0.5514852
G00000,2022-01-17 09:00:00+00:00,lstm_regression,0.83271
G00000,2022-01-17 10:00:00+00:00,lstm_regression,0.8374908
G00000,2022-01-17 11:00:00+00:00,lstm_regression,0.6989985
G00000,2022-01-17 12:00:00+00:00,lstm_regression,0.6690514
G00000,2022-01-17 13:00:00+00:00,lstm_regression,0.2800145
G00000,2022-01-17 14:00:00+00:00,lstm_regression,0.5238192
G00000,2022-01-17 15:00:00+00:00,lstm_regression,0.10820911
G00000,2022-01-17 16:00:00+00:00,lstm_regression,0.05755435
G00000,2022-01-17 17:00:00+00:00,lstm_regression,0.0
G00000,2022-01-17 18:00:00+00:00,lstm_regression,0.07410066
G00000,2022-01-17 19:00:00+00:00,lstm_regression,0.1056172
G00000,2022-01-17 20:00:00+00:00,lstm_regression,0.28518403
G00000,2022-01-17 21:00:00+00:00,lstm_regression,0.42857537
G00000,2022-01-17 22:00:00+00:00,lstm_regression,0.99612004
G00000,2022-01-17 23:00:00+00:00,lstm_regression,1.1887314
G00000,2022-01-18 00:00:00+00:00,lstm_regression,1.4382957
G00000,2022-01-18 01:00:00+00:00,lstm_regression,1.8163265
G00000,2022-01-18 02:00:00+00:00,lstm_regression,2.0959256
G00000,2022-01-18 03:00:00+00:00,lstm_regression,2.0291793
G00000,2022-01-18 04:00:00+00:00,lstm_regression,1.8129638
G00000,2022-01-18 05:00:00+00:00,lstm_regression,1.9105289
G00000,2022-01-18 06:00:00+00:00,lstm_regression,1.0956128
G00000,2022-01-18 07:00:00+00:00,lstm_regression,0.7530996
G00000,2022-01-18 08:00:00+00:00,lstm_regression,0.48950726
G00000,2022-01-18 09:00:00+00:00,lstm_regression,0.39832693
G00000,2022-01-18 10:00:00+00:00,lstm_regression,0.39134413
G00000,2022-01-18 11:00:00+00:00,lstm_regression,0.29836184
G00000,2022-01-18 12:00:00+00:00,lstm_regression,0.46068895
G00000,2022-01-18 13:00:00+00:00,lstm_regression,0.28580415
G00000,2022-01-18 14:00:00+00:00,lstm_regression,0.30126196
G00000,2022-01-18 15:00:00+00:00,lstm_regression,0.017699597
G00000,2022-01-18 16:00:00+00:00,lstm_regression,0.0939528
G00000,2022-01-18 17:00:00+00:00,lstm_regression,0.17447728
G00000,2022-01-18 18:00:00+00:00,lstm_regression,0.06744264
G00000,2022-01-18 19:00:00+00:00,lstm_regression,0.12942111
G00000,2022-01-18 20:00:00+00:00,lstm_regression,0.21347608
G00000,2022-01-18 21:00:00+00:00,lstm_regression,0.3975645
G00000,2022-01-18 22:00:00+00:00,lstm_regression,0.40315127
G00000,2022-01-18 23:00:00+00:00,lstm_regression,0.44135514
G00000,2022-01-19 00:00:00+00:00,lstm_regression,0.5882179
G00000,2022-01-19 03:00:00+00:00,lstm_regression,0.4741271
G00000,2022-01-19 05:00:00+00:00,lstm_regression,0.31074378
G00000,2022-01-19 06:00:00+00:00,lstm_regression,0.41473448
G00000,2022-01-19 08:00:00+00:00,lstm_regression,0.66879815
G00000,2022-01-19 09:00:00+00:00,lstm_regression,0.8390846
G00000,2022-01-19 10:00:00+00:00,lstm_regression,0.62454945
G00000,2022-01-19 11:00:00+00:00,lstm_regression,0.5338213
G00000,2022-01-19 12:00:00+00:00,lstm_regression,0.37141627
G00000,2022-01-19 14:00:00+00:00,lstm_regression,0.06345913
G00000,2022-01-19 15:00:00+00:00,lstm_regression,0.0
G00000,2022-01-19 16:00:00+00:00,lstm_regression,0.097188614
G00000,2022-01-19 17:00:00+00:00,lstm_regression,0.08566542
G00000,2022-01-19 18:00:00+00:00,lstm_regression,0.0
G00000,2022-01-19 19:00:00+00:00,lstm_regression,0.0
G00000,2022-01-19 20:00:00+00:00,lstm_regression,0.0
G00000,2022-01-19 21:00:00+00:00,lstm_regression,0.0
G00000,2022-01-19 22:00:00+00:00,lstm_regression,0.0244849
G00000,2022-01-19 23:00:00+00:00,lstm_regression,0.0
G00000,2022-01-20 00:00:00+00:00,lstm_regression,0.062563516
G00000,2022-01-20 02:00:00+00:00,lstm_regression,0.37860072
G00000,2022-01-20 03:00:00+00:00,lstm_regression,0.7140133
G00000,2022-01-20 04:00:00+00:00,lstm_regression,0.653758
G00000,2022-01-20 05:00:00+00:00,lstm_regression,0.7065795
G00000,2022-01-20 06:00:00+00:00,lstm_regression,0.8250855
G00000,2022-01-20 07:00:00+00:00,lstm_regression,0.4759736
G00000,2022-01-20 08:00:00+00:00,lstm_regression,0.4766901
G00000,2022-01-20 09:00:00+00:00,lstm_regression,0.4458769
G00000,2022-01-20 10:00:00+00:00,lstm_regression,0.086809404
G00000,2022-01-20 11:00:00+00:00,lstm_regression,0.32771435
G00000,2022-01-20 12:00:00+00:00,lstm_regression,0.09795121
G00000,2022-01-20 13:00:00+00:00,lstm_regression,0.050291523
G00000,2022-01-20 14:00:00+00:00,lstm_regression,0.0
G00000,2022-01-20 15:00:00+00:00,lstm_regression,0.0
G00000,2022-01-20 16:00:00+00:00,lstm_regression,0.0
G00000,2022-01-20 17:00:00+00:00,lstm_regression,0.0
G00000,2022-01-20 18:00:00+00:00,lstm_regression,0.0
G00000,2022-01-20 19:00:00+00:00,lstm_regression,0.056813754
G00000,2022-01-20 20:00:00+00:00,lstm_regression,0.07242363
G00000,2022-01-20 21:00:00+00:00,lstm_regression,0.07922717
G00000,2022-01-20 22:00:00+00:00,lstm_regression,0.11668422
G00000,2022-01-20 23:00:00+00:00,lstm_regression,0.5291
G00000,2022-01-21 00:00:00+00:00,lstm_regression,0.53336966
G00000,2022-01-21 01:00:00+00:00,lstm_regression,0.8248998
G00000,2022-01-21 02:00:00+00:00,lstm_regression,0.7468127
G00000,2022-01-21 03:00:00+00:00,lstm_regression,0.806782
G00000,2022-01-21 04:00:00+00:00,lstm_regression,0.4668677
G00000,2022-01-21 05:00:00+00:00,lstm_regression,0.5700471
G00000,2022-01-21 06:00:00+00:00,lstm_regression,0.49391985
G00000,2022-01-21 07:00:00+00:00,lstm_regression,0.50708777
G00000,2022-01-21 08:00:00+00:00,lstm_regression,0.46727163
G00000,2022-01-21 09:00:00+00:00,lstm_regression,0.578215
G00000,2022-01-21 10:00:00+00:00,lstm_regression,0.4617035
G00000,2022-01-21 11:00:00+00:00,lstm_regression,0.3996369
G00000,2022-01-21 12:00:00+00:00,lstm_regression,0.14593473
G00000,2022-01-21 13:00:00+00:00,lstm_regression,0.19029067
G00000,2022-01-21 14:00:00+00:00,lstm_regression,0.0046450365
G00000,2022-01-21 15:00:00+00:00,lstm_regression,0.10207573
G00000,2022-01-21 16:00:00+00:00,lstm_regression,0.0
G00000,2022-01-21 17:00:00+00:00,lstm_regression,0.0
G00000,2022-01-21 18:00:00+00:00,lstm_regression,0.0
G00000,2022-01-21 19:00:00+00:00,lstm_regression,0.0
G00001,2022-01-02 00:00:00+00:00,lstm_regression,0.9363137
G00001,2022-01-02 01:00:00+00:00,lstm_regression,1.0166751
G00001,2022-01-02 02:00:00+00:00,lstm_regression,0.77611274
G00001,2022-01-02 03:00:00+00:00,lstm_regression,0.39064476
G00001,2022-01-02 04:00:00+00:00,lstm_regression,0.2183849
G00001,2022-01-02 05:00:00+00:00,lstm_regression,0.36499393
G00001,2022-01-02 06:00:00+00:00,lstm_regression,0.45706427
G00001,2022-01-02 07:00:00+00:00,lstm_regression,0.38892382
G00001,2022-01-02 08:00:00+00:00,lstm_regression,0.51555365
G00001,2022-01-02 09:00:00+00:00,lstm_regression,0.5617531
G00001,2022-01-02 10:00:00+00:00,lstm_regression,0.5999314
G00001,2022-01-02 11:00:00+00:00,lstm_regression,0.59942394
G00001,2022-01-02 12:00:00+00:00,lstm_regression,0.66081727
G00001,2022-01-02 13:00:00+00:00,lstm_regression,0.54598343
G00001,2022-01-02 14:00:00+00:00,lstm_regression,0.39838767
G00001,2022-01-02 15:00:00+00:00,lstm_regression,0.22759235
G00001,2022-01-02 16:00:00+00:00,lstm_regression,0.0
G00001,2022-01-02 17:00:00+00:00,lstm_regression,0.0
G00001,2022-01-02 18:00:00+00:00,lstm_regression,0.071721934
G00001,2022-01-02 19:00:00+00:00,lstm_regression,0.07577843
G00001,2022-01-02 20:00:00+00:00,lstm_regression,0.09953637
G00001,2022-01-02 21:00:00+00:00,lstm_regression,0.21310066
G00001,2022-01-02 22:00:00+00:00,lstm_regression,0.15042935
G00001,2022-01-02 23:00:00+00:00,lstm_regression,0.05706788
G00001,2022-01-03 00:00:00+00:00,lstm_regression,0.03345851
G00001,2022-01-03 01:00:00+00:00,lstm_regression,0.16748339
G00001,2022-01-03 02:00:00+00:00,lstm_regression,0.40755194
G00001,2022-01-03 03:00:00+00:00,lstm_regression,0.7081829
G00001,2022-01-03 04:00:00+00:00,lstm_regression,0.96065325
G00001,2022-01-03 05:00:00+00:00,lstm_regression,0.91420084
G00001,2022-01-03 06:00:00+00:00,lstm_regression,0.6917825
G00001,2022-01-03 07:00:00+00:00,lstm_regression,0.3271686
G00001,2022-01-03 08:00:00+00:00,lstm_regression,0.03055445
G00001,2022-01-03 09:00:00+00:00,lstm_regression,0.04465852
G00001,2022-01-03 10:00:00+00:00,lstm_regression,0.0
G00001,2022-01-03 11:00:00+00:00,lstm_regression,0.0
G00001,2022-01-03 12:00:00+00:00,lstm_regression,0.0
G00001,2022-01-03 13:00:00+00:00,lstm_regression,0.0
G00001,2022-01-03 14:00:00+00:00,lstm_regression,0.0027930867
G00001,2022-01-03 15:00:00+00:00,lstm_regression,0.0
G00001,2022-01-03 16:00:00+00:00,lstm_regression,0.0
G00001,2022-01-03 17:00:00+00:00,lstm_regression,0.0
G00001,2022-01-03 18:00:00+00:00,lstm_regression,0.22767256
G00001,2022-01-03 19:00:00+00:00,lstm_regression,0.01916173
G00001,2022-01-03 20:00:00+00:00,lstm_regression,0.0
G00001,2022-01-03 21:00:00+00:00,lstm_regression,0.0
G00001,2022-01-03 22:00:00+00:00,lstm_regression,0.049839437
G00001,2022-01-03 23:00:00+00:00,lstm_regression,0.16745867
G00001,2022-01-04 00:00:00+00:00,lstm_regression,0.15259826
G00001,2022-01-04 01:00:00+00:00,lstm_regression,0.21973617
G00001,2022-01-04 02:00:00+00:00,lstm_regression,0.41930658
G00001,2022-01-04 03:00:00+00:00,lstm_regression,0.7987702
G00001,2022-01-04 04:00:00+00:00,lstm_regression,0.52663106
G00001,2022-01-04 05:00:00+00:00,lstm_regression,0.20505786
G00001,2022-01-04 06:00:00+00:00,lstm_regression,0.46341494
G00001,2022-01-04 07:00:00+00:00,lstm_regression,0.27365333
G00001,2022-01-04 08:00:00+00:00,lstm_regression,0.45918894
G00001,2022-01-04 09:00:00+00:00,lstm_regression,0.5741622
G00001,2022-01-04 10:00:00+00:00,lstm_regression,0.38050267
G00001,2022-01-04 11:00:00+00:00,lstm_regression,0.22246055
G00001,2022-01-04 12:00:00+00:00,lstm_regression,0.22620426
G00001,2022-01-04 13:00:00+00:00,lstm_regression,0.066812344
G00001,2022-01-04 14:00:00+00:00,lstm_regression,0.17572063
G00001,2022-01-04 15:00:00+00:00,lstm_regression,0.13904436
G00001,2022-01-04 16:00:00+00:00,lstm_regression,0.18965122
G00001,2022-01-04 17:00:00+00:00,lstm_regression,0.0
G00001,2022-01-04 18:00:00+00:00,lstm_regression,0.007214239
G00001,2022-01-04 19:00:00+00:00,lstm_regression,0.0
G00001,2022-01-04 20:00:00+00:00,lstm_regression,0.20363729
G00001,2022-01-04 21:00:00+00:00,lstm_regression,0.0
G00001,2022-01-04 22:00:00+00:00,lstm_regression,0.0
G00001,2022-01-04 23:00:00+00:00,lstm_regression,0.06891835
G00001,2022-01-05 00:00:00+00:00,lstm_regression,0.21954942
G00001,2022-01-05 01:00:00+00:00,lstm_regression,0.05482371
G00001,2022-01-05 02:00:00+00:00,lstm_regression,0.06386303
G00001,2022-01-05 03:00:00+00:00,lstm_regression,0.10148553
G00001,2022-01-05 04:00:00+00:00,lstm_regression,0.050842695
G00001,2022-01-05 05:00:00+00:00,lstm_regression,0.08587261
G00001,2022-01-05 06:00:00+00:00,lstm_regression,0.20213927
G00001,2022-01-05 07:00:00+00:00,lstm_regression,0.0
G00001,2022-01-05 08:00:00+00:00,lstm_regression,0.056068383
G00001,2022-01-05 09:00:00+00:00,lstm_regression,0.2598924
G00001,2022-01-05 10:00:00+00:00,lstm_regression,0.28361124
G00001,2022-01-05 11:00:00+00:00,lstm_regression,0.019475585
G00001,2022-01-05 12:00:00+00:00,lstm_regression,0.11266204
G00001,2022-01-05 13:00:00+00:00,lstm_regression,0.011636218
G00001,2022-01-05 14:00:00+00:00,lstm_regression,0.029213643
G00001,2022-01-05 15:00:00+00:00,lstm_regression,0.028009681
G00001,2022-01-05 16:00:00+00:00,lstm_regression,0.19919746
G00001,2022-01-05 17:00:00+00:00,lstm_regression,0.20528227
G00001,2022-01-05 18:00:00+00:00,lstm_regression,0.29969287
G00001,2022-01-05 19:00:00+00:00,lstm_regression,0.19947134
G00001,2022-01-05 20:00:00+00:00,lstm_regression,0.1460344
G00001,2022-01-05 21:00:00+00:00,lstm_regression,0.0
G00001,2022-01-05 22:00:00+00:00,lstm_regression,0.20113184
G00001,2022-01-05 23:00:00+00:00,lstm_regression,0.21802102
G00001,2022-01-06 00:00:00+00:00,lstm_regression,0.4338076
G00001,2022-01-06 01:00:00+00:00,lstm_regression,0.68494195
G00001,2022-01-06 02:00:00+00:00,lstm_regression,0.84835094
G00001,2022-01-06 03:00:00+00:00,lstm_regression,1.2084634
G00001,2022-01-06 04:00:00+00:00,lstm_regression,1.3656735
G00001,2022-01-06 05:00:00+00:00,lstm_regression,2.0957398
G00001,2022-01-06 06:00:00+00:00,lstm_regression,2.1253548
G00001,2022-01-06 07:00:00+00:00,lstm_regression,2.582119
G00001,2022-01-06 08:00:00+00:00,lstm_regression,2.0537612
G00001,2022-01-06 09:00:00+00:00,lstm_regression,1.0932056
G00001,2022-01-06 10:00:00+00:00,lstm_regression,0.5037827
G00001,2022-01-06 11:00:00+00:00,lstm_regression,0.6195171
G00001,2022-01-06 12:00:00+00:00,lstm_regression,0.39449757
G00001,2022-01-06 13:00:00+00:00,lstm_regression,0.5860056
G00001,2022-01-06 14:00:00+00:00,lstm_regression,0.2837018
G00001,2022-01-06 15:00:00+00:00,lstm_regression,0.09203
G00001,2022-01-06 16:00:00+00:00,lstm_regression,0.0
G00001,2022-01-06 17:00:00+00:00,lstm_regression,0.0
G00001,2022-01-06 18:00:00+00:00,lstm_regression,0.22767474
G00001,2022-01-06 19:00:00+00:00,lstm_regression,0.130407
G00001,2022-01-06 20:00:00+00:00,lstm_regression,0.27808014
G00001,2022-01-06 21:00:00+00:00,lstm_regression,0.18560635
G00001,2022-01-06 22:00:00+00:00,lstm_regression,0.45450085
G00001,2022-01-06 23:00:00+00:00,lstm_regression,0.7382972
G00001,2022-01-07 00:00:00+00:00,lstm_regression,1.2764521
G00001,2022-01-07 01:00:00+00:00,lstm_regression,0.33710223
G00001,2022-01-07 02:00:00+00:00,lstm_regression,0.24162038
G00001,2022-01-07 03:00:00+00:00,lstm_regression,0.15113889
G00001,2022-01-07 04:00:00+00:00,lstm_regression,0.38264802
G00001,2022-01-07 05:00:00+00:00,lstm_regression,0.3057028
G00001,2022-01-07 06:00:00+00:00,lstm_regression,0.5353757
G00001,2022-01-07 07:00:00+00:00,lstm_regression,0.25344503
G00001,2022-01-07 08:00:00+00:00,lstm_regression,0.535035
G00001,2022-01-07 09:00:00+00:00,lstm_regression,0.026339194
G00001,2022-01-07 10:00:00+00:00,lstm_regression,0.11268144
G00001,2022-01-07 11:00:00+00:00,lstm_regression,0.0
G00001,2022-01-07 12:00:00+00:00,lstm_regression,0.0
G00001,2022-01-07 13:00:00+00:00,lstm_regression,0.0
G00001,2022-01-07 14:00:00+00:00,lstm_regression,0.0
G00001,2022-01-07 15:00:00+00:00,lstm_regression,0.0
G00001,2022-01-07 16:00:00+00:00,lstm_regression,0.15749025
G00001,2022-01-07 17:00:00+00:00,lstm_regression,0.20465301
G00001,2022-01-07 18:00:00+00:00,lstm_regression,0.15932368
G00001,2022-01-07 19:00:00+00:00,lstm_regression,0.039170645
G00001,2022-01-07 20:00:00+00:00,lstm_regression,0.0796654
G00001,2022-01-07 21:00:00+00:00,lstm_regression,0.04482738
G00001,2022-01-07 22:00:00+00:00,lstm_regression,0.0
G00001,2022-01-07 23:00:00+00:00,lstm_regression,0.0
G00001,2022-01-08 00:00:00+00:00,lstm_regression,0.0
G00001,2022-01-08 01:00:00+00:00,lstm_regression,0.0
G00001,2022-01-08 02:00:00+00:00,lstm_regression,0.0
G00001,2022-01-08 03:00:00+00:00,lstm_regression,0.26149812
G00001,2022-01-08 04:00:00+00:00,lstm_regression,0.26280153
G00001,2022-01-08 05:00:00+00:00,lstm_regression,0.31665564
G00001,2022-01-08 06:00:00+00:00,lstm_regression,0.31930688
G00001,2022-01-08 07:00:00+00:00,lstm_regression,0.16962081
G00001,2022-01-08 08:00:00+00:00,lstm_regression,0.33564925
G00001,2022-01-08 09:00:00+00:00,lstm_regression,0.5497402
G00001,2022-01-08 10:00:00+00:00,lstm_regression,0.560993
G00001,2022-01-08 11:00:00+00:00,lstm_regression,0.68895847
G00001,2022-01-08 12:00:00+00:00,lstm_regression,0.3108316
G00001,2022-01-08 13:00:00+00:00,lstm_regression,0.17197384
G00001,2022-01-08 14:00:00+00:00,lstm_regression,0.0
G00001,2022-01-08 15:00:00+00:00,lstm_regression,0.0
G00001,2022-01-08 16:00:00+00:00,lstm_regression,0.06731119
G00001,2022-01-08 17:00:00+00:00,lstm_regression,0.0
G00001,2022-01-08 18:00:00+00:00,lstm_regression,0.1728507
G00001,2022-01-08 19:00:00+00:00,lstm_regression,0.0
G00001,2022-01-08 20:00:00+00:00,lstm_regression,0.0
G00001,2022-01-08 21:00:00+00:00,lstm_regression,0.0
G00001,2022-01-08 22:00:00+00:00,lstm_regression,0.0
G00001,2022-01-08 23:00:00+00:00,lstm_regression,0.23219521
G00001,2022-01-09 00:00:00+00:00,lstm_regression,0.15637447
G00001,2022-01-09 01:00:00+00:00,lstm_regression,0.26306534
G00001,2022-01-09 02:00:00+00:00,lstm_regression,0.405075
G00001,2022-01-09 03:00:00+00:00,lstm_regression,0.26318148
G00001,2022-01-09 04:00:00+00:00,lstm_regression,0.4906832
G00001,2022-01-09 05:00:00+00:00,lstm_regression,0.5505798
G00001,2022-01-09 06:00:00+00:00,lstm_regression,0.26232573
G00001,2022-01-09 07:00:00+00:00,lstm_regression,0.07049065
G00001,2022-01-09 08:00:00+00:00,lstm_regression,0.06295385
G00001,2022-01-09 09:00:00+00:00,lstm_regression,0.15152209
G00001,2022-01-09 10:00:00+00:00,lstm_regression,0.0
G00001,2022-01-09 11:00:00+00:00,lstm_regression,0.0
G00001,2022-01-09 12:00:00+00:00,lstm_regression,0.0
G00001,2022-01-09 13:00:00+00:00,lstm_regression,0.0
G00001,2022-01-09 14:00:00+00:00,lstm_regression,0.0
G00001,2022-01-09 15:00:00+00:00,lstm_regression,0.00023300014
G00001,2022-01-09 16:00:00+00:00,lstm_regression,0.26913235
G00001,2022-01-09 17:00:00+00:00,lstm_regression,0.19529578
G00001,2022-01-09 18:00:00+00:00,lstm_regression,0.23946439
G00001,2022-01-09 19:00:00+00:00,lstm_regression,0.1964411
G00001,2022-01-09 20:00:00+00:00,lstm_regression,0.23266873
G00001,2022-01-09 21:00:00+00:00,lstm_regression,0.30450645
G00001,2022-01-09 22:00:00+00:00,lstm_regression,0.26254478
G00001,2022-01-09 23:00:00+00:00,lstm_regression,0.55258995
G00001,2022-01-10 00:00:00+00:00,lstm_regression,1.0698782
G00001,2022-01-10 01:00:00+00:00,lstm_regression,0.83056337
G00001,2022-01-10 02:00:00+00:00,lstm_regression,0.40177435
G00001,2022-01-10 03:00:00+00:00,lstm_regression,0.24742745
G00001,2022-01-10 04:00:00+00:00,lstm_regression,0.31224167
G00001,2022-01-10 05:00:00+00:00,lstm_regression,0.22944641
G00001,2022-01-10 06:00:00+00:00,lstm_regression,0.3366379
G00001,2022-01-10 07:00:00+00:00,lstm_regression,0.091421366
G00001,2022-01-10 08:00:00+00:00,lstm_regression,0.114214934
G00001,2022-01-10 09:00:00+00:00,lstm_regression,0.1264966
G00001,2022-01-10 10:00:00+00:00,lstm_regression,0.30811244
G00001,2022-01-10 11:00:00+00:00,lstm_regression,0.09879097
G00001,2022-01-10 12:00:00+00:00,lstm_regression,0.0
G00001,2022-01-10 13:00:00+00:00,lstm_regression,0.0
G00001,2022-01-10 14:00:00+00:00,lstm_regression,0.0
G00001,2022-01-10 15:00:00+00:00,lstm_regression,0.0
G00001,2022-01-10 16:00:00+00:00,lstm_regression,0.09616654
G00001,2022-01-10 17:00:00+00:00,lstm_regression,0.04542412
G00001,2022-01-10 18:00:00+00:00,lstm_regression,0.08848355
G00001,2022-01-10 19:00:00+00:00,lstm_regression,0.20760739
G00001,2022-01-10 20:00:00+00:00,lstm_regression,0.23937844
G00001,2022-01-10 21:00:00+00:00,lstm_regression,0.10759107
G00001,2022-01-10 22:00:00+00:00,lstm_regression,0.0
G00001,2022-01-10 23:00:00+00:00,lstm_regression,0.28556418
G00001,2022-01-11 00:00:00+00:00,lstm_regression,0.60932153
G00001,2022-01-11 01:00:00+00:00,lstm_regression,0.4488843
G00001,2022-01-11 02:00:00+00:00,lstm_regression,0.5650487
G00001,2022-01-11 03:00:00+00:00,lstm_regression,0.651013
G00001,2022-01-11 04:00:00+00:00,lstm_regression,1.0413737
G00001,2022-01-11 05:00:00+00:00,lstm_regression,1.247412
G00001,2022-01-11 06:00:00+00:00,lstm_regression,0.4385169
G00001,2022-01-11 07:00:00+00:00,lstm_regression,0.16058983
G00001,2022-01-11 08:00:00+00:00,lstm_regression,0.0
G00001,2022-01-11 09:00:00+00:00,lstm_regression,0.13288829
G00001,2022-01-11 10:00:00+00:00,lstm_regression,0.0
G00001,2022-01-11 11:00:00+00:00,lstm_regression,0.0
G00001,2022-01-11 12:00:00+00:00,lstm_regression,0.16849354
G00001,2022-01-11 13:00:00+00:00,lstm_regression,0.12266993
G00001,2022-01-11 14:00:00+00:00,lstm_regression,0.0
G00001,2022-01-11 15:00:00+00:00,lstm_regression,0.0
G00001,2022-01-11 16:00:00+00:00,lstm_regression,0.01888605
G00001,2022-01-11 17:00:00+00:00,lstm_regression,0.18064636
G00001,2022-01-11 18:00:00+00:00,lstm_regression,0.20437784
G00001,2022-01-11 19:00:00+00:00,lstm_regression,0.14312433
G00001,2022-01-11 20:00:00+00:00,lstm_regression,0.27071074
G00001,2022-01-11 21:00:00+00:00,lstm_regression,0.09437453
G00001,2022-01-11 22:00:00+00:00,lstm_regression,0.0
G00001,2022-01-11 23:00:00+00:00,lstm_regression,0.21950005
G00001,2022-01-12 00:00:00+00:00,lstm_regression,0.55580676
G00001,2022-01-12 01:00:00+00:00,lstm_regression,0.7973968
G00001,2022-01-12 02:00:00+00:00,lstm_regression,0.48051944
G00001,2022-01-12 03:00:00+00:00,lstm_regression,0.34839058
G00001,2022-01-12 04:00:00+00:00,lstm_regression,0.11143131
G00001,2022-01-12 05:00:00+00:00,lstm_regression,0.2162101
G00001,2022-01-12 06:00:00+00:00,lstm_regression,0.82175845
G00001,2022-01-12 07:00:00+00:00,lstm_regression,1.2336824
G00001,2022-01-12 08:00:00+00:00,lstm_regression,1.9250212
G00001,2022-01-12 09:00:00+00:00,lstm_regression,0.91932386
G00001,2022-01-12 10:00:00+00:00,lstm_regression,0.34204432
G00001,2022-01-12 11:00:00+00:00,lstm_regression,0.4598929
G00001,2022-01-12 12:00:00+00:00,lstm_regression,0.5956724
G00001,2022-01-12 13:00:00+00:00,lstm_regression,0.47625017
G00001,2022-01-12 14:00:00+00:00,lstm_regression,0.5670069
G00001,2022-01-12 15:00:00+00:00,lstm_regression,0.46580562
G00001,2022-01-12 16:00:00+00:00,lstm_regression,0.32905957
G00001,2022-01-12 17:00:00+00:00,lstm_regression,0.4492085
G00001,2022-01-12 18:00:00+00:00,lstm_regression,0.49734557
G00001,2022-01-12 19:00:00+00:00,lstm_regression,0.910648
G00001,2022-01-12 20:00:00+00:00,lstm_regression,1.1687665
G00001,2022-01-12 21:00:00+00:00,lstm_regression,0.21928906
G00001,2022-01-12 22:00:00+00:00,lstm_regression,0.19739431
G00001,2022-01-12 23:00:00+00:00,lstm_regression,0.022688752
G00001,2022-01-13 00:00:00+00:00,lstm_regression,0.5288792
G00001,2022-01-13 01:00:00+00:00,lstm_regression,0.06616816
G00001,2022-01-13 02:00:00+00:00,lstm_regression,0.106661715
G00001,2022-01-13 03:00:00+00:00,lstm_regression,0.08175992
G00001,2022-01-13 04:00:00+00:00,lstm_regression,0.30810225
G00001,2022-01-13 05:00:00+00:00,lstm_regression,0.38137218
G00001,2022-01-13 06:00:00+00:00,lstm_regression,0.7413988
G00001,2022-01-13 07:00:00+00:00,lstm_regression,0.4107405
G00001,2022-01-13 08:00:00+00:00,lstm_regression,0.47194704
G00001,2022-01-13 09:00:00+00:00,lstm_regression,0.0
G00001,2022-01-13 12:00:00+00:00,lstm_regression,0.12621592
G00001,2022-01-13 15:00:00+00:00,lstm_regression,0.0
G00001,2022-01-13 18:00:00+00:00,lstm_regression,0.0
G00001,2022-01-13 20:00:00+00:00,lstm_regression,0.0
G00001,2022-01-13 21:00:00+00:00,lstm_regression,0.0
G00001,2022-01-13 23:00:00+00:00,lstm_regression,0.0
G00001,2022-01-14 00:00:00+00:00,lstm_regression,0.026858142
G00001,2022-01-14 02:00:00+00:00,lstm_regression,0.27740547
G00001,2022-01-14 03:00:00+00:00,lstm_regression,0.39643735
G00001,2022-01-14 05:00:00+00:00,lstm_regression,0.34783566
G00001,2022-01-14 06:00:00+00:00,lstm_regression,0.33507308
G00001,2022-01-14 07:00:00+00:00,lstm_regression,0.47746077
G00001,2022-01-14 08:00:00+00:00,lstm_regression,0.32130143
G00001,2022-01-14 09:00:00+00:00,lstm_regression,0.18124916
G00001,2022-01-14 11:00:00+00:00,lstm_regression,0.0006532129
G00001,2022-01-14 12:00:00+00:00,lstm_regression,0.06419305
G00001,2022-01-14 14:00:00+00:00,lstm_regression,0.0
G00001,2022-01-14 15:00:00+00:00,lstm_regression,0.0
G00001,2022-01-14 17:00:00+00:00,lstm_regression,0.005408665
G00001,2022-01-14 18:00:00+00:00,lstm_regression,0.0
G00001,2022-01-14 19:00:00+00:00,lstm_regression,0.0
G00001,2022-01-14 20:00:00+00:00,lstm_regression,0.034152173
G00001,2022-01-14 21:00:00+00:00,lstm_regression,0.08007077
G00001,2022-01-14 22:00:00+00:00,lstm_regression,0.3590545
G00001,2022-01-14 23:00:00+00:00,lstm_regression,0.4242621
G00001,2022-01-15 00:00:00+00:00,lstm_regression,0.48221636
G00001,2022-01-15 01:00:00+00:00,lstm_regression,0.7381025
G00001,2022-01-15 02:00:00+00:00,lstm_regression,0.92550796
G00001,2022-01-15 03:00:00+00:00,lstm_regression,1.2294233
G00001,2022-01-15 04:00:00+00:00,lstm_regression,0.6015176
G00001,2022-01-15 05:00:00+00:00,lstm_regression,0.40371966
G00001,2022-01-15 06:00:00+00:00,lstm_regression,0.19152175
G00001,2022-01-15 07:00:00+00:00,lstm_regression,0.0828615
G00001,2022-01-15 08:00:00+00:00,lstm_regression,0.42970952
G00001,2022-01-15 09:00:00+00:00,lstm_regression,0.16384016
G00001,2022-01-15 10:00:00+00:00,lstm_regression,0.022451514
G00001,2022-01-15 11:00:00+00:00,lstm_regression,0.0
G00001,2022-01-15 12:00:00+00:00,lstm_regression,0.0
G00001,2022-01-15 13:00:00+00:00,lstm_regression,0.0
G00001,2022-01-15 14:00:00+00:00,lstm_regression,0.0
G00001,2022-01-15 15:00:00+00:00,lstm_regression,0.0
G00001,2022-01-15 16:00:00+00:00,lstm_regression,0.0
G00001,2022-01-15 17:00:00+00:00,lstm_regression,0.0
G00001,2022-01-15 18:00:00+00:00,lstm_regression,0.015322546
G00001,2022-01-15 19:00:00+00:00,lstm_regression,0.087471634
G00001,2022-01-15 20:00:00+00:00,lstm_regression,0.12650363
G00001,2022-01-15 21:00:00+00:00,lstm_regression,0.13636273
G00001,2022-01-15 22:00:00+00:00,lstm_regression,0.346724
G00001,2022-01-15 23:00:00+00:00,lstm_regression,0.10069267
G00001,2022-01-16 00:00:00+00:00,lstm_regression,0.07091092
G00001,2022-01-16 01:00:00+00:00,lstm_regression,0.36758223
G00001,2022-01-16 02:00:00+00:00,lstm_regression,0.2526607
G00001,2022-01-16 03:00:00+00:00,lstm_regression,0.44784212
G00001,2022-01-16 04:00:00+00:00,lstm_regression,0.3985094
G00001,2022-01-16 05:00:00+00:00,lstm_regression,0.56259614
G00001,2022-01-16 06:00:00+00:00,lstm_regression,0.3503464
G00001,2022-01-16 07:00:00+00:00,lstm_regression,0.3038252
G00001,2022-01-16 08:00:00+00:00,lstm_regression,0.28100592
G00001,2022-01-16 09:00:00+00:00,lstm_regression,0.33979234
G00001,2022-01-16 10:00:00+00:00,lstm_regression,0.038662553
G00001,2022-01-16 11:00:00+00:00,lstm_regression,0.0
G00001,2022-01-16 12:00:00+00:00,lstm_regression,0.14088555
G00001,2022-01-16 13:00:00+00:00,lstm_regression,0.11910819
G00001,2022-01-16 14:00:00+00:00,lstm_regression,0.13726614
G00001,2022-01-16 15:00:00+00:00,lstm_regression,0.026526397
G00001,2022-01-16 16:00:00+00:00,lstm_regression,0.065218486
G00001,2022-01-16 17:00:00+00:00,lstm_regression,0.0
G00001,2022-01-16 18:00:00+00:00,lstm_regression,0.13495576
G00001,2022-01-16 19:00:00+00:00,lstm_regression,0.117132984
G00001,2022-01-16 20:00:00+00:00,lstm_regression,0.027622467
G00001,2022-01-16 21:00:00+00:00,lstm_regression,0.36145857
G00001,2022-01-16 22:00:00+00:00,lstm_regression,0.45780337
G00001,2022-01-16 23:00:00+00:00,lstm_regression,0.24588014
G00001,2022-01-17 00:00:00+00:00,lstm_regression,0.51636356
G00001,2022-01-17 01:00:00+00:00,lstm_regression,0.05836176
G00001,2022-01-17 02:00:00+00:00,lstm_regression,0.10203301
G00001,2022-01-17 03:00:00+00:00,lstm_regression,0.5306331
G00001,2022-01-17 04:00:00+00:00,lstm_regression,0.84229153
G00001,2022-01-17 05:00:00+00:00,lstm_regression,0.52504694
G00001,2022-01-17 06:00:00+00:00,lstm_regression,0.4167408
G00001,2022-01-17 07:00:00+00:00,lstm_regression,0.13184877
G00001,2022-01-17 08:00:00+00:00,lstm_regression,0.2763045
G00001,2022-01-17 09:00:00+00:00,lstm_regression,0.44760206
G00001,2022-01-17 10:00:00+00:00,lstm_regression,0.37088153
G00001,2022-01-17 11:00:00+00:00,lstm_regression,0.18556637
G00001,2022-01-17 12:00:00+00:00,lstm_regression,0.12577033
G00001,2022-01-17 13:00:00+00:00,lstm_regression,0.38392258
G00001,2022-01-17 14:00:00+00:00,lstm_regression,0.16252913
G00001,2022-01-17 15:00:00+00:00,lstm_regression,0.09967966
G00001,2022-01-17 16:00:00+00:00,lstm_regression,0.08233217
G00001,2022-01-17 17:00:00+00:00,lstm_regression,0.0
G00001,2022-01-17 18:00:00+00:00,lstm_regression,0.15664099
G00001,2022-01-17 19:00:00+00:00,lstm_regression,0.1036082
G00001,2022-01-17 20:00:00+00:00,lstm_regression,0.045996636
G00001,2022-01-17 21:00:00+00:00,lstm_regression,0.06445702
G00001,2022-01-17 22:00:00+00:00,lstm_regression,0.17740765
G00001,2022-01-17 23:00:00+00:00,lstm_regression,0.09523265
G00001,2022-01-18 00:00:00+00:00,lstm_regression,0.56621534
G00001,2022-01-18 01:00:00+00:00,lstm_regression,0.7913194
G00001,2022-01-18 02:00:00+00:00,lstm_regression,0.70396334
G00001,2022-01-18 03:00:00+00:00,lstm_regression,0.62925726
G00001,2022-01-18 04:00:00+00:00,lstm_regression,0.41234714
G00001,2022-01-18 05:00:00+00:00,lstm_regression,0.4909644
G00001,2022-01-18 06:00:00+00:00,lstm_regression,0.49247867
G00001,2022-01-18 07:00:00+00:00,lstm_regression,0.41172367
G00001,2022-01-18 08:00:00+00:00,lstm_regression,0.6804302
G00001,2022-01-18 09:00:00+00:00,lstm_regression,0.47912124
G00001,2022-01-18 10:00:00+00:00,lstm_regression,0.649915
G00001,2022-01-18 11:00:00+00:00,lstm_regression,0.20535292
G00001,2022-01-18 12:00:00+00:00,lstm_regression,0.027574489
G00001,2022-01-18 13:00:00+00:00,lstm_regression,0.0
G00001,2022-01-18 14:00:00+00:00,lstm_regression,0.06971754
G00001,2022-01-18 15:00:00+00:00,lstm_regression,0.085895784
G00001,2022-01-18 16:00:00+00:00,lstm_regression,0.0
G00001,2022-01-18 17:00:00+00:00,lstm_regression,0.096956074
G00001,2022-01-18 18:00:00+00:00,lstm_regression,0.13182507
G00001,2022-01-18 19:00:00+00:00,lstm_regression,0.053324
G00001,2022-01-18 20:00:00+00:00,lstm_regression,0.12928782
G00001,2022-01-18 21:00:00+00:00,lstm_regression,0.1393433
G00001,2022-01-18 22:00:00+00:00,lstm_regression,0.11426469
G00001,2022-01-18 23:00:00+00:00,lstm_regression,0.33342814
G00001,2022-01-19 00:00:00+00:00,lstm_regression,0.51612353
G00001,2022-01-19 01:00:00+00:00,lstm_regression,0.8345326
G00001,2022-01-19 02:00:00+00:00,lstm_regression,0.85402715
G00001,2022-01-19 03:00:00+00:00,lstm_regression,1.0918477
G00001,2022-01-19 04:00:00+00:00,lstm_regression,1.1164881
G00001,2022-01-19 05:00:00+00:00,lstm_regression,1.1668284
G00001,2022-01-19 06:00:00+00:00,lstm_regression,1.2093492
G00001,2022-01-19 07:00:00+00:00,lstm_regression,0.64891475
G00001,2022-01-19 08:00:00+00:00,lstm_regression,0.64386743
G00001,2022-01-19 09:00:00+00:00,lstm_regression,0.55308247
G00001,2022-01-19 10:00:00+00:00,lstm_regression,0.59788257
G00001,2022-01-19 11:00:00+00:00,lstm_regression,0.28378427
G00001,2022-01-19 12:00:00+00:00,lstm_regression,0.39104423
G00001,2022-01-19 13:00:00+00:00,lstm_regression,0.0
G00001,2022-01-19 14:00:00+00:00,lstm_regression,0.0
G00001,2022-01-19 15:00:00+00:00,lstm_regression,0.0
G00001,2022-01-19 16:00:00+00:00,lstm_regression,0.0
G00001,2022-01-19 17:00:00+00:00,lstm_regression,0.0
G00001,2022-01-19 18:00:00+00:00,lstm_regression,0.0
G00001,2022-01-19 19:00:00+00:00,lstm_regression,0.0
G00001,2022-01-19 20:00:00+00:00,lstm_regression,0.0
G00001,2022-01-19 21:00:00+00:00,lstm_regression,0.06694482
G00001,2022-01-19 22:00:00+00:00,lstm_regression,0.36656153
G00001,2022-01-19 23:00:00+00:00,lstm_regression,0.30515173
G00001,2022-01-20 00:00:00+00:00,lstm_regression,0.9660767
G00001,2022-01-20 01:00:00+00:00,lstm_regression,1.320056
G00001,2022-01-20 02:00:00+00:00,lstm_regression,1.5347625
G00001,2022-01-20 03:00:00+00:00,lstm_regression,1.6290083
G00001,2022-01-20 04:00:00+00:00,lstm_regression,1.6506956
G00001,2022-01-20 05:00:00+00:00,lstm_regression,1.025682
G00001,2022-01-20 06:00:00+00:00,lstm_regression,1.0307767
G00001,2022-01-20 07:00:00+00:00,lstm_regression,1.0398343
G00001,2022-01-20 08:00:00+00:00,lstm_regression,0.67705697
G00001,2022-01-20 09:00:00+00:00,lstm_regression,0.7639131
G00001,2022-01-20 10:00:00+00:00,lstm_regression,0.528605
G00001,2022-01-20 11:00:00+00:00,lstm_regression,0.50539315
G00001,2022-01-20 12:00:00+00:00,lstm_regression,0.71756566
G00001,2022-01-20 13:00:00+00:00,lstm_regression,0.385639
G00001,2022-01-20 14:00:00+00:00,lstm_regression,0.38581842
G00001,2022-01-20 15:00:00+00:00,lstm_regression,0.52576506
G00001,2022-01-20 16:00:00+00:00,lstm_regression,0.7806143
G00001,2022-01-20 17:00:00+00:00,lstm_regression,0.47038206
G00001,2022-01-20 18:00:00+00:00,lstm_regression,0.57177186
G00001,2022-01-20 19:00:00+00:00,lstm_regression,0.279951
G00001,2022-01-20 20:00:00+00:00,lstm_regression,0.60666424
G00001,2022-01-20 21:00:00+00:00,lstm_regression,0.8967382
G00001,2022-01-20 22:00:00+00:00,lstm_regression,0.7521614
G00001,2022-01-20 23:00:00+00:00,lstm_regression,0.62981343
G00001,2022-01-21 00:00:00+00:00,lstm_regression,0.60497874
G00001,2022-01-21 01:00:00+00:00,lstm_regression,0.5294431
G00001,2022-01-21 02:00:00+00:00,lstm_regression,0.76565886
G00001,2022-01-21 03:00:00+00:00,lstm_regression,0.73609096
G00001,2022-01-21 04:00:00+00:00,lstm_regression,0.93152577
G00001,2022-01-21 05:00:00+00:00,lstm_regression,1.083057
G00001,2022-01-21 06:00:00+00:00,lstm_regression,1.0108125
G00001,2022-01-21 07:00:00+00:00,lstm_regression,0.43053573
G00001,2022-01-21 08:00:00+00:00,lstm_regression,0.33568332
G00001,2022-01-21 09:00:00+00:00,lstm_regression,0.41723716
G00001,2022-01-21 10:00:00+00:00,lstm_regression,0.2100185
G00001,2022-01-21 11:00:00+00:00,lstm_regression,0.1839605
G00001,2022-01-21 12:00:00+00:00,lstm_regression,0.088206835
G00001,2022-01-21 13:00:00+00:00,lstm_regression,0.36949942
G00001,2022-01-21 14:00:00+00:00,lstm_regression,0.35968232
G00001,2022-01-21 15:00:00+00:00,lstm_regression,0.11691608
G00001,2022-01-21 16:00:00+00:00,lstm_regression,0.095413834
G00001,2022-01-21 17:00:00+00:00,lstm_regression,0.2427179
G00001,2022-01-21 18:00:00+00:00,lstm_regression,0.27580267
G00001,2022-01-21 19:00:00+00:00,lstm_regression,0.054626726
G00002,2022-01-02 00:00:00+00:00,lstm_regression,0.5031864
G00002,2022-01-02 01:00:00+00:00,lstm_regression,0.4746286
G00002,2022-01-02 02:00:00+00:00,lstm_regression,0.25983617
G00002,2022-01-02 03:00:00+00:00,lstm_regression,0.45299292
G00002,2022-01-02 04:00:00+00:00,lstm_regression,0.41906607
G00002,2022-01-02 05:00:00+00:00,lstm_regression,0.24248521
G00002,2022-01-02 06:00:00+00:00,lstm_regression,0.4337521
G00002,2022-01-02 07:00:00+00:00,lstm_regression,0.16334601
G00002,2022-01-02 08:00:00+00:00,lstm_regression,0.12970267
G00002,2022-01-02 09:00:00+00:00,lstm_regression,0.09489177
G00002,2022-01-02 10:00:00+00:00,lstm_regression,0.03907784
G00002,2022-01-02 11:00:00+00:00,lstm_regression,0.0
G00002,2022-01-02 12:00:00+00:00,lstm_regression,0.0
G00002,2022-01-02 13:00:00+00:00,lstm_regression,0.012598103
G00002,2022-01-02 14:00:00+00:00,lstm_regression,0.07845298
G00002,2022-01-02 15:00:00+00:00,lstm_regression,0.1494538
G00002,2022-01-02 16:00:00+00:00,lstm_regression,0.0
G00002,2022-01-02 17:00:00+00:00,lstm_regression,0.0034663659
G00002,2022-01-02 18:00:00+00:00,lstm_regression,0.016604675
G00002,2022-01-02 19:00:00+00:00,lstm_regression,0.009306541
G00002,2022-01-02 20:00:00+00:00,lstm_regression,0.0
G00002,2022-01-02 21:00:00+00:00,lstm_regression,0.0
G00002,2022-01-02 22:00:00+00:00,lstm_regression,0.122355215
G00002,2022-01-02 23:00:00+00:00,lstm_regression,0.3380525
G00002,2022-01-03 00:00:00+00:00,lstm_regression,0.36937025
G00002,2022-01-03 01:00:00+00:00,lstm_regression,0.41998506
G00002,2022-01-03 02:00:00+00:00,lstm_regression,0.41125894
G00002,2022-01-03 03:00:00+00:00,lstm_regression,0.61175764
G00002,2022-01-03 04:00:00+00:00,lstm_regression,0.5243078
G00002,2022-01-03 05:00:00+00:00,lstm_regression,0.1307519
G00002,2022-01-03 06:00:00+00:00,lstm_regression,0.0
G00002,2022-01-03 09:00:00+00:00,lstm_regression,0.22723967
G00002,2022-01-03 11:00:00+00:00,lstm_regression,0.08454062
G00002,2022-01-03 12:00:00+00:00,lstm_regression,0.16716371
G00002,2022-01-03 14:00:00+00:00,lstm_regression,0.13548763
G00002,2022-01-03 15:00:00+00:00,lstm_regression,0.055591226
G00002,2022-01-03 16:00:00+00:00,lstm_regression,0.08541717
G00002,2022-01-03 17:00:00+00:00,lstm_regression,0.114765964
G00002,2022-01-03 18:00:00+00:00,lstm_regression,0.19081402
G00002,2022-01-03 20:00:00+00:00,lstm_regression,0.18209128
G00002,2022-01-03 21:00:00+00:00,lstm_regression,0.0115100425
G00002,2022-01-03 22:00:00+00:00,lstm_regression,0.071899794
G00002,2022-01-03 23:00:00+00:00,lstm_regression,0.012229038
G00002,2022-01-04 00:00:00+00:00,lstm_regression,0.053131178
G00002,2022-01-04 01:00:00+00:00,lstm_regression,0.09898984
G00002,2022-01-04 02:00:00+00:00,lstm_regression,0.34840167
G00002,2022-01-04 03:00:00+00:00,lstm_regression,0.26027375
G00002,2022-01-04 04:00:00+00:00,lstm_regression,0.3008394
G00002,2022-01-04 05:00:00+00:00,lstm_regression,0.1451227
G00002,2022-01-04 06:00:00+00:00,lstm_regression,0.052282356
G00002,2022-01-04 08:00:00+00:00,lstm_regression,0.22164904
G00002,2022-01-04 09:00:00+00:00,lstm_regression,0.2760686
G00002,2022-01-04 10:00:00+00:00,lstm_regression,0.027343368
G00002,2022-01-04 11:00:00+00:00,lstm_regression,0.12257124
G00002,2022-01-04 12:00:00+00:00,lstm_regression,0.12450793
G00002,2022-01-04 13:00:00+00:00,lstm_regression,0.19901323
G00002,2022-01-04 14:00:00+00:00,lstm_regression,0.23627357
G00002,2022-01-04 15:00:00+00:00,lstm_regression,0.32971635
G00002,2022-01-04 16:00:00+00:00,lstm_regression,0.08904326
G00002,2022-01-04 17:00:00+00:00,lstm_regression,0.017759291
G00002,2022-01-04 18:00:00+00:00,lstm_regression,0.18063892
G00002,2022-01-04 19:00:00+00:00,lstm_regression,0.08611119
G00002,2022-01-04 20:00:00+00:00,lstm_regression,0.43348408
G00002,2022-01-04 21:00:00+00:00,lstm_regression,0.23729171
G00002,2022-01-04 22:00:00+00:00,lstm_regression,0.6236471
G00002,2022-01-04 23:00:00+00:00,lstm_regression,0.8009807
G00002,2022-01-05 00:00:00+00:00,lstm_regression,1.3326743
G00002,2022-01-05 01:00:00+00:00,lstm_regression,2.247268
G00002,2022-01-05 02:00:00+00:00,lstm_regression,1.8471348
G00002,2022-01-05 03:00:00+00:00,lstm_regression,1.7864482
G00002,2022-01-05 04:00:00+00:00,lstm_regression,1.3585498
G00002,2022-01-05 05:00:00+00:00,lstm_regression,1.3670862
G00002,2022-01-05 06:00:00+00:00,lstm_regression,0.814617
G00002,2022-01-05 07:00:00+00:00,lstm_regression,0.7975804
G00002,2022-01-05 08:00:00+00:00,lstm_regression,0.95567745
G00002,2022-01-05 09:00:00+00:00,lstm_regression,0.56563574
G00002,2022-01-05 10:00:00+00:00,lstm_regression,0.3264575
G00002,2022-01-05 11:00:00+00:00,lstm_regression,0.33123106
G00002,2022-01-05 12:00:00+00:00,lstm_regression,0.31699127
G00002,2022-01-05 13:00:00+00:00,lstm_regression,0.1989248
G00002,2022-01-05 14:00:00+00:00,lstm_regression,0.42667496
G00002,2022-01-05 15:00:00+00:00,lstm_regression,0.26039964
G00002,2022-01-05 16:00:00+00:00,lstm_regression,0.07326433
G00002,2022-01-05 17:00:00+00:00,lstm_regression,0.0
G00002,2022-01-05 18:00:00+00:00,lstm_regression,0.05505076
G00002,2022-01-05 19:00:00+00:00,lstm_regression,0.30459043
G00002,2022-01-05 20:00:00+00:00,lstm_regression,0.49862802
G00002,2022-01-05 21:00:00+00:00,lstm_regression,0.17167465
G00002,2022-01-05 22:00:00+00:00,lstm_regression,0.6992276
G00002,2022-01-05 23:00:00+00:00,lstm_regression,0.5067249
G00002,2022-01-06 00:00:00+00:00,lstm_regression,0.961923
G00002,2022-01-06 01:00:00+00:00,lstm_regression,0.44820186
G00002,2022-01-06 02:00:00+00:00,lstm_regression,0.65401196
G00002,2022-01-06 03:00:00+00:00,lstm_regression,0.3835816
G00002,2022-01-06 04:00:00+00:00,lstm_regression,0.2292696
G00002,2022-01-06 05:00:00+00:00,lstm_regression,0.21275996
G00002,2022-01-06 06:00:00+00:00,lstm_regression,0.61260045
G00002,2022-01-06 07:00:00+00:00,lstm_regression,0.67213565
G00002,2022-01-06 08:00:00+00:00,lstm_regression,0.93958443
G00002,2022-01-06 09:00:00+00:00,lstm_regression,0.67339486
G00002,2022-01-06 10:00:00+00:00,lstm_regression,0.62170166
G00002,2022-01-06 13:00:00+00:00,lstm_regression,0.48761815
G00002,2022-01-06 15:00:00+00:00,lstm_regression,0.36719877
G00002,2022-01-06 16:00:00+00:00,lstm_regression,0.56867737
G00002,2022-01-06 18:00:00+00:00,lstm_regression,0.37566137
G00002,2022-01-06 19:00:00+00:00,lstm_regression,0.14760032
G00002,2022-01-06 20:00:00+00:00,lstm_regression,0.2150133
G00002,2022-01-06 21:00:00+00:00,lstm_regression,0.35959
G00002,2022-01-06 22:00:00+00:00,lstm_regression,0.48793203
G00002,2022-01-07 00:00:00+00:00,lstm_regression,0.554326
G00002,2022-01-07 01:00:00+00:00,lstm_regression,0.928451
G00002,2022-01-07 02:00:00+00:00,lstm_regression,0.68606216
G00002,2022-01-07 03:00:00+00:00,lstm_regression,0.86088914
G00002,2022-01-07 04:00:00+00:00,lstm_regression,1.2440605
G00002,2022-01-07 05:00:00+00:00,lstm_regression,1.080941
G00002,2022-01-07 06:00:00+00:00,lstm_regression,1.4778236
G00002,2022-01-07 07:00:00+00:00,lstm_regression,1.0949442
G00002,2022-01-07 08:00:00+00:00,lstm_regression,0.30937833
G00002,2022-01-07 09:00:00+00:00,lstm_regression,0.2785311
G00002,2022-01-07 10:00:00+00:00,lstm_regression,0.10031683
G00002,2022-01-07 12:00:00+00:00,lstm_regression,0.0
G00002,2022-01-07 13:00:00+00:00,lstm_regression,0.107236855
G00002,2022-01-07 14:00:00+00:00,lstm_regression,0.10469464
G00002,2022-01-07 15:00:00+00:00,lstm_regression,0.0
G00002,2022-01-07 16:00:00+00:00,lstm_regression,0.0
G00002,2022-01-07 17:00:00+00:00,lstm_regression,0.1177566
G00002,2022-01-07 18:00:00+00:00,lstm_regression,0.11140264
G00002,2022-01-07 19:00:00+00:00,lstm_regression,0.030474065
G00002,2022-01-07 20:00:00+00:00,lstm_regression,0.079211704
G00002,2022-01-07 21:00:00+00:00,lstm_regression,0.11179759
G00002,2022-01-07 22:00:00+00:00,lstm_regression,0.3098042
G00002,2022-01-07 23:00:00+00:00,lstm_regression,0.51050955
G00002,2022-01-08 00:00:00+00:00,lstm_regression,0.46156925
G00002,2022-01-08 01:00:00+00:00,lstm_regression,0.6856624
G00002,2022-01-08 02:00:00+00:00,lstm_regression,0.035304964
G00002,2022-01-08 03:00:00+00:00,lstm_regression,0.1699844
G00002,2022-01-08 04:00:00+00:00,lstm_regression,0.042517282
G00002,2022-01-08 05:00:00+00:00,lstm_regression,0.000791898
G00002,2022-01-08 06:00:00+00:00,lstm_regression,0.19336425
G00002,2022-01-08 07:00:00+00:00,lstm_regression,0.2932781
G00002,2022-01-08 08:00:00+00:00,lstm_regression,0.30280983
G00002,2022-01-08 09:00:00+00:00,lstm_regression,0.46987858
G00002,2022-01-08 10:00:00+00:00,lstm_regression,0.7199212
G00002,2022-01-08 11:00:00+00:00,lstm_regression,0.57853335
G00002,2022-01-08 12:00:00+00:00,lstm_regression,0.32267624
G00002,2022-01-08 13:00:00+00:00,lstm_regression,0.44265568
G00002,2022-01-08 14:00:00+00:00,lstm_regression,0.4205382
G00002,2022-01-08 15:00:00+00:00,lstm_regression,0.21232565
G00002,2022-01-08 16:00:00+00:00,lstm_regression,0.18077737
G00002,2022-01-08 17:00:00+00:00,lstm_regression,0.1203986
G00002,2022-01-08 18:00:00+00:00,lstm_regression,0.0
G00002,2022-01-08 19:00:00+00:00,lstm_regression,0.0
G00002,2022-01-08 20:00:00+00:00,lstm_regression,0.044671975
G00002,2022-01-08 21:00:00+00:00,lstm_regression,0.0
G00002,2022-01-08 22:00:00+00:00,lstm_regression,0.0
G00002,2022-01-08 23:00:00+00:00,lstm_regression,0.0
G00002,2022-01-09 00:00:00+00:00,lstm_regression,0.07711848
G00002,2022-01-09 01:00:00+00:00,lstm_regression,0.21544786
G00002,2022-01-09 02:00:00+00:00,lstm_regression,0.31291753
G00002,2022-01-09 03:00:00+00:00,lstm_regression,0.56934637
G00002,2022-01-09 04:00:00+00:00,lstm_regression,0.5876505
G00002,2022-01-09 05:00:00+00:00,lstm_regression,0.3707748
G00002,2022-01-09 06:00:00+00:00,lstm_regression,0.14998543
G00002,2022-01-09 07:00:00+00:00,lstm_regression,0.0
G00002,2022-01-09 08:00:00+00:00,lstm_regression,0.17665468
G00002,2022-01-09 09:00:00+00:00,lstm_regression,0.03460732
G00002,2022-01-09 10:00:00+00:00,lstm_regression,0.0
G00002,2022-01-09 11:00:00+00:00,lstm_regression,0.0
G00002,2022-01-09 12:00:00+00:00,lstm_regression,0.02292399
G00002,2022-01-09 13:00:00+00:00,lstm_regression,0.0
G00002,2022-01-09 14:00:00+00:00,lstm_regression,0.0
G00002,2022-01-09 15:00:00+00:00,lstm_regression,0.23382144
G00002,2022-01-09 16:00:00+00:00,lstm_regression,0.23650293
G00002,2022-01-09 17:00:00+00:00,lstm_regression,0.19291638
G00002,2022-01-09 18:00:00+00:00,lstm_regression,0.30029967
G00002,2022-01-09 19:00:00+00:00,lstm_regression,0.30844662
G00002,2022-01-09 20:00:00+00:00,lstm_regression,0.20911066
G00002,2022-01-09 21:00:00+00:00,lstm_regression,0.49471557
G00002,2022-01-09 22:00:00+00:00,lstm_regression,0.68818027
G00002,2022-01-09 23:00:00+00:00,lstm_regression,0.78420204
G00002,2022-01-10 00:00:00+00:00,lstm_regression,1.3206782
G00002,2022-01-10 01:00:00+00:00,lstm_regression,0.2690248
G00002,2022-01-10 02:00:00+00:00,lstm_regression,0.0
G00002,2022-01-10 03:00:00+00:00,lstm_regression,0.13806914
G00002,2022-01-10 04:00:00+00:00,lstm_regression,0.31810254
G00002,2022-01-10 05:00:00+00:00,lstm_regression,0.37613255
G00002,2022-01-10 06:00:00+00:00,lstm_regression,0.28696686
G00002,2022-01-10 07:00:00+00:00,lstm_regression,0.27887958
G00002,2022-01-10 08:00:00+00:00,lstm_regression,0.5532285
G00002,2022-01-10 09:00:00+00:00,lstm_regression,0.55323285
G00002,2022-01-10 12:00:00+00:00,lstm_regression,0.07169494
G00002,2022-01-10 14:00:00+00:00,lstm_regression,0.0
G00002,2022-01-10 15:00:00+00:00,lstm_regression,0.0
G00002,2022-01-10 17:00:00+00:00,lstm_regression,0.0
G00002,2022-01-10 18:00:00+00:00,lstm_regression,0.0
G00002,2022-01-10 19:00:00+00:00,lstm_regression,0.022399565
G00002,2022-01-10 20:00:00+00:00,lstm_regression,0.0
G00002,2022-01-10 21:00:00+00:00,lstm_regression,0.117493324
G00002,2022-01-10 23:00:00+00:00,lstm_regression,0.37244707
G00002,2022-01-11 00:00:00+00:00,lstm_regression,0.28471777
G00002,2022-01-11 01:00:00+00:00,lstm_regression,0.21346472
G00002,2022-01-11 02:00:00+00:00,lstm_regression,0.7012041
G00002,2022-01-11 03:00:00+00:00,lstm_regression,0.7578482
G00002,2022-01-11 04:00:00+00:00,lstm_regression,0.8721818
G00002,2022-01-11 05:00:00+00:00,lstm_regression,1.1793158
G00002,2022-01-11 06:00:00+00:00,lstm_regression,0.94057906
G00002,2022-01-11 07:00:00+00:00,lstm_regression,0.53133583
G00002,2022-01-11 08:00:00+00:00,lstm_regression,0.34760606
G00002,2022-01-11 09:00:00+00:00,lstm_regression,0.15698084
G00002,2022-01-11 11:00:00+00:00,lstm_regression,0.45816618
G00002,2022-01-11 12:00:00+00:00,lstm_regression,0.70803404
G00002,2022-01-11 13:00:00+00:00,lstm_regression,0.64441556
G00002,2022-01-11 14:00:00+00:00,lstm_regression,0.7035952
G00002,2022-01-11 15:00:00+00:00,lstm_regression,1.1315117
G00002,2022-01-11 16:00:00+00:00,lstm_regression,0.9674334
G00002,2022-01-11 17:00:00+00:00,lstm_regression,1.0454558
G00002,2022-01-11 18:00:00+00:00,lstm_regression,1.0528923
G00002,2022-01-11 19:00:00+00:00,lstm_regression,0.39591914
G00002,2022-01-11 20:00:00+00:00,lstm_regression,0.35172778
G00002,2022-01-11 21:00:00+00:00,lstm_regression,0.77339065
G00002,2022-01-11 22:00:00+00:00,lstm_regression,0.6635411
G00002,2022-01-11 23:00:00+00:00,lstm_regression,1.1667421
G00002,2022-01-12 00:00:00+00:00,lstm_regression,1.25068
G00002,2022-01-12 01:00:00+00:00,lstm_regression,0.6789257
G00002,2022-01-12 02:00:00+00:00,lstm_regression,0.52267885
G00002,2022-01-12 03:00:00+00:00,lstm_regression,0.34828958
G00002,2022-01-12 04:00:00+00:00,lstm_regression,0.32101458
G00002,2022-01-12 05:00:00+00:00,lstm_regression,0.6547356
G00002,2022-01-12 06:00:00+00:00,lstm_regression,0.7820806
G00002,2022-01-12 07:00:00+00:00,lstm_regression,0.66478187
G00002,2022-01-12 08:00:00+00:00,lstm_regression,0.7598288
G00002,2022-01-12 09:00:00+00:00,lstm_regression,1.2522409
G00002,2022-01-12 10:00:00+00:00,lstm_regression,0.87764376
G00002,2022-01-12 11:00:00+00:00,lstm_regression,0.11131752
G00002,2022-01-12 12:00:00+00:00,lstm_regression,0.23221327
G00002,2022-01-12 13:00:00+00:00,lstm_regression,0.0
G00002,2022-01-12 14:00:00+00:00,lstm_regression,0.0945684
G00002,2022-01-12 15:00:00+00:00,lstm_regression,0.0
G00002,2022-01-12 16:00:00+00:00,lstm_regression,0.10533068
G00002,2022-01-12 17:00:00+00:00,lstm_regression,0.326016
G00002,2022-01-12 18:00:00+00:00,lstm_regression,0.86414045
G00002,2022-01-12 19:00:00+00:00,lstm_regression,0.8228678
G00002,2022-01-12 20:00:00+00:00,lstm_regression,1.0314829
G00002,2022-01-12 21:00:00+00:00,lstm_regression,0.92212665
G00002,2022-01-12 22:00:00+00:00,lstm_regression,1.0889702
G00002,2022-01-12 23:00:00+00:00,lstm_regression,1.6081139
G00002,2022-01-13 00:00:00+00:00,lstm_regression,2.0968475
G00002,2022-01-13 01:00:00+00:00,lstm_regression,2.0802393
G00002,2022-01-13 02:00:00+00:00,lstm_regression,1.5162289
G00002,2022-01-13 03:00:00+00:00,lstm_regression,1.555887
G00002,2022-01-13 04:00:00+00:00,lstm_regression,1.1364033
G00002,2022-01-13 05:00:00+00:00,lstm_regression,0.5914083
G00002,2022-01-13 06:00:00+00:00,lstm_regression,0.5599959
G00002,2022-01-13 07:00:00+00:00,lstm_regression,0.7417656
G00002,2022-01-13 08:00:00+00:00,lstm_regression,0.61823267
G00002,2022-01-13 09:00:00+00:00,lstm_regression,0.36565936
G00002,2022-01-13 10:00:00+00:00,lstm_regression,0.34867212
G00002,2022-01-13 11:00:00+00:00,lstm_regression,0.432136
G00002,2022-01-13 12:00:00+00:00,lstm_regression,0.36986732
G00002,2022-01-13 13:00:00+00:00,lstm_regression,0.2913892
G00002,2022-01-13 14:00:00+00:00,lstm_regression,0.50938827
G00002,2022-01-13 15:00:00+00:00,lstm_regression,0.45198607
G00002,2022-01-13 16:00:00+00:00,lstm_regression,0.3809635
G00002,2022-01-13 17:00:00+00:00,lstm_regression,0.50235254
G00002,2022-01-13 18:00:00+00:00,lstm_regression,0.59934133
G00002,2022-01-13 19:00:00+00:00,lstm_regression,0.6221382
G00002,2022-01-13 20:00:00+00:00,lstm_regression,0.4548154
G00002,2022-01-13 21:00:00+00:00,lstm_regression,0.47799546
G00002,2022-01-13 22:00:00+00:00,lstm_regression,0.007572381
G00002,2022-01-13 23:00:00+00:00,lstm_regression,0.0
G00002,2022-01-14 00:00:00+00:00,lstm_regression,0.16389225
G00002,2022-01-14 01:00:00+00:00,lstm_regression,0.32612774
G00002,2022-01-14 02:00:00+00:00,lstm_regression,0.57453495
G00002,2022-01-14 03:00:00+00:00,lstm_regression,0.80316377
G00002,2022-01-14 04:00:00+00:00,lstm_regression,0.5101513
G00002,2022-01-14 05:00:00+00:00,lstm_regression,0.2519228
G00002,2022-01-14 06:00:00+00:00,lstm_regression,0.47910774
G00002,2022-01-14 07:00:00+00:00,lstm_regression,0.5718212
G00002,2022-01-14 08:00:00+00:00,lstm_regression,0.38246262
G00002,2022-01-14 09:00:00+00:00,lstm_regression,0.22118081
G00002,2022-01-14 10:00:00+00:00,lstm_regression,0.0
G00002,2022-01-14 11:00:00+00:00,lstm_regression,0.11465969
G00002,2022-01-14 12:00:00+00:00,lstm_regression,0.0
G00002,2022-01-14 13:00:00+00:00,lstm_regression,0.22967778
G00002,2022-01-14 14:00:00+00:00,lstm_regression,0.038073063
G00002,2022-01-14 15:00:00+00:00,lstm_regression,0.0
G00002,2022-01-14 16:00:00+00:00,lstm_regression,0.0
G00002,2022-01-14 17:00:00+00:00,lstm_regression,0.012288606
G00002,2022-01-14 18:00:00+00:00,lstm_regression,0.0782074
G00002,2022-01-14 19:00:00+00:00,lstm_regression,0.0069538057
G00002,2022-01-14 20:00:00+00:00,lstm_regression,0.10475196
G00002,2022-01-14 21:00:00+00:00,lstm_regression,0.09132581
G00002,2022-01-14 22:00:00+00:00,lstm_regression,0.18802555
G00002,2022-01-14 23:00:00+00:00,lstm_regression,0.22180875
G00002,2022-01-15 00:00:00+00:00,lstm_regression,0.41567695
G00002,2022-01-15 01:00:00+00:00,lstm_regression,0.35848254
G00002,2022-01-15 02:00:00+00:00,lstm_regression,0.389642
G00002,2022-01-15 03:00:00+00:00,lstm_regression,0.5840669
G00002,2022-01-15 04:00:00+00:00,lstm_regression,0.58953077
G00002,2022-01-15 05:00:00+00:00,lstm_regression,0.3383519
G00002,2022-01-15 06:00:00+00:00,lstm_regression,0.40736234
G00002,2022-01-15 07:00:00+00:00,lstm_regression,0.31672353
G00002,2022-01-15 08:00:00+00:00,lstm_regression,0.5780561
G00002,2022-01-15 09:00:00+00:00,lstm_regression,0.38346207
G00002,2022-01-15 10:00:00+00:00,lstm_regression,0.34397912
G00002,2022-01-15 11:00:00+00:00,lstm_regression,0.08057868
G00002,2022-01-15 12:00:00+00:00,lstm_regression,0.065902285
G00002,2022-01-15 13:00:00+00:00,lstm_regression,0.19098793
G00002,2022-01-15 14:00:00+00:00,lstm_regression,0.16636485
G00002,2022-01-15 15:00:00+00:00,lstm_regression,0.048251994
G00002,2022-01-15 16:00:00+00:00,lstm_regression,0.0
G00002,2022-01-15 17:00:00+00:00,lstm_regression,0.0
G00002,2022-01-15 18:00:00+00:00,lstm_regression,0.0
G00002,2022-01-15 19:00:00+00:00,lstm_regression,0.0
G00002,2022-01-15 20:00:00+00:00,lstm_regression,0.18019925
G00002,2022-01-15 21:00:00+00:00,lstm_regression,0.27163503
G00002,2022-01-15 22:00:00+00:00,lstm_regression,0.036679618
G00002,2022-01-15 23:00:00+00:00,lstm_regression,0.0143137835
G00002,2022-01-16 00:00:00+00:00,lstm_regression,0.1891288
G00002,2022-01-16 01:00:00+00:00,lstm_regression,0.6075421
G00002,2022-01-16 02:00:00+00:00,lstm_regression,0.56579846
G00002,2022-01-16 03:00:00+00:00,lstm_regression,0.5517982
G00002,2022-01-16 04:00:00+00:00,lstm_regression,0.18616222
G00002,2022-01-16 05:00:00+00:00,lstm_regression,0.15944254
G00002,2022-01-16 06:00:00+00:00,lstm_regression,0.0
G00002,2022-01-16 07:00:00+00:00,lstm_regression,0.109597005
G00002,2022-01-16 08:00:00+00:00,lstm_regression,0.23897092
G00002,2022-01-16 09:00:00+00:00,lstm_regression,0.047068916
G00002,2022-01-16 10:00:00+00:00,lstm_regression,0.0
G00002,2022-01-16 11:00:00+00:00,lstm_regression,0.0
G00002,2022-01-16 12:00:00+00:00,lstm_regression,0.0
G00002,2022-01-16 13:00:00+00:00,lstm_regression,0.0
G00002,2022-01-16 14:00:00+00:00,lstm_regression,0.0
G00002,2022-01-16 15:00:00+00:00,lstm_regression,0.06586907
G00002,2022-01-16 18:00:00+00:00,lstm_regression,0.15177321
G00002,2022-01-16 20:00:00+00:00,lstm_regression,0.25311095
G00002,2022-01-16 21:00:00+00:00,lstm_regression,0.41612527
G00002,2022-01-16 23:00:00+00:00,lstm_regression,0.17104773
G00002,2022-01-17 00:00:00+00:00,lstm_regression,0.6357523
G00002,2022-01-17 01:00:00+00:00,lstm_regression,0.8848139
G00002,2022-01-17 02:00:00+00:00,lstm_regression,1.1670935
G00002,2022-01-17 03:00:00+00:00,lstm_regression,1.2152973
G00002,2022-01-17 05:00:00+00:00,lstm_regression,1.4317412
G00002,2022-01-17 06:00:00+00:00,lstm_regression,1.451833
G00002,2022-01-17 07:00:00+00:00,lstm_regression,1.5123672
G00002,2022-01-17 08:00:00+00:00,lstm_regression,0.8624324
G00002,2022-01-17 09:00:00+00:00,lstm_regression,0.21529935
G00002,2022-01-17 10:00:00+00:00,lstm_regression,0.20046197
G00002,2022-01-17 11:00:00+00:00,lstm_regression,0.16267033
G00002,2022-01-17 12:00:00+00:00,lstm_regression,0.0
G00002,2022-01-17 13:00:00+00:00,lstm_regression,0.07227973
G00002,2022-01-17 14:00:00+00:00,lstm_regression,0.11968664
G00002,2022-01-17 15:00:00+00:00,lstm_regression,0.09907286
G00002,2022-01-17 17:00:00+00:00,lstm_regression,0.022088436
G00002,2022-01-17 18:00:00+00:00,lstm_regression,0.045301028
G00002,2022-01-17 19:00:00+00:00,lstm_regression,0.28389156
G00002,2022-01-17 20:00:00+00:00,lstm_regression,0.16071506
G00002,2022-01-17 21:00:00+00:00,lstm_regression,0.37225246
G00002,2022-01-17 22:00:00+00:00,lstm_regression,0.61984295
G00002,2022-01-17 23:00:00+00:00,lstm_regression,0.73611027
G00002,2022-01-18 00:00:00+00:00,lstm_regression,0.6566767
G00002,2022-01-18 01:00:00+00:00,lstm_regression,0.9392303
G00002,2022-01-18 02:00:00+00:00,lstm_regression,1.3406588
G00002,2022-01-18 03:00:00+00:00,lstm_regression,1.0583172
G00002,2022-01-18 04:00:00+00:00,lstm_regression,0.6842043
G00002,2022-01-18 05:00:00+00:00,lstm_regression,0.28361046
G00002,2022-01-18 06:00:00+00:00,lstm_regression,0.29503638
G00002,2022-01-18 07:00:00+00:00,lstm_regression,0.5588365
G00002,2022-01-18 08:00:00+00:00,lstm_regression,0.32406893
G00002,2022-01-18 09:00:00+00:00,lstm_regression,0.12314556
G00002,2022-01-18 10:00:00+00:00,lstm_regression,0.095750935
G00002,2022-01-18 11:00:00+00:00,lstm_regression,0.3118169
G00002,2022-01-18 12:00:00+00:00,lstm_regression,0.17129262
G00002,2022-01-18 13:00:00+00:00,lstm_regression,0.18345623
G00002,2022-01-18 14:00:00+00:00,lstm_regression,0.33568668
G00002,2022-01-18 15:00:00+00:00,lstm_regression,0.18363835
G00002,2022-01-18 16:00:00+00:00,lstm_regression,0.3364014
G00002,2022-01-18 17:00:00+00:00,lstm_regression,0.49514645
G00002,2022-01-18 18:00:00+00:00,lstm_regression,0.6067213
G00002,2022-01-18 19:00:00+00:00,lstm_regression,0.46392888
G00002,2022-01-18 20:00:00+00:00,lstm_regression,0.3746168
G00002,2022-01-18 21:00:00+00:00,lstm_regression,0.37436622
G00002,2022-01-18 22:00:00+00:00,lstm_regression,0.123357825
G00002,2022-01-18 23:00:00+00:00,lstm_regression,0.41828555
G00002,2022-01-19 00:00:00+00:00,lstm_regression,0.7302207
G00002,2022-01-19 01:00:00+00:00,lstm_regression,0.6221478
G00002,2022-01-19 02:00:00+00:00,lstm_regression,0.9005023
G00002,2022-01-19 03:00:00+00:00,lstm_regression,0.85924923
G00002,2022-01-19 04:00:00+00:00,lstm_regression,0.9160339
G00002,2022-01-19 05:00:00+00:00,lstm_regression,0.9313979
G00002,2022-01-19 06:00:00+00:00,lstm_regression,0.48019627
G00002,2022-01-19 07:00:00+00:00,lstm_regression,0.3726642
G00002,2022-01-19 08:00:00+00:00,lstm_regression,0.52497786
G00002,2022-01-19 09:00:00+00:00,lstm_regression,0.31351948
G00002,2022-01-19 10:00:00+00:00,lstm_regression,0.0931652
G00002,2022-01-19 11:00:00+00:00,lstm_regression,0.0
G00002,2022-01-19 12:00:00+00:00,lstm_regression,0.0
G00002,2022-01-19 13:00:00+00:00,lstm_regression,0.13641272
G00002,2022-01-19 14:00:00+00:00,lstm_regression,0.0
G00002,2022-01-19 15:00:00+00:00,lstm_regression,0.0
G00002,2022-01-19 16:00:00+00:00,lstm_regression,0.0
G00002,2022-01-19 17:00:00+00:00,lstm_regression,0.017265143
G00002,2022-01-19 18:00:00+00:00,lstm_regression,0.0
G00002,2022-01-19 19:00:00+00:00,lstm_regression,0.0
G00002,2022-01-19 20:00:00+00:00,lstm_regression,0.0
G00002,2022-01-19 21:00:00+00:00,lstm_regression,0.04522883
G00002,2022-01-19 22:00:00+00:00,lstm_regression,0.339535
G00002,2022-01-19 23:00:00+00:00,lstm_regression,0.48173586
G00002,2022-01-20 00:00:00+00:00,lstm_regression,0.6844041
G00002,2022-01-20 01:00:00+00:00,lstm_regression,0.76511866
G00002,2022-01-20 02:00:00+00:00,lstm_regression,0.7381522
G00002,2022-01-20 03:00:00+00:00,lstm_regression,0.74442923
G00002,2022-01-20 04:00:00+00:00,lstm_regression,0.49820614
G00002,2022-01-20 05:00:00+00:00,lstm_regression,0.686415
G00002,2022-01-20 06:00:00+00:00,lstm_regression,0.84810156
G00002,2022-01-20 07:00:00+00:00,lstm_regression,0.80480295
G00002,2022-01-20 08:00:00+00:00,lstm_regression,0.7307571
G00002,2022-01-20 09:00:00+00:00,lstm_regression,0.7991311
G00002,2022-01-20 10:00:00+00:00,lstm_regression,0.6880735
G00002,2022-01-20 11:00:00+00:00,lstm_regression,0.4958502
G00002,2022-01-20 12:00:00+00:00,lstm_regression,0.3084798
G00002,2022-01-20 13:00:00+00:00,lstm_regression,0.14563008
G00002,2022-01-20 14:00:00+00:00,lstm_regression,0.0052966084
G00002,2022-01-20 15:00:00+00:00,lstm_regression,0.08213874
G00002,2022-01-20 16:00:00+00:00,lstm_regression,0.0
G00002,2022-01-20 17:00:00+00:00,lstm_regression,0.0
G00002,2022-01-20 18:00:00+00:00,lstm_regression,0.0
G00002,2022-01-20 19:00:00+00:00,lstm_regression,0.0
G00002,2022-01-20 20:00:00+00:00,lstm_regression,0.0
G00002,2022-01-20 21:00:00+00:00,lstm_regression,0.0
G00002,2022-01-20 22:00:00+00:00,lstm_regression,0.0
G00002,2022-01-20 23:00:00+00:00,lstm_regression,0.30601338
G00002,2022-01-21 00:00:00+00:00,lstm_regression,0.6320459
G00002,2022-01-21 01:00:00+00:00,lstm_regression,1.0362272
G00002,2022-01-21 02:00:00+00:00,lstm_regression,1.1151388
G00002,2022-01-21 03:00:00+00:00,lstm_regression,1.1794963
G00002,2022-01-21 04:00:00+00:00,lstm_regression,0.76619494
G00002,2022-01-21 05:00:00+00:00,lstm_regression,0.48751765
G00002,2022-01-21 06:00:00+00:00,lstm_regression,0.33271742
G00002,2022-01-21 07:00:00+00:00,lstm_regression,0.45288774
G00002,2022-01-21 08:00:00+00:00,lstm_regression,0.58698565
G00002,2022-01-21 09:00:00+00:00,lstm_regression,0.6535717
G00002,2022-01-21 10:00:00+00:00,lstm_regression,0.32507327
G00002,2022-01-21 11:00:00+00:00,lstm_regression,0.41483
G00002,2022-01-21 12:00:00+00:00,lstm_regression,0.30698866
G00002,2022-01-21 13:00:00+00:00,lstm_regression,0.34177262
G00002,2022-01-21 14:00:00+00:00,lstm_regression,0.15774362
G00002,2022-01-21 15:00:00+00:00,lstm_regression,0.2450187
G00002,2022-01-21 16:00:00+00:00,lstm_regression,0.0
G00002,2022-01-21 17:00:00+00:00,lstm_regression,0.14222716
G00002,2022-01-21 18:00:00+00:00,lstm_regression,0.0077181514
G00002,2022-01-21 19:00:00+00:00,lstm_regression,0.17104404
G00003,2022-01-02 00:00:00+00:00,lstm_regression,0.0
G00003,2022-01-02 01:00:00+00:00,lstm_regression,0.035794564
G00003,2022-01-02 03:00:00+00:00,lstm_regression,0.13638173
G00003,2022-01-02 04:00:00+00:00,lstm_regression,0.37559223
G00003,2022-01-02 05:00:00+00:00,lstm_regression,0.4236647
G00003,2022-01-02 06:00:00+00:00,lstm_regression,0.279643
G00003,2022-01-02 07:00:00+00:00,lstm_regression,0.19233015
G00003,2022-01-02 08:00:00+00:00,lstm_regression,0.10005585
G00003,2022-01-02 09:00:00+00:00,lstm_regression,0.22346675
G00003,2022-01-02 10:00:00+00:00,lstm_regression,0.017990274
G00003,2022-01-02 11:00:00+00:00,lstm_regression,0.0
G00003,2022-01-02 12:00:00+00:00,lstm_regression,0.0
G00003,2022-01-02 13:00:00+00:00,lstm_regression,0.0
G00003,2022-01-02 14:00:00+00:00,lstm_regression,0.010050787
G00003,2022-01-02 15:00:00+00:00,lstm_regression,0.06148196
G00003,2022-01-02 16:00:00+00:00,lstm_regression,0.026021695
G00003,2022-01-02 17:00:00+00:00,lstm_regression,0.17419147
G00003,2022-01-02 18:00:00+00:00,lstm_regression,0.19755666
G00003,2022-01-02 19:00:00+00:00,lstm_regression,0.077907585
G00003,2022-01-02 20:00:00+00:00,lstm_regression,0.22508761
G00003,2022-01-02 23:00:00+00:00,lstm_regression,0.0
G00003,2022-01-03 01:00:00+00:00,lstm_regression,0.0
G00003,2022-01-03 02:00:00+00:00,lstm_regression,0.0
G00003,2022-01-03 04:00:00+00:00,lstm_regression,0.0
G00003,2022-01-03 05:00:00+00:00,lstm_regression,0.0
G00003,2022-01-03 06:00:00+00:00,lstm_regression,0.0
G00003,2022-01-03 07:00:00+00:00,lstm_regression,0.19173838
G00003,2022-01-03 08:00:00+00:00,lstm_regression,0.12188416
G00003,2022-01-03 10:00:00+00:00,lstm_regression,0.23685418
G00003,2022-01-03 11:00:00+00:00,lstm_regression,0.18551172
G00003,2022-01-03 12:00:00+00:00,lstm_regression,0.096198246
G00003,2022-01-03 13:00:00+00:00,lstm_regression,0.14183612
G00003,2022-01-03 14:00:00+00:00,lstm_regression,0.09614346
G00003,2022-01-03 15:00:00+00:00,lstm_regression,0.10652527
G00003,2022-01-03 16:00:00+00:00,lstm_regression,0.0
G00003,2022-01-03 17:00:00+00:00,lstm_regression,0.0
G00003,2022-01-03 18:00:00+00:00,lstm_regression,0.0
G00003,2022-01-03 19:00:00+00:00,lstm_regression,0.03507138
G00003,2022-01-03 20:00:00+00:00,lstm_regression,0.028744651
G00003,2022-01-03 22:00:00+00:00,lstm_regression,0.15537037
G00003,2022-01-03 23:00:00+00:00,lstm_regression,0.31177378
G00003,2022-01-04 00:00:00+00:00,lstm_regression,0.5525493
G00003,2022-01-04 01:00:00+00:00,lstm_regression,0.7364045
G00003,2022-01-04 02:00:00+00:00,lstm_regression,1.0020444
G00003,2022-01-04 03:00:00+00:00,lstm_regression,0.8094565
G00003,2022-01-04 04:00:00+00:00,lstm_regression,0.27963334
G00003,2022-01-04 05:00:00+00:00,lstm_regression,0.27464086
G00003,2022-01-04 06:00:00+00:00,lstm_regression,0.30749568
G00003,2022-01-04 07:00:00+00:00,lstm_regression,0.46477085
G00003,2022-01-04 08:00:00+00:00,lstm_regression,0.0
G00003,2022-01-04 09:00:00+00:00,lstm_regression,0.0
G00003,2022-01-04 10:00:00+00:00,lstm_regression,0.0
G00003,2022-01-04 11:00:00+00:00,lstm_regression,0.0
G00003,2022-01-04 12:00:00+00:00,lstm_regression,0.0
G00003,2022-01-04 13:00:00+00:00,lstm_regression,0.0
G00003,2022-01-04 14:00:00+00:00,lstm_regression,0.0
G00003,2022-01-04 15:00:00+00:00,lstm_regression,0.16161849
G00003,2022-01-04 16:00:00+00:00,lstm_regression,0.03929662
G00003,2022-01-04 17:00:00+00:00,lstm_regression,0.28659937
G00003,2022-01-04 18:00:00+00:00,lstm_regression,0.12676552
G00003,2022-01-04 19:00:00+00:00,lstm_regression,0.28406572
G00003,2022-01-04 20:00:00+00:00,lstm_regression,0.02995774
G00003,2022-01-04 21:00:00+00:00,lstm_regression,0.0
G00003,2022-01-04 22:00:00+00:00,lstm_regression,0.0
G00003,2022-01-04 23:00:00+00:00,lstm_regression,0.0
G00003,2022-01-05 00:00:00+00:00,lstm_regression,0.10292093
G00003,2022-01-05 01:00:00+00:00,lstm_regression,0.15240534
G00003,2022-01-05 02:00:00+00:00,lstm_regression,0.081077345
G00003,2022-01-05 03:00:00+00:00,lstm_regression,0.15926926
G00003,2022-01-05 04:00:00+00:00,lstm_regression,0.06252303
G00003,2022-01-05 05:00:00+00:00,lstm_regression,0.0
G00003,2022-01-05 06:00:00+00:00,lstm_regression,0.14040841
G00003,2022-01-05 07:00:00+00:00,lstm_regression,0.25392267
G00003,2022-01-05 08:00:00+00:00,lstm_regression,0.1735612
G00003,2022-01-05 09:00:00+00:00,lstm_regression,0.077964075
G00003,2022-01-05 10:00:00+00:00,lstm_regression,0.21591067
G00003,2022-01-05 11:00:00+00:00,lstm_regression,0.105415575
G00003,2022-01-05 12:00:00+00:00,lstm_regression,0.13362187
G00003,2022-01-05 13:00:00+00:00,lstm_regression,0.15279488
G00003,2022-01-05 14:00:00+00:00,lstm_regression,0.10802003
G00003,2022-01-05 15:00:00+00:00,lstm_regression,0.18482566
G00003,2022-01-05 16:00:00+00:00,lstm_regression,0.16991915
G00003,2022-01-05 17:00:00+00:00,lstm_regression,0.044399597
G00003,2022-01-05 18:00:00+00:00,lstm_regression,0.033353977
G00003,2022-01-05 19:00:00+00:00,lstm_regression,0.0
G00003,2022-01-05 20:00:00+00:00,lstm_regression,0.13896209
G00003,2022-01-05 21:00:00+00:00,lstm_regression,0.0
G00003,2022-01-05 22:00:00+00:00,lstm_regression,0.0022041928
G00003,2022-01-05 23:00:00+00:00,lstm_regression,0.0
G00003,2022-01-06 00:00:00+00:00,lstm_regression,0.0
G00003,2022-01-06 01:00:00+00:00,lstm_regression,0.0
G00003,2022-01-06 02:00:00+00:00,lstm_regression,0.019103637
G00003,2022-01-06 03:00:00+00:00,lstm_regression,0.32313597
G00003,2022-01-06 04:00:00+00:00,lstm_regression,0.22905584
G00003,2022-01-06 05:00:00+00:00,lstm_regression,0.19701673
G00003,2022-01-06 06:00:00+00:00,lstm_regression,0.18306564
G00003,2022-01-06 07:00:00+00:00,lstm_regression,0.116560824
G00003,2022-01-06 08:00:00+00:00,lstm_regression,0.077950574
G00003,2022-01-06 09:00:00+00:00,lstm_regression,0.13486804
G00003,2022-01-06 10:00:00+00:00,lstm_regression,0.09046448
G00003,2022-01-06 11:00:00+00:00,lstm_regression,0.1358135
G00003,2022-01-06 12:00:00+00:00,lstm_regression,0.18186243
G00003,2022-01-06 13:00:00+00:00,lstm_regression,0.12649779
G00003,2022-01-06 14:00:00+00:00,lstm_regression,0.16567829
G00003,2022-01-06 15:00:00+00:00,lstm_regression,0.13064961
G00003,2022-01-06 16:00:00+00:00,lstm_regression,0.26717517
G00003,2022-01-06 17:00:00+00:00,lstm_regression,0.15391506
G00003,2022-01-06 18:00:00+00:00,lstm_regression,0.26351333
G00003,2022-01-06 19:00:00+00:00,lstm_regression,0.19375612
G00003,2022-01-06 20:00:00+00:00,lstm_regression,0.34617248
G00003,2022-01-06 21:00:00+00:00,lstm_regression,0.060067296
G00003,2022-01-06 22:00:00+00:00,lstm_regression,0.0
G00003,2022-01-06 23:00:00+00:00,lstm_regression,0.0
G00003,2022-01-07 00:00:00+00:00,lstm_regression,0.1487039
G00003,2022-01-07 01:00:00+00:00,lstm_regression,0.5616381
G00003,2022-01-07 02:00:00+00:00,lstm_regression,0.6387953
G00003,2022-01-07 03:00:00+00:00,lstm_regression,0.512239
G00003,2022-01-07 04:00:00+00:00,lstm_regression,0.67253256
G00003,2022-01-07 05:00:00+00:00,lstm_regression,0.68003464
G00003,2022-01-07 06:00:00+00:00,lstm_regression,1.2037956
G00003,2022-01-07 07:00:00+00:00,lstm_regression,1.5221382
G00003,2022-01-07 08:00:00+00:00,lstm_regression,1.5377175
G00003,2022-01-07 09:00:00+00:00,lstm_regression,0.96090204
G00003,2022-01-07 10:00:00+00:00,lstm_regression,0.9057038
G00003,2022-01-07 11:00:00+00:00,lstm_regression,0.2695546
G00003,2022-01-07 12:00:00+00:00,lstm_regression,0.17786336
G00003,2022-01-07 13:00:00+00:00,lstm_regression,0.07078633
G00003,2022-01-07 14:00:00+00:00,lstm_regression,0.1357923
G00003,2022-01-07 15:00:00+00:00,lstm_regression,0.09314446
G00003,2022-01-07 16:00:00+00:00,lstm_regression,0.017806327
G00003,2022-01-07 17:00:00+00:00,lstm_regression,0.0
G00003,2022-01-07 18:00:00+00:00,lstm_regression,0.0
G00003,2022-01-07 19:00:00+00:00,lstm_regression,0.0
G00003,2022-01-07 20:00:00+00:00,lstm_regression,0.0
G00003,2022-01-07 21:00:00+00:00,lstm_regression,0.1790512
G00003,2022-01-07 22:00:00+00:00,lstm_regression,0.61135083
G00003,2022-01-07 23:00:00+00:00,lstm_regression,0.25718495
G00003,2022-01-08 00:00:00+00:00,lstm_regression,0.30640647
G00003,2022-01-08 01:00:00+00:00,lstm_regression,0.51797473
G00003,2022-01-08 02:00:00+00:00,lstm_regression,0.6630372
G00003,2022-01-08 03:00:00+00:00,lstm_regression,0.53938454
G00003,2022-01-08 04:00:00+00:00,lstm_regression,0.68067944
G00003,2022-01-08 05:00:00+00:00,lstm_regression,0.18310988
G00003,2022-01-08 06:00:00+00:00,lstm_regression,0.0
G00003,2022-01-08 07:00:00+00:00,lstm_regression,0.0
G00003,2022-01-08 08:00:00+00:00,lstm_regression,0.16268526
G00003,2022-01-08 09:00:00+00:00,lstm_regression,0.06634433
G00003,2022-01-08 10:00:00+00:00,lstm_regression,0.0
G00003,2022-01-08 11:00:00+00:00,lstm_regression,0.011984931
G00003,2022-01-08 12:00:00+00:00,lstm_regression,0.08793064
G00003,2022-01-08 13:00:00+00:00,lstm_regression,0.16327147
G00003,2022-01-08 14:00:00+00:00,lstm_regression,0.06396789
G00003,2022-01-08 15:00:00+00:00,lstm_regression,0.20417343
G00003,2022-01-08 16:00:00+00:00,lstm_regression,0.18229361
G00003,2022-01-08 17:00:00+00:00,lstm_regression,0.19159642
G00003,2022-01-08 18:00:00+00:00,lstm_regression,0.21818592
G00003,2022-01-08 19:00:00+00:00,lstm_regression,0.26429552
G00003,2022-01-08 20:00:00+00:00,lstm_regression,0.25440767
G00003,2022-01-08 21:00:00+00:00,lstm_regression,0.20545706
G00003,2022-01-08 22:00:00+00:00,lstm_regression,0.0
G00003,2022-01-08 23:00:00+00:00,lstm_regression,0.037983596
G00003,2022-01-09 00:00:00+00:00,lstm_regression,0.12775162
G00003,2022-01-09 01:00:00+00:00,lstm_regression,0.18828686
G00003,2022-01-09 02:00:00+00:00,lstm_regression,0.2859207
G00003,2022-01-09 03:00:00+00:00,lstm_regression,0.0
G00003,2022-01-09 04:00:00+00:00,lstm_regression,0.0
G00003,2022-01-09 05:00:00+00:00,lstm_regression,0.03065457
G00003,2022-01-09 06:00:00+00:00,lstm_regression,0.06363467
G00003,2022-01-09 07:00:00+00:00,lstm_regression,0.14305307
G00003,2022-01-09 08:00:00+00:00,lstm_regression,0.22903131
G00003,2022-01-09 09:00:00+00:00,lstm_regression,0.14478998
G00003,2022-01-09 10:00:00+00:00,lstm_regression,0.030759303
G00003,2022-01-09 11:00:00+00:00,lstm_regression,0.29142064
G00003,2022-01-09 12:00:00+00:00,lstm_regression,0.2288472
G00003,2022-01-09 13:00:00+00:00,lstm_regression,0.17705382
G00003,2022-01-09 14:00:00+00:00,lstm_regression,0.08978785
G00003,2022-01-09 15:00:00+00:00,lstm_regression,0.0022172164
G00003,2022-01-09 16:00:00+00:00,lstm_regression,0.0015193578
G00003,2022-01-09 17:00:00+00:00,lstm_regression,0.07315701
G00003,2022-01-09 18:00:00+00:00,lstm_regression,0.03787651
G00003,2022-01-09 19:00:00+00:00,lstm_regression,0.0
G00003,2022-01-09 20:00:00+00:00,lstm_regression,0.11039784
G00003,2022-01-09 21:00:00+00:00,lstm_regression,0.3405967
G00003,2022-01-09 22:00:00+00:00,lstm_regression,0.24234082
G00003,2022-01-09 23:00:00+00:00,lstm_regression,0.014491921
G00003,2022-01-10 00:00:00+00:00,lstm_regression,0.20314537
G00003,2022-01-10 01:00:00+00:00,lstm_regression,0.027065536
G00003,2022-01-10 02:00:00+00:00,lstm_regression,0.1467595
G00003,2022-01-10 03:00:00+00:00,lstm_regression,0.41197896
G00003,2022-01-10 04:00:00+00:00,lstm_regression,0.5067676
G00003,2022-01-10 05:00:00+00:00,lstm_regression,0.35742995
G00003,2022-01-10 06:00:00+00:00,lstm_regression,0.22867282
G00003,2022-01-10 07:00:00+00:00,lstm_regression,0.17851071
G00003,2022-01-10 08:00:00+00:00,lstm_regression,0.11558805
G00003,2022-01-10 09:00:00+00:00,lstm_regression,0.0
G00003,2022-01-10 10:00:00+00:00,lstm_regression,0.0
G00003,2022-01-10 11:00:00+00:00,lstm_regression,0.06484332
G00003,2022-01-10 12:00:00+00:00,lstm_regression,0.08294574
G00003,2022-01-10 13:00:00+00:00,lstm_regression,0.15737832
G00003,2022-01-10 14:00:00+00:00,lstm_regression,0.15807123
G00003,2022-01-10 15:00:00+00:00,lstm_regression,0.008352241
G00003,2022-01-10 16:00:00+00:00,lstm_regression,0.16512994
G00003,2022-01-10 17:00:00+00:00,lstm_regression,0.0
G00003,2022-01-10 18:00:00+00:00,lstm_regression,0.062127538
G00003,2022-01-10 19:00:00+00:00,lstm_regression,0.0970156
G00003,2022-01-10 20:00:00+00:00,lstm_regression,0.0
G00003,2022-01-10 23:00:00+00:00,lstm_regression,0.09679853
G00003,2022-01-11 01:00:00+00:00,lstm_regression,0.1599552
G00003,2022-01-11 02:00:00+00:00,lstm_regression,0.33916152
G00003,2022-01-11 04:00:00+00:00,lstm_regression,0.07880526
G00003,2022-01-11 05:00:00+00:00,lstm_regression,0.0
G00003,2022-01-11 06:00:00+00:00,lstm_regression,0.0
G00003,2022-01-11 07:00:00+00:00,lstm_regression,0.06914964
G00003,2022-01-11 08:00:00+00:00,lstm_regression,0.28436115
G00003,2022-01-11 10:00:00+00:00,lstm_regression,0.06527336
G00003,2022-01-11 11:00:00+00:00,lstm_regression,0.08515303
G00003,2022-01-11 12:00:00+00:00,lstm_regression,0.12078715
G00003,2022-01-11 13:00:00+00:00,lstm_regression,0.012052229
G00003,2022-01-11 14:00:00+00:00,lstm_regression,0.0
G00003,2022-01-11 15:00:00+00:00,lstm_regression,0.0
G00003,2022-01-11 16:00:00+00:00,lstm_regression,0.0
G00003,2022-01-11 17:00:00+00:00,lstm_regression,0.0
G00003,2022-01-11 18:00:00+00:00,lstm_regression,0.0
G00003,2022-01-11 19:00:00+00:00,lstm_regression,0.0
G00003,2022-01-11 20:00:00+00:00,lstm_regression,0.0
G00003,2022-01-11 22:00:00+00:00,lstm_regression,0.24728592
G00003,2022-01-11 23:00:00+00:00,lstm_regression,0.32064584
G00003,2022-01-12 00:00:00+00:00,lstm_regression,0.30230504
G00003,2022-01-12 01:00:00+00:00,lstm_regression,0.29911152
G00003,2022-01-12 02:00:00+00:00,lstm_regression,0.4592132
G00003,2022-01-12 03:00:00+00:00,lstm_regression,0.38346052
G00003,2022-01-12 04:00:00+00:00,lstm_regression,0.10285608
G00003,2022-01-12 05:00:00+00:00,lstm_regression,0.020147612
G00003,2022-01-12 06:00:00+00:00,lstm_regression,0.097495176
G00003,2022-01-12 07:00:00+00:00,lstm_regression,0.15905763
G00003,2022-01-12 08:00:00+00:00,lstm_regression,0.041122556
G00003,2022-01-12 09:00:00+00:00,lstm_regression,0.055499516
G00003,2022-01-12 10:00:00+00:00,lstm_regression,0.0
G00003,2022-01-12 11:00:00+00:00,lstm_regression,0.0
G00003,2022-01-12 12:00:00+00:00,lstm_regression,0.0
G00003,2022-01-12 13:00:00+00:00,lstm_regression,0.0
G00003,2022-01-12 14:00:00+00:00,lstm_regression,0.0
G00003,2022-01-12 15:00:00+00:00,lstm_regression,0.0
G00003,2022-01-12 16:00:00+00:00,lstm_regression,0.079130284
G00003,2022-01-12 17:00:00+00:00,lstm_regression,0.19269292
G00003,2022-01-12 18:00:00+00:00,lstm_regression,0.47974178
G00003,2022-01-12 19:00:00+00:00,lstm_regression,0.6449135
G00003,2022-01-12 20:00:00+00:00,lstm_regression,0.75311804
G00003,2022-01-12 21:00:00+00:00,lstm_regression,1.1014953
G00003,2022-01-12 22:00:00+00:00,lstm_regression,1.0948688
G00003,2022-01-12 23:00:00+00:00,lstm_regression,0.77491975
G00003,2022-01-13 00:00:00+00:00,lstm_regression,0.8497774
G00003,2022-01-13 01:00:00+00:00,lstm_regression,0.8256613
G00003,2022-01-13 02:00:00+00:00,lstm_regression,0.8611224
G00003,2022-01-13 03:00:00+00:00,lstm_regression,0.7410114
G00003,2022-01-13 04:00:00+00:00,lstm_regression,0.3970629
G00003,2022-01-13 05:00:00+00:00,lstm_regression,0.288467
G00003,2022-01-13 06:00:00+00:00,lstm_regression,0.48167378
G00003,2022-01-13 07:00:00+00:00,lstm_regression,0.4741662
G00003,2022-01-13 08:00:00+00:00,lstm_regression,0.43529993
G00003,2022-01-13 09:00:00+00:00,lstm_regression,0.28082335
G00003,2022-01-13 10:00:00+00:00,lstm_regression,0.27104217
G00003,2022-01-13 11:00:00+00:00,lstm_regression,0.024317665
G00003,2022-01-13 12:00:00+00:00,lstm_regression,0.103727765
G00003,2022-01-13 13:00:00+00:00,lstm_regression,0.29346314
G00003,2022-01-13 14:00:00+00:00,lstm_regression,0.29552808
G00003,2022-01-13 15:00:00+00:00,lstm_regression,0.23823668
G00003,2022-01-13 16:00:00+00:00,lstm_regression,0.0
G00003,2022-01-13 17:00:00+00:00,lstm_regression,0.0
G00003,2022-01-13 18:00:00+00:00,lstm_regression,0.0
G00003,2022-01-13 19:00:00+00:00,lstm_regression,0.0
G00003,2022-01-13 20:00:00+00:00,lstm_regression,0.0
G00003,2022-01-13 21:00:00+00:00,lstm_regression,0.0
G00003,2022-01-13 22:00:00+00:00,lstm_regression,0.0
G00003,2022-01-13 23:00:00+00:00,lstm_regression,0.18468525
G00003,2022-01-14 00:00:00+00:00,lstm_regression,0.3186332
G00003,2022-01-14 01:00:00+00:00,lstm_regression,0.4314658
G00003,2022-01-14 02:00:00+00:00,lstm_regression,0.57434374
G00003,2022-01-14 03:00:00+00:00,lstm_regression,0.5990688
G00003,2022-01-14 04:00:00+00:00,lstm_regression,0.40753594
G00003,2022-01-14 05:00:00+00:00,lstm_regression,0.47932518
G00003,2022-01-14 06:00:00+00:00,lstm_regression,0.30319995
G00003,2022-01-14 07:00:00+00:00,lstm_regression,0.54933846
G00003,2022-01-14 08:00:00+00:00,lstm_regression,0.46621665
G00003,2022-01-14 09:00:00+00:00,lstm_regression,0.432168
G00003,2022-01-14 10:00:00+00:00,lstm_regression,0.28351724
G00003,2022-01-14 11:00:00+00:00,lstm_regression,0.17559879
G00003,2022-01-14 12:00:00+00:00,lstm_regression,0.0
G00003,2022-01-14 13:00:00+00:00,lstm_regression,0.0
G00003,2022-01-14 14:00:00+00:00,lstm_regression,0.0
G00003,2022-01-14 15:00:00+00:00,lstm_regression,0.0
G00003,2022-01-14 16:00:00+00:00,lstm_regression,0.0
G00003,2022-01-14 17:00:00+00:00,lstm_regression,0.0
G00003,2022-01-14 18:00:00+00:00,lstm_regression,0.0
G00003,2022-01-14 19:00:00+00:00,lstm_regression,0.006131796
G00003,2022-01-14 20:00:00+00:00,lstm_regression,0.0
G00003,2022-01-14 21:00:00+00:00,lstm_regression,0.1052997
G00003,2022-01-14 22:00:00+00:00,lstm_regression,0.08179587
G00003,2022-01-14 23:00:00+00:00,lstm_regression,0.29613215
G00003,2022-01-15 00:00:00+00:00,lstm_regression,0.5495873
G00003,2022-01-15 01:00:00+00:00,lstm_regression,0.7584194
G00003,2022-01-15 02:00:00+00:00,lstm_regression,1.0781834
G00003,2022-01-15 03:00:00+00:00,lstm_regression,1.1010976
G00003,2022-01-15 04:00:00+00:00,lstm_regression,0.48714256
G00003,2022-01-15 05:00:00+00:00,lstm_regression,0.16095516
G00003,2022-01-15 06:00:00+00:00,lstm_regression,0.24156933
G00003,2022-01-15 07:00:00+00:00,lstm_regression,0.41628632
G00003,2022-01-15 08:00:00+00:00,lstm_regression,0.30270395
G00003,2022-01-15 09:00:00+00:00,lstm_regression,0.17568049
G00003,2022-01-15 10:00:00+00:00,lstm_regression,0.0
G00003,2022-01-15 11:00:00+00:00,lstm_regression,0.0
G00003,2022-01-15 12:00:00+00:00,lstm_regression,0.0
G00003,2022-01-15 13:00:00+00:00,lstm_regression,0.0
G00003,2022-01-15 14:00:00+00:00,lstm_regression,0.046338387
G00003,2022-01-15 15:00:00+00:00,lstm_regression,0.07943228
G00003,2022-01-15 16:00:00+00:00,lstm_regression,0.0
G00003,2022-01-15 17:00:00+00:00,lstm_regression,0.39849734
G00003,2022-01-15 18:00:00+00:00,lstm_regression,0.25428525
G00003,2022-01-15 19:00:00+00:00,lstm_regression,0.5210463
G00003,2022-01-15 20:00:00+00:00,lstm_regression,1.064886
G00003,2022-01-15 21:00:00+00:00,lstm_regression,1.4300413
G00003,2022-01-15 22:00:00+00:00,lstm_regression,1.1496804
G00003,2022-01-15 23:00:00+00:00,lstm_regression,0.79509765
G00003,2022-01-16 00:00:00+00:00,lstm_regression,0.95306444
G00003,2022-01-16 01:00:00+00:00,lstm_regression,1.1944079
G00003,2022-01-16 02:00:00+00:00,lstm_regression,1.2674961
G00003,2022-01-16 03:00:00+00:00,lstm_regression,0.82987416
G00003,2022-01-16 04:00:00+00:00,lstm_regression,0.76093334
G00003,2022-01-16 05:00:00+00:00,lstm_regression,0.6311396
G00003,2022-01-16 06:00:00+00:00,lstm_regression,0.4042148
G00003,2022-01-16 07:00:00+00:00,lstm_regression,0.4927166
G00003,2022-01-16 08:00:00+00:00,lstm_regression,0.47009918
G00003,2022-01-16 09:00:00+00:00,lstm_regression,0.32987455
G00003,2022-01-16 10:00:00+00:00,lstm_regression,0.23333229
G00003,2022-01-16 11:00:00+00:00,lstm_regression,0.25556666
G00003,2022-01-16 12:00:00+00:00,lstm_regression,0.25446886
G00003,2022-01-16 13:00:00+00:00,lstm_regression,0.1830345
G00003,2022-01-16 14:00:00+00:00,lstm_regression,0.27208284
G00003,2022-01-16 15:00:00+00:00,lstm_regression,0.12798066
G00003,2022-01-16 16:00:00+00:00,lstm_regression,0.524256
G00003,2022-01-16 17:00:00+00:00,lstm_regression,0.636507
G00003,2022-01-16 18:00:00+00:00,lstm_regression,0.7787872
G00003,2022-01-16 19:00:00+00:00,lstm_regression,1.1037935
G00003,2022-01-16 20:00:00+00:00,lstm_regression,1.0986633
G00003,2022-01-16 21:00:00+00:00,lstm_regression,1.5383403
G00003,2022-01-16 22:00:00+00:00,lstm_regression,1.8069344
G00003,2022-01-16 23:00:00+00:00,lstm_regression,1.9348198
G00003,2022-01-17 00:00:00+00:00,lstm_regression,1.2646792
G00003,2022-01-17 01:00:00+00:00,lstm_regression,1.304213
G00003,2022-01-17 02:00:00+00:00,lstm_regression,1.5265427
G00003,2022-01-17 03:00:00+00:00,lstm_regression,1.1695473
G00003,2022-01-17 04:00:00+00:00,lstm_regression,0.6689042
G00003,2022-01-17 05:00:00+00:00,lstm_regression,0.45732102
G00003,2022-01-17 06:00:00+00:00,lstm_regression,0.4762878
G00003,2022-01-17 07:00:00+00:00,lstm_regression,0.678353
G00003,2022-01-17 08:00:00+00:00,lstm_regression,0.33761272
G00003,2022-01-17 09:00:00+00:00,lstm_regression,0.210487
G00003,2022-01-17 10:00:00+00:00,lstm_regression,0.20418699
G00003,2022-01-17 11:00:00+00:00,lstm_regression,0.029917313
G00003,2022-01-17 12:00:00+00:00,lstm_regression,0.10120594
G00003,2022-01-17 13:00:00+00:00,lstm_regression,0.33831024
G00003,2022-01-17 14:00:00+00:00,lstm_regression,0.48445302
G00003,2022-01-17 15:00:00+00:00,lstm_regression,0.43071967
G00003,2022-01-17 16:00:00+00:00,lstm_regression,0.19829816
G00003,2022-01-17 17:00:00+00:00,lstm_regression,0.2217543
G00003,2022-01-17 18:00:00+00:00,lstm_regression,0.22643144
G00003,2022-01-17 19:00:00+00:00,lstm_regression,0.4116112
G00003,2022-01-17 20:00:00+00:00,lstm_regression,0.34376642
G00003,2022-01-17 21:00:00+00:00,lstm_regression,0.17908762
G00003,2022-01-17 22:00:00+00:00,lstm_regression,0.08702166
G00003,2022-01-17 23:00:00+00:00,lstm_regression,0.27419183
G00003,2022-01-18 00:00:00+00:00,lstm_regression,0.14255473
G00003,2022-01-18 01:00:00+00:00,lstm_regression,0.2956191
G00003,2022-01-18 02:00:00+00:00,lstm_regression,0.5281896
G00003,2022-01-18 03:00:00+00:00,lstm_regression,0.5309993
G00003,2022-01-18 04:00:00+00:00,lstm_regression,0.63957065
G00003,2022-01-18 05:00:00+00:00,lstm_regression,0.8569897
G00003,2022-01-18 06:00:00+00:00,lstm_regression,0.90175533
G00003,2022-01-18 07:00:00+00:00,lstm_regression,0.96139693
G00003,2022-01-18 08:00:00+00:00,lstm_regression,1.2018461
G00003,2022-01-18 09:00:00+00:00,lstm_regression,1.1766485
G00003,2022-01-18 10:00:00+00:00,lstm_regression,1.1384273
G00003,2022-01-18 11:00:00+00:00,lstm_regression,1.3995374
G00003,2022-01-18 12:00:00+00:00,lstm_regression,1.2157301
G00003,2022-01-18 13:00:00+00:00,lstm_regression,1.1383889
G00003,2022-01-18 14:00:00+00:00,lstm_regression,1.2066278
G00003,2022-01-18 15:00:00+00:00,lstm_regression,1.5418378
G00003,2022-01-18 16:00:00+00:00,lstm_regression,1.3818477
G00003,2022-01-18 17:00:00+00:00,lstm_regression,1.401243
G00003,2022-01-18 18:00:00+00:00,lstm_regression,1.3833153
G00003,2022-01-18 19:00:00+00:00,lstm_regression,1.087325
G00003,2022-01-18 20:00:00+00:00,lstm_regression,0.08251783
G00003,2022-01-18 21:00:00+00:00,lstm_regression,0.0
G00003,2022-01-18 22:00:00+00:00,lstm_regression,0.3304236
G00003,2022-01-18 23:00:00+00:00,lstm_regression,0.67943513
G00003,2022-01-19 00:00:00+00:00,lstm_regression,0.59432364
G00003,2022-01-19 01:00:00+00:00,lstm_regression,0.62671137
G00003,2022-01-19 02:00:00+00:00,lstm_regression,0.3716886
G00003,2022-01-19 03:00:00+00:00,lstm_regression,0.7490677
G00003,2022-01-19 04:00:00+00:00,lstm_regression,0.9069654
G00003,2022-01-19 05:00:00+00:00,lstm_regression,0.6348126
G00003,2022-01-19 06:00:00+00:00,lstm_regression,0.72230285
G00003,2022-01-19 07:00:00+00:00,lstm_regression,0.5953438
G00003,2022-01-19 08:00:00+00:00,lstm_regression,0.5852296
G00003,2022-01-19 09:00:00+00:00,lstm_regression,0.69043785
G00003,2022-01-19 10:00:00+00:00,lstm_regression,0.14640065
G00003,2022-01-19 13:00:00+00:00,lstm_regression,0.08096693
G00003,2022-01-19 15:00:00+00:00,lstm_regression,0.0
G00003,2022-01-19 16:00:00+00:00,lstm_regression,0.3441597
G00003,2022-01-19 18:00:00+00:00,lstm_regression,0.5383181
G00003,2022-01-19 19:00:00+00:00,lstm_regression,0.6400416
G00003,2022-01-19 20:00:00+00:00,lstm_regression,1.0549535
G00003,2022-01-19 21:00:00+00:00,lstm_regression,1.2365984
G00003,2022-01-19 22:00:00+00:00,lstm_regression,0.8627954
G00003,2022-01-20 00:00:00+00:00,lstm_regression,0.959108
G00003,2022-01-20 01:00:00+00:00,lstm_regression,1.0177938
G00003,2022-01-20 02:00:00+00:00,lstm_regression,0.88866055
G00003,2022-01-20 03:00:00+00:00,lstm_regression,1.2291355
G00003,2022-01-20 04:00:00+00:00,lstm_regression,1.4515812
G00003,2022-01-20 05:00:00+00:00,lstm_regression,1.6007551
G00003,2022-01-20 06:00:00+00:00,lstm_regression,1.3898861
G00003,2022-01-20 07:00:00+00:00,lstm_regression,1.3353606
G00003,2022-01-20 08:00:00+00:00,lstm_regression,0.78645957
G00003,2022-01-20 09:00:00+00:00,lstm_regression,0.40256917
G00003,2022-01-20 10:00:00+00:00,lstm_regression,0.35035053
G00003,2022-01-20 14:00:00+00:00,lstm_regression,0.2453944
G00003,2022-01-20 16:00:00+00:00,lstm_regression,0.26563367
G00003,2022-01-20 17:00:00+00:00,lstm_regression,0.19253714
G00003,2022-01-20 19:00:00+00:00,lstm_regression,0.1751693
G00003,2022-01-20 20:00:00+00:00,lstm_regression,0.0
G00003,2022-01-20 21:00:00+00:00,lstm_regression,0.32452723
G00003,2022-01-20 22:00:00+00:00,lstm_regression,0.48971802
G00003,2022-01-20 23:00:00+00:00,lstm_regression,0.8291667
G00003,2022-01-21 01:00:00+00:00,lstm_regression,1.0667381
G00003,2022-01-21 02:00:00+00:00,lstm_regression,0.6993591
G00003,2022-01-21 03:00:00+00:00,lstm_regression,0.66324574
G00003,2022-01-21 04:00:00+00:00,lstm_regression,0.38716304
G00003,2022-01-21 05:00:00+00:00,lstm_regression,0.4006329
G00003,2022-01-21 06:00:00+00:00,lstm_regression,0.30467504
G00003,2022-01-21 07:00:00+00:00,lstm_regression,0.40701938
G00003,2022-01-21 08:00:00+00:00,lstm_regression,0.53192943
G00003,2022-01-21 09:00:00+00:00,lstm_regression,0.5919062
G00003,2022-01-21 10:00:00+00:00,lstm_regression,0.29405648
G00003,2022-01-21 11:00:00+00:00,lstm_regression,0.5917997
G00003,2022-01-21 13:00:00+00:00,lstm_regression,0.17146815
G00003,2022-01-21 14:00:00+00:00,lstm_regression,0.0
G00003,2022-01-21 15:00:00+00:00,lstm_regression,0.0005265903
G00003,2022-01-21 16:00:00+00:00,lstm_regression,0.0
G00003,2022-01-21 17:00:00+00:00,lstm_regression,0.0
G00003,2022-01-21 18:00:00+00:00,lstm_regression,0.0
G00003,2022-01-21 19:00:00+00:00,lstm_regression,0.0
G00004,2022-01-02 00:00:00+00:00,lstm_regression,0.857629
G00004,2022-01-02 01:00:00+00:00,lstm_regression,0.79471904
G00004,2022-01-02 02:00:00+00:00,lstm_regression,0.95871925
G00004,2022-01-02 03:00:00+00:00,lstm_regression,0.9760007
G00004,2022-01-02 04:00:00+00:00,lstm_regression,0.6662667
G00004,2022-01-02 05:00:00+00:00,lstm_regression,0.5228577
G00004,2022-01-02 06:00:00+00:00,lstm_regression,0.41771263
G00004,2022-01-02 07:00:00+00:00,lstm_regression,0.30658078
G00004,2022-01-02 08:00:00+00:00,lstm_regression,0.4178566
G00004,2022-01-02 09:00:00+00:00,lstm_regression,0.17569344
G00004,2022-01-02 10:00:00+00:00,lstm_regression,0.2861926
G00004,2022-01-02 11:00:00+00:00,lstm_regression,0.20485209
G00004,2022-01-02 12:00:00+00:00,lstm_regression,0.061329827
G00004,2022-01-02 13:00:00+00:00,lstm_regression,0.17946441
G00004,2022-01-02 14:00:00+00:00,lstm_regression,0.117782824
G00004,2022-01-02 15:00:00+00:00,lstm_regression,0.16278154
G00004,2022-01-02 16:00:00+00:00,lstm_regression,0.084169835
G00004,2022-01-02 17:00:00+00:00,lstm_regression,0.0
G00004,2022-01-02 18:00:00+00:00,lstm_regression,0.05258973
G00004,2022-01-02 19:00:00+00:00,lstm_regression,0.07100905
G00004,2022-01-02 20:00:00+00:00,lstm_regression,0.26946986
G00004,2022-01-02 21:00:00+00:00,lstm_regression,0.41985503
G00004,2022-01-02 22:00:00+00:00,lstm_regression,0.64143836
G00004,2022-01-02 23:00:00+00:00,lstm_regression,0.76951396
G00004,2022-01-03 00:00:00+00:00,lstm_regression,0.28088027
G00004,2022-01-03 01:00:00+00:00,lstm_regression,0.0
G00004,2022-01-03 02:00:00+00:00,lstm_regression,0.25993493
G00004,2022-01-03 03:00:00+00:00,lstm_regression,0.11740845
G00004,2022-01-03 04:00:00+00:00,lstm_regression,0.29391316
G00004,2022-01-03 05:00:00+00:00,lstm_regression,0.28240454
G00004,2022-01-03 06:00:00+00:00,lstm_regression,0.128519
G00004,2022-01-03 07:00:00+00:00,lstm_regression,0.0
G00004,2022-01-03 08:00:00+00:00,lstm_regression,0.014983943
G00004,2022-01-03 09:00:00+00:00,lstm_regression,0.17715997
G00004,2022-01-03 10:00:00+00:00,lstm_regression,0.26955825
G00004,2022-01-03 11:00:00+00:00,lstm_regression,0.15976292
G00004,2022-01-03 12:00:00+00:00,lstm_regression,0.13749556
G00004,2022-01-03 13:00:00+00:00,lstm_regression,0.12664305
G00004,2022-01-03 14:00:00+00:00,lstm_regression,0.19910409
G00004,2022-01-03 15:00:00+00:00,lstm_regression,0.2517625
G00004,2022-01-03 16:00:00+00:00,lstm_regression,0.33610612
G00004,2022-01-03 17:00:00+00:00,lstm_regression,0.29302472
G00004,2022-01-03 18:00:00+00:00,lstm_regression,0.36339414
G00004,2022-01-03 19:00:00+00:00,lstm_regression,0.3188897
G00004,2022-01-03 20:00:00+00:00,lstm_regression,0.14746319
G00004,2022-01-03 21:00:00+00:00,lstm_regression,0.26643616
G00004,2022-01-03 22:00:00+00:00,lstm_regression,0.5414505
G00004,2022-01-03 23:00:00+00:00,lstm_regression,0.76838565
G00004,2022-01-04 00:00:00+00:00,lstm_regression,1.1045063
G00004,2022-01-04 01:00:00+00:00,lstm_regression,0.7174071
G00004,2022-01-04 02:00:00+00:00,lstm_regression,0.73441774
G00004,2022-01-04 03:00:00+00:00,lstm_regression,0.59445506
G00004,2022-01-04 04:00:00+00:00,lstm_regression,0.41347575
G00004,2022-01-04 05:00:00+00:00,lstm_regression,0.20874257
G00004,2022-01-04 06:00:00+00:00,lstm_regression,0.23493
G00004,2022-01-04 07:00:00+00:00,lstm_regression,0.30308264
G00004,2022-01-04 08:00:00+00:00,lstm_regression,0.4543923
G00004,2022-01-04 09:00:00+00:00,lstm_regression,0.26589572
G00004,2022-01-04 10:00:00+00:00,lstm_regression,0.18359464
G00004,2022-01-04 11:00:00+00:00,lstm_regression,0.072085805
G00004,2022-01-04 12:00:00+00:00,lstm_regression,0.1483877
G00004,2022-01-04 13:00:00+00:00,lstm_regression,0.21479093
G00004,2022-01-04 14:00:00+00:00,lstm_regression,0.09166589
G00004,2022-01-04 15:00:00+00:00,lstm_regression,0.33301952
G00004,2022-01-04 16:00:00+00:00,lstm_regression,0.5756673
G00004,2022-01-04 17:00:00+00:00,lstm_regression,0.80531156
G00004,2022-01-04 18:00:00+00:00,lstm_regression,0.34520975
G00004,2022-01-04 19:00:00+00:00,lstm_regression,0.060617305
G00004,2022-01-04 20:00:00+00:00,lstm_regression,0.17603628
G00004,2022-01-04 21:00:00+00:00,lstm_regression,0.49692565
G00004,2022-01-04 22:00:00+00:00,lstm_regression,0.73343927
G00004,2022-01-04 23:00:00+00:00,lstm_regression,0.26886082
G00004,2022-01-05 00:00:00+00:00,lstm_regression,0.0
G00004,2022-01-05 01:00:00+00:00,lstm_regression,0.03882944
G00004,2022-01-05 02:00:00+00:00,lstm_regression,0.23582526
G00004,2022-01-05 03:00:00+00:00,lstm_regression,0.5645359
G00004,2022-01-05 04:00:00+00:00,lstm_regression,0.5617463
G00004,2022-01-05 05:00:00+00:00,lstm_regression,0.23067904
G00004,2022-01-05 06:00:00+00:00,lstm_regression,0.33901298
G00004,2022-01-05 07:00:00+00:00,lstm_regression,0.1025097
G00004,2022-01-05 08:00:00+00:00,lstm_regression,0.18001084
G00004,2022-01-05 09:00:00+00:00,lstm_regression,0.17405584
G00004,2022-01-05 10:00:00+00:00,lstm_regression,0.21686284
G00004,2022-01-05 11:00:00+00:00,lstm_regression,0.07532241
G00004,2022-01-05 12:00:00+00:00,lstm_regression,0.028871497
G00004,2022-01-05 13:00:00+00:00,lstm_regression,0.22184262
G00004,2022-01-05 14:00:00+00:00,lstm_regression,0.24298929
G00004,2022-01-05 15:00:00+00:00,lstm_regression,0.12574054
G00004,2022-01-05 16:00:00+00:00,lstm_regression,0.44460908
G00004,2022-01-05 17:00:00+00:00,lstm_regression,0.5086298
G00004,2022-01-05 18:00:00+00:00,lstm_regression,0.1586716
G00004,2022-01-05 19:00:00+00:00,lstm_regression,0.0
G00004,2022-01-05 20:00:00+00:00,lstm_regression,0.0
G00004,2022-01-05 21:00:00+00:00,lstm_regression,0.0
G00004,2022-01-05 22:00:00+00:00,lstm_regression,0.3695093
G00004,2022-01-05 23:00:00+00:00,lstm_regression,0.22867458
G00004,2022-01-06 00:00:00+00:00,lstm_regression,0.20094079
G00004,2022-01-06 01:00:00+00:00,lstm_regression,0.2937392
G00004,2022-01-06 02:00:00+00:00,lstm_regression,0.30337363
G00004,2022-01-06 03:00:00+00:00,lstm_regression,0.5243623
G00004,2022-01-06 04:00:00+00:00,lstm_regression,0.59850794
G00004,2022-01-06 05:00:00+00:00,lstm_regression,0.31011373
G00004,2022-01-06 06:00:00+00:00,lstm_regression,0.0
G00004,2022-01-06 09:00:00+00:00,lstm_regression,0.14199832
G00004,2022-01-06 11:00:00+00:00,lstm_regression,0.0
G00004,2022-01-06 12:00:00+00:00,lstm_regression,0.025583362
G00004,2022-01-06 14:00:00+00:00,lstm_regression,0.007336503
G00004,2022-01-06 15:00:00+00:00,lstm_regression,0.19605495
G00004,2022-01-06 16:00:00+00:00,lstm_regression,0.30224645
G00004,2022-01-06 17:00:00+00:00,lstm_regression,0.60586977
G00004,2022-01-06 18:00:00+00:00,lstm_regression,0.6618034
G00004,2022-01-06 20:00:00+00:00,lstm_regression,1.0570879
G00004,2022-01-06 21:00:00+00:00,lstm_regression,1.6099503
G00004,2022-01-06 22:00:00+00:00,lstm_regression,2.0822945
G00004,2022-01-06 23:00:00+00:00,lstm_regression,1.9299862
G00004,2022-01-07 00:00:00+00:00,lstm_regression,1.5582298
G00004,2022-01-07 01:00:00+00:00,lstm_regression,1.3253376
G00004,2022-01-07 02:00:00+00:00,lstm_regression,1.3650753
G00004,2022-01-07 03:00:00+00:00,lstm_regression,1.2054957
G00004,2022-01-07 04:00:00+00:00,lstm_regression,0.6801962
G00004,2022-01-07 05:00:00+00:00,lstm_regression,0.24209781
G00004,2022-01-07 06:00:00+00:00,lstm_regression,0.27351063
G00004,2022-01-07 08:00:00+00:00,lstm_regression,0.44457844
G00004,2022-01-07 09:00:00+00:00,lstm_regression,0.50866467
G00004,2022-01-07 10:00:00+00:00,lstm_regression,0.2517631
G00004,2022-01-07 11:00:00+00:00,lstm_regression,0.032512344
G00004,2022-01-07 12:00:00+00:00,lstm_regression,0.0
G00004,2022-01-07 13:00:00+00:00,lstm_regression,0.05762341
G00004,2022-01-07 14:00:00+00:00,lstm_regression,0.20360737
G00004,2022-01-07 15:00:00+00:00,lstm_regression,0.12052163
G00004,2022-01-07 16:00:00+00:00,lstm_regression,0.09420552
G00004,2022-01-07 17:00:00+00:00,lstm_regression,0.17794937
G00004,2022-01-07 18:00:00+00:00,lstm_regression,0.28264874
G00004,2022-01-07 19:00:00+00:00,lstm_regression,0.35275483
G00004,2022-01-07 20:00:00+00:00,lstm_regression,0.401201
G00004,2022-01-07 21:00:00+00:00,lstm_regression,0.1341618
G00004,2022-01-07 22:00:00+00:00,lstm_regression,0.060870253
G00004,2022-01-07 23:00:00+00:00,lstm_regression,0.08295631
G00004,2022-01-08 00:00:00+00:00,lstm_regression,0.52125806
G00004,2022-01-08 01:00:00+00:00,lstm_regression,0.55852437
G00004,2022-01-08 02:00:00+00:00,lstm_regression,0.87918824
G00004,2022-01-08 03:00:00+00:00,lstm_regression,1.1973032
G00004,2022-01-08 04:00:00+00:00,lstm_regression,0.92895514
G00004,2022-01-08 05:00:00+00:00,lstm_regression,0.566436
G00004,2022-01-08 06:00:00+00:00,lstm_regression,0.0
G00004,2022-01-08 07:00:00+00:00,lstm_regression,0.132318
G00004,2022-01-08 08:00:00+00:00,lstm_regression,0.18144724
G00004,2022-01-08 09:00:00+00:00,lstm_regression,0.182029
G00004,2022-01-08 10:00:00+00:00,lstm_regression,0.119538955
G00004,2022-01-08 11:00:00+00:00,lstm_regression,0.115942575
G00004,2022-01-08 12:00:00+00:00,lstm_regression,0.09951944
G00004,2022-01-08 13:00:00+00:00,lstm_regression,0.3159705
G00004,2022-01-08 14:00:00+00:00,lstm_regression,0.33756906
G00004,2022-01-08 15:00:00+00:00,lstm_regression,0.1450084
G00004,2022-01-08 16:00:00+00:00,lstm_regression,0.10575315
G00004,2022-01-08 17:00:00+00:00,lstm_regression,0.16693039
G00004,2022-01-08 18:00:00+00:00,lstm_regression,0.07294968
G00004,2022-01-08 19:00:00+00:00,lstm_regression,0.053604946
G00004,2022-01-08 20:00:00+00:00,lstm_regression,0.035827786
G00004,2022-01-08 21:00:00+00:00,lstm_regression,0.10289008
G00004,2022-01-08 22:00:00+00:00,lstm_regression,0.24275447
G00004,2022-01-08 23:00:00+00:00,lstm_regression,0.42452398
G00004,2022-01-09 00:00:00+00:00,lstm_regression,0.35827345
G00004,2022-01-09 01:00:00+00:00,lstm_regression,0.14829303
G00004,2022-01-09 02:00:00+00:00,lstm_regression,0.0
G00004,2022-01-09 03:00:00+00:00,lstm_regression,0.25089625
G00004,2022-01-09 04:00:00+00:00,lstm_regression,0.55709237
G00004,2022-01-09 05:00:00+00:00,lstm_regression,0.3660498
G00004,2022-01-09 08:00:00+00:00,lstm_regression,0.3059799
G00004,2022-01-09 10:00:00+00:00,lstm_regression,0.21082556
G00004,2022-01-09 11:00:00+00:00,lstm_regression,0.26346713
G00004,2022-01-09 13:00:00+00:00,lstm_regression,0.045753278
G00004,2022-01-09 14:00:00+00:00,lstm_regression,0.029504905
G00004,2022-01-09 15:00:00+00:00,lstm_regression,0.0073013883
G00004,2022-01-09 16:00:00+00:00,lstm_regression,0.0
G00004,2022-01-09 17:00:00+00:00,lstm_regression,0.049616612
G00004,2022-01-09 19:00:00+00:00,lstm_regression,0.19120325
G00004,2022-01-09 22:00:00+00:00,lstm_regression,0.49486494
G00004,2022-01-10 00:00:00+00:00,lstm_regression,0.28304645
G00004,2022-01-10 01:00:00+00:00,lstm_regression,0.4895339
G00004,2022-01-10 03:00:00+00:00,lstm_regression,0.8919262
G00004,2022-01-10 04:00:00+00:00,lstm_regression,0.8308379
G00004,2022-01-10 05:00:00+00:00,lstm_regression,0.8203663
G00004,2022-01-10 07:00:00+00:00,lstm_regression,0.37744325
G00004,2022-01-10 09:00:00+00:00,lstm_regression,0.3067748
G00004,2022-01-10 10:00:00+00:00,lstm_regression,0.10122204
G00004,2022-01-10 11:00:00+00:00,lstm_regression,0.21846183
G00004,2022-01-10 12:00:00+00:00,lstm_regression,0.0
G00004,2022-01-10 13:00:00+00:00,lstm_regression,0.195329
G00004,2022-01-10 14:00:00+00:00,lstm_regression,0.23827146
G00004,2022-01-10 15:00:00+00:00,lstm_regression,0.54515773
G00004,2022-01-10 16:00:00+00:00,lstm_regression,0.67408454
G00004,2022-01-10 17:00:00+00:00,lstm_regression,0.29876983
G00004,2022-01-10 18:00:00+00:00,lstm_regression,0.011463558
G00004,2022-01-10 19:00:00+00:00,lstm_regression,0.0
G00004,2022-01-10 21:00:00+00:00,lstm_regression,0.1692877
G00004,2022-01-10 22:00:00+00:00,lstm_regression,0.30592954
G00004,2022-01-10 23:00:00+00:00,lstm_regression,0.41180375
G00004,2022-01-11 00:00:00+00:00,lstm_regression,0.67247397
G00004,2022-01-11 01:00:00+00:00,lstm_regression,0.79534703
G00004,2022-01-11 02:00:00+00:00,lstm_regression,1.0335718
G00004,2022-01-11 03:00:00+00:00,lstm_regression,1.6772857
G00004,2022-01-11 04:00:00+00:00,lstm_regression,1.1047833
G00004,2022-01-11 05:00:00+00:00,lstm_regression,0.6139059
G00004,2022-01-11 06:00:00+00:00,lstm_regression,0.43301737
G00004,2022-01-11 07:00:00+00:00,lstm_regression,0.38107052
G00004,2022-01-11 08:00:00+00:00,lstm_regression,0.51839614
G00004,2022-01-11 09:00:00+00:00,lstm_regression,0.30095047
G00004,2022-01-11 10:00:00+00:00,lstm_regression,0.104763
G00004,2022-01-11 11:00:00+00:00,lstm_regression,0.0
G00004,2022-01-11 12:00:00+00:00,lstm_regression,0.0
G00004,2022-01-11 13:00:00+00:00,lstm_regression,0.0
G00004,2022-01-11 14:00:00+00:00,lstm_regression,0.0
G00004,2022-01-11 15:00:00+00:00,lstm_regression,0.2579624
G00004,2022-01-11 16:00:00+00:00,lstm_regression,0.17278062
G00004,2022-01-11 17:00:00+00:00,lstm_regression,0.3889516
G00004,2022-01-11 18:00:00+00:00,lstm_regression,0.5565979
G00004,2022-01-11 19:00:00+00:00,lstm_regression,0.2268029
G00004,2022-01-11 20:00:00+00:00,lstm_regression,0.25268453
G00004,2022-01-11 21:00:00+00:00,lstm_regression,0.008198714
G00004,2022-01-11 22:00:00+00:00,lstm_regression,0.13374335
G00004,2022-01-11 23:00:00+00:00,lstm_regression,0.4449869
G00004,2022-01-12 00:00:00+00:00,lstm_regression,0.673789
G00004,2022-01-12 01:00:00+00:00,lstm_regression,0.24100895
G00004,2022-01-12 02:00:00+00:00,lstm_regression,0.18927856
G00004,2022-01-12 03:00:00+00:00,lstm_regression,0.20290075
G00004,2022-01-12 04:00:00+00:00,lstm_regression,0.08176496
G00004,2022-01-12 05:00:00+00:00,lstm_regression,0.5019248
G00004,2022-01-12 06:00:00+00:00,lstm_regression,0.5704095
G00004,2022-01-12 07:00:00+00:00,lstm_regression,0.367217
G00004,2022-01-12 08:00:00+00:00,lstm_regression,0.3219567
G00004,2022-01-12 09:00:00+00:00,lstm_regression,0.036146022
G00004,2022-01-12 10:00:00+00:00,lstm_regression,0.08347335
G00004,2022-01-12 11:00:00+00:00,lstm_regression,0.0
G00004,2022-01-12 12:00:00+00:00,lstm_regression,0.0
G00004,2022-01-12 13:00:00+00:00,lstm_regression,0.030991485
G00004,2022-01-12 14:00:00+00:00,lstm_regression,0.0
G00004,2022-01-12 15:00:00+00:00,lstm_regression,0.0
G00004,2022-01-12 16:00:00+00:00,lstm_regression,0.40459868
G00004,2022-01-12 17:00:00+00:00,lstm_regression,0.20071204
G00004,2022-01-12 18:00:00+00:00,lstm_regression,0.2871513
G00004,2022-01-12 19:00:00+00:00,lstm_regression,0.35317293
G00004,2022-01-12 20:00:00+00:00,lstm_regression,0.57765853
G00004,2022-01-12 21:00:00+00:00,lstm_regression,0.7943765
G00004,2022-01-12 22:00:00+00:00,lstm_regression,1.3064514
G00004,2022-01-12 23:00:00+00:00,lstm_regression,1.1641666
G00004,2022-01-13 00:00:00+00:00,lstm_regression,1.4186349
G00004,2022-01-13 01:00:00+00:00,lstm_regression,0.92992884
G00004,2022-01-13 02:00:00+00:00,lstm_regression,0.4320292
G00004,2022-01-13 03:00:00+00:00,lstm_regression,0.07206828
G00004,2022-01-13 04:00:00+00:00,lstm_regression,0.13211007
G00004,2022-01-13 05:00:00+00:00,lstm_regression,0.19443299
G00004,2022-01-13 06:00:00+00:00,lstm_regression,0.3148085
G00004,2022-01-13 07:00:00+00:00,lstm_regression,0.41297895
G00004,2022-01-13 08:00:00+00:00,lstm_regression,0.13933073
G00004,2022-01-13 09:00:00+00:00,lstm_regression,0.06618011
G00004,2022-01-13 10:00:00+00:00,lstm_regression,0.0
G00004,2022-01-13 11:00:00+00:00,lstm_regression,0.0
G00004,2022-01-13 12:00:00+00:00,lstm_regression,0.0
G00004,2022-01-13 13:00:00+00:00,lstm_regression,0.0
G00004,2022-01-13 14:00:00+00:00,lstm_regression,0.04756829
G00004,2022-01-13 15:00:00+00:00,lstm_regression,0.0
G00004,2022-01-13 16:00:00+00:00,lstm_regression,0.46028233
G00004,2022-01-13 17:00:00+00:00,lstm_regression,0.6776466
G00004,2022-01-13 18:00:00+00:00,lstm_regression,0.7717004
G00004,2022-01-13 19:00:00+00:00,lstm_regression,0.30877694
G00004,2022-01-13 20:00:00+00:00,lstm_regression,0.21815087
G00004,2022-01-13 21:00:00+00:00,lstm_regression,0.6135748
G00004,2022-01-13 22:00:00+00:00,lstm_regression,0.48414403
G00004,2022-01-13 23:00:00+00:00,lstm_regression,0.2849126
G00004,2022-01-14 00:00:00+00:00,lstm_regression,0.19004266
G00004,2022-01-14 01:00:00+00:00,lstm_regression,0.026995545
G00004,2022-01-14 02:00:00+00:00,lstm_regression,0.46168232
G00004,2022-01-14 03:00:00+00:00,lstm_regression,0.6212758
G00004,2022-01-14 04:00:00+00:00,lstm_regression,0.44279015
G00004,2022-01-14 05:00:00+00:00,lstm_regression,0.59552926
G00004,2022-01-14 08:00:00+00:00,lstm_regression,0.5420492
G00004,2022-01-14 10:00:00+00:00,lstm_regression,0.41208857
G00004,2022-01-14 11:00:00+00:00,lstm_regression,0.11096015
G00004,2022-01-14 13:00:00+00:00,lstm_regression,0.02219168
G00004,2022-01-14 14:00:00+00:00,lstm_regression,0.17815238
G00004,2022-01-14 15:00:00+00:00,lstm_regression,0.2631932
G00004,2022-01-14 16:00:00+00:00,lstm_regression,0.34615305
G00004,2022-01-14 17:00:00+00:00,lstm_regression,0.3381976
G00004,2022-01-14 19:00:00+00:00,lstm_regression,0.27684677
G00004,2022-01-14 20:00:00+00:00,lstm_regression,0.39394772
G00004,2022-01-14 21:00:00+00:00,lstm_regression,0.2019008
G00004,2022-01-14 22:00:00+00:00,lstm_regression,0.36276317
G00004,2022-01-14 23:00:00+00:00,lstm_regression,0.30108696
G00004,2022-01-15 00:00:00+00:00,lstm_regression,0.63476765
G00004,2022-01-15 01:00:00+00:00,lstm_regression,0.8409675
G00004,2022-01-15 02:00:00+00:00,lstm_regression,1.0010384
G00004,2022-01-15 03:00:00+00:00,lstm_regression,0.87603855
G00004,2022-01-15 04:00:00+00:00,lstm_regression,1.1668414
G00004,2022-01-15 05:00:00+00:00,lstm_regression,0.8230208
G00004,2022-01-15 07:00:00+00:00,lstm_regression,0.89070064
G00004,2022-01-15 08:00:00+00:00,lstm_regression,0.31527027
G00004,2022-01-15 09:00:00+00:00,lstm_regression,0.0
G00004,2022-01-15 10:00:00+00:00,lstm_regression,0.014803937
G00004,2022-01-15 11:00:00+00:00,lstm_regression,0.0
G00004,2022-01-15 12:00:00+00:00,lstm_regression,0.0
G00004,2022-01-15 13:00:00+00:00,lstm_regression,0.0
G00004,2022-01-15 14:00:00+00:00,lstm_regression,0.0
G00004,2022-01-15 15:00:00+00:00,lstm_regression,0.0
G00004,2022-01-15 16:00:00+00:00,lstm_regression,0.0
G00004,2022-01-15 17:00:00+00:00,lstm_regression,0.0
G00004,2022-01-15 18:00:00+00:00,lstm_regression,0.096705884
G00004,2022-01-15 19:00:00+00:00,lstm_regression,0.2073712
G00004,2022-01-15 20:00:00+00:00,lstm_regression,0.29021394
G00004,2022-01-15 21:00:00+00:00,lstm_regression,0.47116652
G00004,2022-01-15 22:00:00+00:00,lstm_regression,0.4337149
G00004,2022-01-16 01:00:00+00:00,lstm_regression,0.83449394
G00004,2022-01-16 03:00:00+00:00,lstm_regression,0.832196
G00004,2022-01-16 04:00:00+00:00,lstm_regression,0.37011188
G00004,2022-01-16 06:00:00+00:00,lstm_regression,0.3449337
G00004,2022-01-16 07:00:00+00:00,lstm_regression,0.5186525
G00004,2022-01-16 08:00:00+00:00,lstm_regression,0.014378769
G00004,2022-01-16 09:00:00+00:00,lstm_regression,0.082225226
G00004,2022-01-16 10:00:00+00:00,lstm_regression,0.0
G00004,2022-01-16 12:00:00+00:00,lstm_regression,0.0
G00004,2022-01-16 13:00:00+00:00,lstm_regression,0.0
G00004,2022-01-16 14:00:00+00:00,lstm_regression,0.0
G00004,2022-01-16 15:00:00+00:00,lstm_regression,0.0
G00004,2022-01-16 16:00:00+00:00,lstm_regression,0.0
G00004,2022-01-16 17:00:00+00:00,lstm_regression,0.0023075547
G00004,2022-01-16 18:00:00+00:00,lstm_regression,0.14995621
G00004,2022-01-16 19:00:00+00:00,lstm_regression,0.24996884
G00004,2022-01-16 20:00:00+00:00,lstm_regression,0.26174957
G00004,2022-01-16 21:00:00+00:00,lstm_regression,0.20712614
G00004,2022-01-16 22:00:00+00:00,lstm_regression,0.31654125
G00004,2022-01-17 00:00:00+00:00,lstm_regression,0.47481093
G00004,2022-01-17 01:00:00+00:00,lstm_regression,0.15205678
G00004,2022-01-17 02:00:00+00:00,lstm_regression,0.44108075
G00004,2022-01-17 03:00:00+00:00,lstm_regression,0.44759315
G00004,2022-01-17 04:00:00+00:00,lstm_regression,0.17588787
G00004,2022-01-17 05:00:00+00:00,lstm_regression,0.0
G00004,2022-01-17 06:00:00+00:00,lstm_regression,0.09116799
G00004,2022-01-17 07:00:00+00:00,lstm_regression,0.072378725
G00004,2022-01-17 08:00:00+00:00,lstm_regression,0.0
G00004,2022-01-17 09:00:00+00:00,lstm_regression,0.0
G00004,2022-01-17 10:00:00+00:00,lstm_regression,0.0
G00004,2022-01-17 11:00:00+00:00,lstm_regression,0.0
G00004,2022-01-17 12:00:00+00:00,lstm_regression,0.0
G00004,2022-01-17 13:00:00+00:00,lstm_regression,0.0
G00004,2022-01-17 14:00:00+00:00,lstm_regression,0.0
G00004,2022-01-17 15:00:00+00:00,lstm_regression,0.02452257
G00004,2022-01-17 16:00:00+00:00,lstm_regression,0.0038596
G00004,2022-01-17 17:00:00+00:00,lstm_regression,0.08432977
G00004,2022-01-17 18:00:00+00:00,lstm_regression,0.18556179
G00004,2022-01-17 19:00:00+00:00,lstm_regression,0.3671883
G00004,2022-01-17 20:00:00+00:00,lstm_regression,0.3955024
G00004,2022-01-17 21:00:00+00:00,lstm_regression,0.6361042
G00004,2022-01-17 22:00:00+00:00,lstm_regression,0.6654215
G00004,2022-01-17 23:00:00+00:00,lstm_regression,0.21643849
G00004,2022-01-18 00:00:00+00:00,lstm_regression,0.49002904
G00004,2022-01-18 01:00:00+00:00,lstm_regression,0.7130485
G00004,2022-01-18 02:00:00+00:00,lstm_regression,0.69669026
G00004,2022-01-18 03:00:00+00:00,lstm_regression,0.90796965
G00004,2022-01-18 04:00:00+00:00,lstm_regression,0.8870496
G00004,2022-01-18 05:00:00+00:00,lstm_regression,0.827317
G00004,2022-01-18 06:00:00+00:00,lstm_regression,0.8300428
G00004,2022-01-18 07:00:00+00:00,lstm_regression,0.3935498
G00004,2022-01-18 08:00:00+00:00,lstm_regression,0.03233192
G00004,2022-01-18 09:00:00+00:00,lstm_regression,0.0808282
G00004,2022-01-18 10:00:00+00:00,lstm_regression,0.07085058
G00004,2022-01-18 11:00:00+00:00,lstm_regression,0.0
G00004,2022-01-18 12:00:00+00:00,lstm_regression,0.0
G00004,2022-01-18 13:00:00+00:00,lstm_regression,0.0
G00004,2022-01-18 14:00:00+00:00,lstm_regression,0.0
G00004,2022-01-18 15:00:00+00:00,lstm_regression,0.0
G00004,2022-01-18 18:00:00+00:00,lstm_regression,0.14445336
G00004,2022-01-18 20:00:00+00:00,lstm_regression,0.24786238
G00004,2022-01-18 21:00:00+00:00,lstm_regression,0.0
G00004,2022-01-18 23:00:00+00:00,lstm_regression,0.39676535
G00004,2022-01-19 00:00:00+00:00,lstm_regression,0.55885303
G00004,2022-01-19 01:00:00+00:00,lstm_regression,0.82276624
G00004,2022-01-19 02:00:00+00:00,lstm_regression,0.7308945
G00004,2022-01-19 03:00:00+00:00,lstm_regression,0.54541785
G00004,2022-01-19 05:00:00+00:00,lstm_regression,0.5562925
G00004,2022-01-19 06:00:00+00:00,lstm_regression,0.2810096
G00004,2022-01-19 07:00:00+00:00,lstm_regression,0.3722453
G00004,2022-01-19 08:00:00+00:00,lstm_regression,0.03814988
G00004,2022-01-19 09:00:00+00:00,lstm_regression,0.0
G00004,2022-01-19 10:00:00+00:00,lstm_regression,0.0
G00004,2022-01-19 11:00:00+00:00,lstm_regression,0.0
G00004,2022-01-19 12:00:00+00:00,lstm_regression,0.019340781
G00004,2022-01-19 13:00:00+00:00,lstm_regression,0.0
G00004,2022-01-19 14:00:00+00:00,lstm_regression,0.21354952
G00004,2022-01-19 15:00:00+00:00,lstm_regression,0.19186914
G00004,2022-01-19 17:00:00+00:00,lstm_regression,0.3683451
G00004,2022-01-19 18:00:00+00:00,lstm_regression,0.4131482
G00004,2022-01-19 19:00:00+00:00,lstm_regression,0.17702985
G00004,2022-01-19 20:00:00+00:00,lstm_regression,0.115488715
G00004,2022-01-19 21:00:00+00:00,lstm_regression,0.17223099
G00004,2022-01-19 22:00:00+00:00,lstm_regression,0.14020775
G00004,2022-01-19 23:00:00+00:00,lstm_regression,0.20092921
G00004,2022-01-20 00:00:00+00:00,lstm_regression,0.14114855
G00004,2022-01-20 01:00:00+00:00,lstm_regression,0.52815306
G00004,2022-01-20 02:00:00+00:00,lstm_regression,0.8116273
G00004,2022-01-20 03:00:00+00:00,lstm_regression,0.7071809
G00004,2022-01-20 04:00:00+00:00,lstm_regression,1.0413303
G00004,2022-01-20 05:00:00+00:00,lstm_regression,0.7726653
G00004,2022-01-20 06:00:00+00:00,lstm_regression,0.87360114
G00004,2022-01-20 07:00:00+00:00,lstm_regression,0.9939415
G00004,2022-01-20 08:00:00+00:00,lstm_regression,0.93979234
G00004,2022-01-20 09:00:00+00:00,lstm_regression,0.641455
G00004,2022-01-20 10:00:00+00:00,lstm_regression,0.30265757
G00004,2022-01-20 11:00:00+00:00,lstm_regression,0.3740755
G00004,2022-01-20 12:00:00+00:00,lstm_regression,0.38273853
G00004,2022-01-20 13:00:00+00:00,lstm_regression,0.20580132
G00004,2022-01-20 14:00:00+00:00,lstm_regression,0.11790153
G00004,2022-01-20 15:00:00+00:00,lstm_regression,0.06833804
G00004,2022-01-20 16:00:00+00:00,lstm_regression,0.0
G00004,2022-01-20 17:00:00+00:00,lstm_regression,0.0
G00004,2022-01-20 18:00:00+00:00,lstm_regression,0.0
G00004,2022-01-20 19:00:00+00:00,lstm_regression,0.058077723
G00004,2022-01-20 20:00:00+00:00,lstm_regression,0.085260876
G00004,2022-01-20 21:00:00+00:00,lstm_regression,0.18338846
G00004,2022-01-20 22:00:00+00:00,lstm_regression,0.19070412
G00004,2022-01-20 23:00:00+00:00,lstm_regression,0.41899982
G00004,2022-01-21 00:00:00+00:00,lstm_regression,0.47873032
G00004,2022-01-21 01:00:00+00:00,lstm_regression,0.58559024
G00004,2022-01-21 02:00:00+00:00,lstm_regression,0.27717
G00004,2022-01-21 03:00:00+00:00,lstm_regression,0.4904738
G00004,2022-01-21 04:00:00+00:00,lstm_regression,0.5253833
G00004,2022-01-21 05:00:00+00:00,lstm_regression,0.39478904
G00004,2022-01-21 06:00:00+00:00,lstm_regression,0.6688127
G00004,2022-01-21 07:00:00+00:00,lstm_regression,0.545515
G00004,2022-01-21 08:00:00+00:00,lstm_regression,0.23649414
G00004,2022-01-21 09:00:00+00:00,lstm_regression,0.19141409
G00004,2022-01-21 10:00:00+00:00,lstm_regression,0.15334137
G00004,2022-01-21 11:00:00+00:00,lstm_regression,0.1398921
G00004,2022-01-21 12:00:00+00:00,lstm_regression,0.05580648
G00004,2022-01-21 13:00:00+00:00,lstm_regression,0.0
G00004,2022-01-21 14:00:00+00:00,lstm_regression,0.0
G00004,2022-01-21 15:00:00+00:00,lstm_regression,0.0
G00004,2022-01-21 16:00:00+00:00,lstm_regression,0.0
G00004,2022-01-21 17:00:00+00:00,lstm_regression,0.0
G00004,2022-01-21 18:00:00+00:00,lstm_regression,0.0
G00004,2022-01-21 19:00:00+00:00,lstm_regression,0.0
G00005,2022-01-02 00:00:00+00:00,lstm_regression,0.9628011
G00005,2022-01-02 01:00:00+00:00,lstm_regression,1.4960686
G00005,2022-01-02 02:00:00+00:00,lstm_regression,1.6937228
G00005,2022-01-02 03:00:00+00:00,lstm_regression,2.114454
G00005,2022-01-02 04:00:00+00:00,lstm_regression,2.3583133
G00005,2022-01-02 05:00:00+00:00,lstm_regression,2.3275664
G00005,2022-01-02 06:00:00+00:00,lstm_regression,1.6443185
G00005,2022-01-02 07:00:00+00:00,lstm_regression,0.76926845
G00005,2022-01-02 08:00:00+00:00,lstm_regression,0.484245
G00005,2022-01-02 09:00:00+00:00,lstm_regression,0.46695656
G00005,2022-01-02 10:00:00+00:00,lstm_regression,0.36512542
G00005,2022-01-02 11:00:00+00:00,lstm_regression,0.50113595
G00005,2022-01-02 12:00:00+00:00,lstm_regression,0.3953527
G00005,2022-01-02 13:00:00+00:00,lstm_regression,0.15563385
G00005,2022-01-02 14:00:00+00:00,lstm_regression,0.09631396
G00005,2022-01-02 15:00:00+00:00,lstm_regression,0.12294798
G00005,2022-01-02 16:00:00+00:00,lstm_regression,0.31351238
G00005,2022-01-02 17:00:00+00:00,lstm_regression,0.6766524
G00005,2022-01-02 18:00:00+00:00,lstm_regression,0.8854599
G00005,2022-01-02 19:00:00+00:00,lstm_regression,0.53788185
G00005,2022-01-02 20:00:00+00:00,lstm_regression,0.66848165
G00005,2022-01-02 21:00:00+00:00,lstm_regression,0.91050524
G00005,2022-01-02 22:00:00+00:00,lstm_regression,1.1377593
G00005,2022-01-02 23:00:00+00:00,lstm_regression,1.3874362
G00005,2022-01-03 00:00:00+00:00,lstm_regression,1.0222915
G00005,2022-01-03 01:00:00+00:00,lstm_regression,0.38090318
G00005,2022-01-03 02:00:00+00:00,lstm_regression,0.34256566
G00005,2022-01-03 03:00:00+00:00,lstm_regression,0.57979864
G00005,2022-01-03 04:00:00+00:00,lstm_regression,0.49336755
G00005,2022-01-03 05:00:00+00:00,lstm_regression,0.5145265
G00005,2022-01-03 06:00:00+00:00,lstm_regression,0.68586546
G00005,2022-01-03 07:00:00+00:00,lstm_regression,0.08495038
G00005,2022-01-03 08:00:00+00:00,lstm_regression,0.0
G00005,2022-01-03 09:00:00+00:00,lstm_regression,0.0
G00005,2022-01-03 10:00:00+00:00,lstm_regression,0.0
G00005,2022-01-03 11:00:00+00:00,lstm_regression,0.13372792
G00005,2022-01-03 12:00:00+00:00,lstm_regression,0.1293908
G00005,2022-01-03 13:00:00+00:00,lstm_regression,0.35905576
G00005,2022-01-03 14:00:00+00:00,lstm_regression,0.39225295
G00005,2022-01-03 15:00:00+00:00,lstm_regression,0.4078366
G00005,2022-01-03 16:00:00+00:00,lstm_regression,0.37055808
G00005,2022-01-03 17:00:00+00:00,lstm_regression,0.12986194
G00005,2022-01-03 18:00:00+00:00,lstm_regression,0.110585116
G00005,2022-01-03 19:00:00+00:00,lstm_regression,0.36399296
G00005,2022-01-03 20:00:00+00:00,lstm_regression,0.28794232
G00005,2022-01-03 21:00:00+00:00,lstm_regression,0.14760846
G00005,2022-01-03 22:00:00+00:00,lstm_regression,0.27983457
G00005,2022-01-03 23:00:00+00:00,lstm_regression,0.38731167
G00005,2022-01-04 00:00:00+00:00,lstm_regression,0.5145827
G00005,2022-01-04 01:00:00+00:00,lstm_regression,0.52511257
G00005,2022-01-04 02:00:00+00:00,lstm_regression,0.4020741
G00005,2022-01-04 03:00:00+00:00,lstm_regression,0.51730305
G00005,2022-01-04 04:00:00+00:00,lstm_regression,0.13039838
G00005,2022-01-04 05:00:00+00:00,lstm_regression,0.31148723
G00005,2022-01-04 06:00:00+00:00,lstm_regression,0.45883453
G00005,2022-01-04 07:00:00+00:00,lstm_regression,0.4780781
G00005,2022-01-04 08:00:00+00:00,lstm_regression,0.31629932
G00005,2022-01-04 09:00:00+00:00,lstm_regression,0.061977394
G00005,2022-01-04 10:00:00+00:00,lstm_regression,0.13265726
G00005,2022-01-04 11:00:00+00:00,lstm_regression,0.16816084
G00005,2022-01-04 12:00:00+00:00,lstm_regression,0.15935321
G00005,2022-01-04 13:00:00+00:00,lstm_regression,0.18220344
G00005,2022-01-04 14:00:00+00:00,lstm_regression,0.119872324
G00005,2022-01-04 15:00:00+00:00,lstm_regression,0.024684137
G00005,2022-01-04 16:00:00+00:00,lstm_regression,0.10406111
G00005,2022-01-04 17:00:00+00:00,lstm_regression,0.069423296
G00005,2022-01-04 18:00:00+00:00,lstm_regression,0.27256107
G00005,2022-01-04 19:00:00+00:00,lstm_regression,0.037002854
G00005,2022-01-04 20:00:00+00:00,lstm_regression,0.022961834
G00005,2022-01-04 21:00:00+00:00,lstm_regression,0.0
G00005,2022-01-04 22:00:00+00:00,lstm_regression,0.0
G00005,2022-01-04 23:00:00+00:00,lstm_regression,0.15435702
G00005,2022-01-05 00:00:00+00:00,lstm_regression,0.21451639
G00005,2022-01-05 01:00:00+00:00,lstm_regression,0.021174295
G00005,2022-01-05 02:00:00+00:00,lstm_regression,0.45242023
G00005,2022-01-05 03:00:00+00:00,lstm_regression,0.3295861
G00005,2022-01-05 04:00:00+00:00,lstm_regression,0.51611227
G00005,2022-01-05 05:00:00+00:00,lstm_regression,0.37903985
G00005,2022-01-05 06:00:00+00:00,lstm_regression,0.6553735
G00005,2022-01-05 07:00:00+00:00,lstm_regression,0.67236435
G00005,2022-01-05 08:00:00+00:00,lstm_regression,0.539834
G00005,2022-01-05 09:00:00+00:00,lstm_regression,0.5756252
G00005,2022-01-05 10:00:00+00:00,lstm_regression,0.2756656
G00005,2022-01-05 11:00:00+00:00,lstm_regression,0.13056771
G00005,2022-01-05 12:00:00+00:00,lstm_regression,0.25457534
G00005,2022-01-05 13:00:00+00:00,lstm_regression,0.029028257
G00005,2022-01-05 14:00:00+00:00,lstm_regression,0.021897947
G00005,2022-01-05 15:00:00+00:00,lstm_regression,0.0
G00005,2022-01-05 16:00:00+00:00,lstm_regression,0.0
G00005,2022-01-05 17:00:00+00:00,lstm_regression,0.14627329
G00005,2022-01-05 18:00:00+00:00,lstm_regression,0.41344744
G00005,2022-01-05 19:00:00+00:00,lstm_regression,0.6406881
G00005,2022-01-05 20:00:00+00:00,lstm_regression,0.594996
G00005,2022-01-05 21:00:00+00:00,lstm_regression,0.4522771
G00005,2022-01-05 22:00:00+00:00,lstm_regression,0.378502
G00005,2022-01-05 23:00:00+00:00,lstm_regression,0.83277416
G00005,2022-01-06 00:00:00+00:00,lstm_regression,1.0807376
G00005,2022-01-06 01:00:00+00:00,lstm_regression,0.8234654
G00005,2022-01-06 02:00:00+00:00,lstm_regression,0.7794147
G00005,2022-01-06 03:00:00+00:00,lstm_regression,0.7156543
G00005,2022-01-06 04:00:00+00:00,lstm_regression,0.69466066
G00005,2022-01-06 05:00:00+00:00,lstm_regression,0.1141135
G00005,2022-01-06 06:00:00+00:00,lstm_regression,0.07288814
G00005,2022-01-06 07:00:00+00:00,lstm_regression,0.0
G00005,2022-01-06 08:00:00+00:00,lstm_regression,0.044743672
G00005,2022-01-06 09:00:00+00:00,lstm_regression,0.0
G00005,2022-01-06 10:00:00+00:00,lstm_regression,0.0
G00005,2022-01-06 11:00:00+00:00,lstm_regression,0.0
G00005,2022-01-06 12:00:00+00:00,lstm_regression,0.07681426
G00005,2022-01-06 13:00:00+00:00,lstm_regression,0.13323963
G00005,2022-01-06 14:00:00+00:00,lstm_regression,0.1618467
G00005,2022-01-06 15:00:00+00:00,lstm_regression,0.2695856
G00005,2022-01-06 16:00:00+00:00,lstm_regression,0.34949043
G00005,2022-01-06 17:00:00+00:00,lstm_regression,0.49532294
G00005,2022-01-06 18:00:00+00:00,lstm_regression,0.7112439
G00005,2022-01-06 19:00:00+00:00,lstm_regression,1.045731
G00005,2022-01-06 20:00:00+00:00,lstm_regression,1.7053906
G00005,2022-01-06 21:00:00+00:00,lstm_regression,2.241976
G00005,2022-01-06 22:00:00+00:00,lstm_regression,1.0031172
G00005,2022-01-06 23:00:00+00:00,lstm_regression,0.78622943
G00005,2022-01-07 00:00:00+00:00,lstm_regression,0.6929974
G00005,2022-01-07 01:00:00+00:00,lstm_regression,0.8906364
G00005,2022-01-07 02:00:00+00:00,lstm_regression,0.41723776
G00005,2022-01-07 03:00:00+00:00,lstm_regression,0.38222528
G00005,2022-01-07 04:00:00+00:00,lstm_regression,0.36800084
G00005,2022-01-07 05:00:00+00:00,lstm_regression,0.40812647
G00005,2022-01-07 06:00:00+00:00,lstm_regression,0.18807444
G00005,2022-01-07 07:00:00+00:00,lstm_regression,0.13039148
G00005,2022-01-07 08:00:00+00:00,lstm_regression,0.1815927
G00005,2022-01-07 09:00:00+00:00,lstm_regression,0.18519631
G00005,2022-01-07 10:00:00+00:00,lstm_regression,0.0
G00005,2022-01-07 11:00:00+00:00,lstm_regression,0.0
G00005,2022-01-07 12:00:00+00:00,lstm_regression,0.07429868
G00005,2022-01-07 13:00:00+00:00,lstm_regression,0.18936634
G00005,2022-01-07 14:00:00+00:00,lstm_regression,0.25742662
G00005,2022-01-07 15:00:00+00:00,lstm_regression,0.16352479
G00005,2022-01-07 16:00:00+00:00,lstm_regression,0.22865091
G00005,2022-01-07 17:00:00+00:00,lstm_regression,0.24156351
G00005,2022-01-07 18:00:00+00:00,lstm_regression,0.07622489
G00005,2022-01-07 19:00:00+00:00,lstm_regression,0.11737981
G00005,2022-01-07 20:00:00+00:00,lstm_regression,0.24998204
G00005,2022-01-07 21:00:00+00:00,lstm_regression,0.5820557
G00005,2022-01-07 22:00:00+00:00,lstm_regression,0.75287676
G00005,2022-01-07 23:00:00+00:00,lstm_regression,1.1332006
G00005,2022-01-08 00:00:00+00:00,lstm_regression,1.7709134
G00005,2022-01-08 01:00:00+00:00,lstm_regression,2.062898
G00005,2022-01-08 02:00:00+00:00,lstm_regression,1.440131
G00005,2022-01-08 03:00:00+00:00,lstm_regression,0.66680723
G00005,2022-01-08 06:00:00+00:00,lstm_regression,0.43335703
G00005,2022-01-08 08:00:00+00:00,lstm_regression,0.17701477
G00005,2022-01-08 09:00:00+00:00,lstm_regression,0.05336707
G00005,2022-01-08 11:00:00+00:00,lstm_regression,0.1464987
G00005,2022-01-08 14:00:00+00:00,lstm_regression,0.34837663
G00005,2022-01-08 17:00:00+00:00,lstm_regression,0.34431526
G00005,2022-01-08 19:00:00+00:00,lstm_regression,0.40658912
G00005,2022-01-08 20:00:00+00:00,lstm_regression,0.14686531
G00005,2022-01-08 21:00:00+00:00,lstm_regression,0.21937545
G00005,2022-01-08 22:00:00+00:00,lstm_regression,0.0726303
G00005,2022-01-08 23:00:00+00:00,lstm_regression,0.5782222
G00005,2022-01-09 01:00:00+00:00,lstm_regression,0.21948689
G00005,2022-01-09 02:00:00+00:00,lstm_regression,0.23937772
G00005,2022-01-09 03:00:00+00:00,lstm_regression,0.16537933
G00005,2022-01-09 05:00:00+00:00,lstm_regression,0.43621063
G00005,2022-01-09 06:00:00+00:00,lstm_regression,0.5090162
G00005,2022-01-09 07:00:00+00:00,lstm_regression,0.2647375
G00005,2022-01-09 08:00:00+00:00,lstm_regression,0.37812912
G00005,2022-01-09 09:00:00+00:00,lstm_regression,0.28682828
G00005,2022-01-09 10:00:00+00:00,lstm_regression,0.35099167
G00005,2022-01-09 11:00:00+00:00,lstm_regression,0.5691914
G00005,2022-01-09 13:00:00+00:00,lstm_regression,0.06368648
G00005,2022-01-09 14:00:00+00:00,lstm_regression,0.0
G00005,2022-01-09 15:00:00+00:00,lstm_regression,0.0
G00005,2022-01-09 16:00:00+00:00,lstm_regression,0.03363397
G00005,2022-01-09 17:00:00+00:00,lstm_regression,0.0
G00005,2022-01-09 18:00:00+00:00,lstm_regression,0.0
G00005,2022-01-09 19:00:00+00:00,lstm_regression,0.19934204
G00005,2022-01-09 20:00:00+00:00,lstm_regression,0.28238052
G00005,2022-01-09 21:00:00+00:00,lstm_regression,0.5723629
G00005,2022-01-09 22:00:00+00:00,lstm_regression,0.593083
G00005,2022-01-09 23:00:00+00:00,lstm_regression,0.8092054
G00005,2022-01-10 00:00:00+00:00,lstm_regression,0.24675943
G00005,2022-01-10 01:00:00+00:00,lstm_regression,0.20017043
G00005,2022-01-10 02:00:00+00:00,lstm_regression,0.440941
G00005,2022-01-10 03:00:00+00:00,lstm_regression,0.5060963
G00005,2022-01-10 04:00:00+00:00,lstm_regression,0.42372084
G00005,2022-01-10 05:00:00+00:00,lstm_regression,0.2200893
G00005,2022-01-10 06:00:00+00:00,lstm_regression,0.02049183
G00005,2022-01-10 07:00:00+00:00,lstm_regression,0.15278484
G00005,2022-01-10 08:00:00+00:00,lstm_regression,0.0775288
G00005,2022-01-10 09:00:00+00:00,lstm_regression,0.23068431
G00005,2022-01-10 10:00:00+00:00,lstm_regression,0.22183011
G00005,2022-01-10 11:00:00+00:00,lstm_regression,0.20148967
G00005,2022-01-10 12:00:00+00:00,lstm_regression,0.069726445
G00005,2022-01-10 13:00:00+00:00,lstm_regression,0.1292902
G00005,2022-01-10 14:00:00+00:00,lstm_regression,0.15609033
G00005,2022-01-10 15:00:00+00:00,lstm_regression,0.20211406
G00005,2022-01-10 16:00:00+00:00,lstm_regression,0.22452942
G00005,2022-01-10 17:00:00+00:00,lstm_regression,0.1011707
G00005,2022-01-10 18:00:00+00:00,lstm_regression,0.089907385
G00005,2022-01-10 19:00:00+00:00,lstm_regression,0.11361932
G00005,2022-01-10 20:00:00+00:00,lstm_regression,0.22283675
G00005,2022-01-10 21:00:00+00:00,lstm_regression,0.45304734
G00005,2022-01-10 22:00:00+00:00,lstm_regression,0.88945264
G00005,2022-01-10 23:00:00+00:00,lstm_regression,1.3462157
G00005,2022-01-11 00:00:00+00:00,lstm_regression,0.49596632
G00005,2022-01-11 01:00:00+00:00,lstm_regression,0.015503382
G00005,2022-01-11 02:00:00+00:00,lstm_regression,0.0004467275
G00005,2022-01-11 03:00:00+00:00,lstm_regression,0.17488413
G00005,2022-01-11 04:00:00+00:00,lstm_regression,0.31752723
G00005,2022-01-11 05:00:00+00:00,lstm_regression,0.21814786
G00005,2022-01-11 06:00:00+00:00,lstm_regression,0.0
G00005,2022-01-11 07:00:00+00:00,lstm_regression,0.0
G00005,2022-01-11 08:00:00+00:00,lstm_regression,0.008435627
G00005,2022-01-11 09:00:00+00:00,lstm_regression,0.0
G00005,2022-01-11 10:00:00+00:00,lstm_regression,0.0
G00005,2022-01-11 11:00:00+00:00,lstm_regression,0.12044028
G00005,2022-01-11 12:00:00+00:00,lstm_regression,0.017866043
G00005,2022-01-11 13:00:00+00:00,lstm_regression,0.044070385
G00005,2022-01-11 14:00:00+00:00,lstm_regression,0.0
G00005,2022-01-11 15:00:00+00:00,lstm_regression,0.19709145
G00005,2022-01-11 16:00:00+00:00,lstm_regression,0.017432323
G00005,2022-01-11 17:00:00+00:00,lstm_regression,0.09915703
G00005,2022-01-11 18:00:00+00:00,lstm_regression,0.036019363
G00005,2022-01-11 19:00:00+00:00,lstm_regression,0.100540936
G00005,2022-01-11 20:00:00+00:00,lstm_regression,0.2552688
G00005,2022-01-11 21:00:00+00:00,lstm_regression,0.21462516
G00005,2022-01-11 22:00:00+00:00,lstm_regression,0.5714718
G00005,2022-01-11 23:00:00+00:00,lstm_regression,0.7268289
G00005,2022-01-12 00:00:00+00:00,lstm_regression,0.40099326
G00005,2022-01-12 01:00:00+00:00,lstm_regression,0.27756745
G00005,2022-01-12 02:00:00+00:00,lstm_regression,0.38734728
G00005,2022-01-12 03:00:00+00:00,lstm_regression,0.5576585
G00005,2022-01-12 04:00:00+00:00,lstm_regression,0.27954093
G00005,2022-01-12 05:00:00+00:00,lstm_regression,0.030544316
G00005,2022-01-12 06:00:00+00:00,lstm_regression,0.0
G00005,2022-01-12 07:00:00+00:00,lstm_regression,0.0
G00005,2022-01-12 08:00:00+00:00,lstm_regression,0.11372035
G00005,2022-01-12 09:00:00+00:00,lstm_regression,0.021324368
G00005,2022-01-12 10:00:00+00:00,lstm_regression,0.0
G00005,2022-01-12 11:00:00+00:00,lstm_regression,0.12274774
G00005,2022-01-12 12:00:00+00:00,lstm_regression,0.13679309
G00005,2022-01-12 13:00:00+00:00,lstm_regression,0.18041053
G00005,2022-01-12 14:00:00+00:00,lstm_regression,0.37335092
G00005,2022-01-12 15:00:00+00:00,lstm_regression,0.35022554
G00005,2022-01-12 16:00:00+00:00,lstm_regression,0.27132538
G00005,2022-01-12 17:00:00+00:00,lstm_regression,0.18054034
G00005,2022-01-12 18:00:00+00:00,lstm_regression,0.29885024
G00005,2022-01-12 19:00:00+00:00,lstm_regression,0.7325069
G00005,2022-01-12 20:00:00+00:00,lstm_regression,0.9913146
G00005,2022-01-12 21:00:00+00:00,lstm_regression,0.3760133
G00005,2022-01-12 22:00:00+00:00,lstm_regression,0.7366892
G00005,2022-01-12 23:00:00+00:00,lstm_regression,0.15902592
G00005,2022-01-13 00:00:00+00:00,lstm_regression,0.50006676
G00005,2022-01-13 01:00:00+00:00,lstm_regression,0.6999395
G00005,2022-01-13 02:00:00+00:00,lstm_regression,0.51382613
G00005,2022-01-13 03:00:00+00:00,lstm_regression,0.29420552
G00005,2022-01-13 04:00:00+00:00,lstm_regression,0.13898806
G00005,2022-01-13 05:00:00+00:00,lstm_regression,0.2810548
G00005,2022-01-13 06:00:00+00:00,lstm_regression,0.33228168
G00005,2022-01-13 07:00:00+00:00,lstm_regression,0.13999853
G00005,2022-01-13 08:00:00+00:00,lstm_regression,0.0
G00005,2022-01-13 09:00:00+00:00,lstm_regression,0.0
G00005,2022-01-13 10:00:00+00:00,lstm_regression,0.07539275
G00005,2022-01-13 11:00:00+00:00,lstm_regression,0.0
G00005,2022-01-13 12:00:00+00:00,lstm_regression,0.1949252
G00005,2022-01-13 13:00:00+00:00,lstm_regression,0.1687577
G00005,2022-01-13 14:00:00+00:00,lstm_regression,0.15229718
G00005,2022-01-13 15:00:00+00:00,lstm_regression,0.080917016
G00005,2022-01-13 16:00:00+00:00,lstm_regression,0.19332905
G00005,2022-01-13 17:00:00+00:00,lstm_regression,0.24020784
G00005,2022-01-13 18:00:00+00:00,lstm_regression,0.6435303
G00005,2022-01-13 19:00:00+00:00,lstm_regression,0.7511025
G00005,2022-01-13 20:00:00+00:00,lstm_regression,1.0524178
G00005,2022-01-13 21:00:00+00:00,lstm_regression,1.2599956
G00005,2022-01-13 22:00:00+00:00,lstm_regression,1.2019053
G00005,2022-01-13 23:00:00+00:00,lstm_regression,1.3569796
G00005,2022-01-14 00:00:00+00:00,lstm_regression,1.4305961
G00005,2022-01-14 01:00:00+00:00,lstm_regression,1.3239765
G00005,2022-01-14 02:00:00+00:00,lstm_regression,0.85022646
G00005,2022-01-14 03:00:00+00:00,lstm_regression,0.16866232
G00005,2022-01-14 04:00:00+00:00,lstm_regression,0.3214579
G00005,2022-01-14 05:00:00+00:00,lstm_regression,0.35335883
G00005,2022-01-14 06:00:00+00:00,lstm_regression,0.36640698
G00005,2022-01-14 07:00:00+00:00,lstm_regression,0.4363122
G00005,2022-01-14 08:00:00+00:00,lstm_regression,0.17241013
G00005,2022-01-14 09:00:00+00:00,lstm_regression,0.08630102
G00005,2022-01-14 10:00:00+00:00,lstm_regression,0.0
G00005,2022-01-14 11:00:00+00:00,lstm_regression,0.0
G00005,2022-01-14 12:00:00+00:00,lstm_regression,0.0
G00005,2022-01-14 13:00:00+00:00,lstm_regression,0.0
G00005,2022-01-14 14:00:00+00:00,lstm_regression,0.14127235
G00005,2022-01-14 15:00:00+00:00,lstm_regression,0.15046205
G00005,2022-01-14 16:00:00+00:00,lstm_regression,0.37579626
G00005,2022-01-14 17:00:00+00:00,lstm_regression,0.59932274
G00005,2022-01-14 18:00:00+00:00,lstm_regression,0.82767576
G00005,2022-01-14 19:00:00+00:00,lstm_regression,1.3361593
G00005,2022-01-14 20:00:00+00:00,lstm_regression,1.549108
G00005,2022-01-14 21:00:00+00:00,lstm_regression,1.8705966
G00005,2022-01-14 22:00:00+00:00,lstm_regression,2.2130659
G00005,2022-01-14 23:00:00+00:00,lstm_regression,2.3067954
G00005,2022-01-15 00:00:00+00:00,lstm_regression,2.3988123
G00005,2022-01-15 01:00:00+00:00,lstm_regression,1.470461
G00005,2022-01-15 02:00:00+00:00,lstm_regression,0.55953425
G00005,2022-01-15 03:00:00+00:00,lstm_regression,0.5620575
G00005,2022-01-15 04:00:00+00:00,lstm_regression,0.48690647
G00005,2022-01-15 05:00:00+00:00,lstm_regression,0.5907431
G00005,2022-01-15 06:00:00+00:00,lstm_regression,0.43873858
G00005,2022-01-15 07:00:00+00:00,lstm_regression,0.32051283
G00005,2022-01-15 08:00:00+00:00,lstm_regression,0.313646
G00005,2022-01-15 09:00:00+00:00,lstm_regression,0.08916966
G00005,2022-01-15 10:00:00+00:00,lstm_regression,0.014132718
G00005,2022-01-15 11:00:00+00:00,lstm_regression,0.0
G00005,2022-01-15 12:00:00+00:00,lstm_regression,0.002716465
G00005,2022-01-15 13:00:00+00:00,lstm_regression,0.0
G00005,2022-01-15 14:00:00+00:00,lstm_regression,0.0
G00005,2022-01-15 15:00:00+00:00,lstm_regression,0.0
G00005,2022-01-15 16:00:00+00:00,lstm_regression,0.0
G00005,2022-01-15 17:00:00+00:00,lstm_regression,0.11939677
G00005,2022-01-15 18:00:00+00:00,lstm_regression,0.1610009
G00005,2022-01-15 19:00:00+00:00,lstm_regression,0.4411822
G00005,2022-01-15 20:00:00+00:00,lstm_regression,0.51347005
G00005,2022-01-15 21:00:00+00:00,lstm_regression,0.47580928
G00005,2022-01-15 22:00:00+00:00,lstm_regression,0.56007034
G00005,2022-01-15 23:00:00+00:00,lstm_regression,0.2513873
G00005,2022-01-16 00:00:00+00:00,lstm_regression,0.13711026
G00005,2022-01-16 01:00:00+00:00,lstm_regression,0.4590487
G00005,2022-01-16 02:00:00+00:00,lstm_regression,0.8421972
G00005,2022-01-16 03:00:00+00:00,lstm_regression,0.90777177
G00005,2022-01-16 06:00:00+00:00,lstm_regression,0.6409988
G00005,2022-01-16 08:00:00+00:00,lstm_regression,0.6068937
G00005,2022-01-16 09:00:00+00:00,lstm_regression,0.49171823
G00005,2022-01-16 11:00:00+00:00,lstm_regression,0.23215659
G00005,2022-01-16 12:00:00+00:00,lstm_regression,0.38934886
G00005,2022-01-16 13:00:00+00:00,lstm_regression,0.45906803
G00005,2022-01-16 14:00:00+00:00,lstm_regression,0.28923768
G00005,2022-01-16 15:00:00+00:00,lstm_regression,0.16197576
G00005,2022-01-16 17:00:00+00:00,lstm_regression,0.23510878
G00005,2022-01-16 18:00:00+00:00,lstm_regression,0.35969287
G00005,2022-01-16 19:00:00+00:00,lstm_regression,0.5968497
G00005,2022-01-16 20:00:00+00:00,lstm_regression,0.479451
G00005,2022-01-16 21:00:00+00:00,lstm_regression,0.31972435
G00005,2022-01-16 22:00:00+00:00,lstm_regression,0.20275427
G00005,2022-01-16 23:00:00+00:00,lstm_regression,0.32929307
G00005,2022-01-17 00:00:00+00:00,lstm_regression,0.40504926
G00005,2022-01-17 01:00:00+00:00,lstm_regression,0.6159729
G00005,2022-01-17 02:00:00+00:00,lstm_regression,0.59742266
G00005,2022-01-17 03:00:00+00:00,lstm_regression,0.693973
G00005,2022-01-17 05:00:00+00:00,lstm_regression,0.65882003
G00005,2022-01-17 06:00:00+00:00,lstm_regression,0.41354442
G00005,2022-01-17 07:00:00+00:00,lstm_regression,0.1991138
G00005,2022-01-17 08:00:00+00:00,lstm_regression,0.1028052
G00005,2022-01-17 09:00:00+00:00,lstm_regression,0.0
G00005,2022-01-17 10:00:00+00:00,lstm_regression,0.0
G00005,2022-01-17 11:00:00+00:00,lstm_regression,0.0
G00005,2022-01-17 12:00:00+00:00,lstm_regression,0.0
G00005,2022-01-17 13:00:00+00:00,lstm_regression,0.00081198476
G00005,2022-01-17 14:00:00+00:00,lstm_regression,0.17049068
G00005,2022-01-17 15:00:00+00:00,lstm_regression,0.46852738
G00005,2022-01-17 16:00:00+00:00,lstm_regression,0.88229847
G00005,2022-01-17 17:00:00+00:00,lstm_regression,1.0855116
G00005,2022-01-17 18:00:00+00:00,lstm_regression,1.1562266
G00005,2022-01-17 19:00:00+00:00,lstm_regression,1.6522453
G00005,2022-01-17 20:00:00+00:00,lstm_regression,2.08373
G00005,2022-01-17 21:00:00+00:00,lstm_regression,1.7695973
G00005,2022-01-17 22:00:00+00:00,lstm_regression,1.073026
G00005,2022-01-17 23:00:00+00:00,lstm_regression,0.8663707
G00005,2022-01-18 00:00:00+00:00,lstm_regression,0.61708176
G00005,2022-01-18 01:00:00+00:00,lstm_regression,0.7295422
G00005,2022-01-18 02:00:00+00:00,lstm_regression,0.5878364
G00005,2022-01-18 03:00:00+00:00,lstm_regression,0.66324604
G00005,2022-01-18 04:00:00+00:00,lstm_regression,0.4759766
G00005,2022-01-18 05:00:00+00:00,lstm_regression,0.49806887
G00005,2022-01-18 06:00:00+00:00,lstm_regression,0.37844366
G00005,2022-01-18 07:00:00+00:00,lstm_regression,0.4719591
G00005,2022-01-18 08:00:00+00:00,lstm_regression,0.5322971
G00005,2022-01-18 09:00:00+00:00,lstm_regression,0.25196677
G00005,2022-01-18 10:00:00+00:00,lstm_regression,0.0
G00005,2022-01-18 11:00:00+00:00,lstm_regression,0.104575016
G00005,2022-01-18 12:00:00+00:00,lstm_regression,0.059269615
G00005,2022-01-18 13:00:00+00:00,lstm_regression,0.33512998
G00005,2022-01-18 14:00:00+00:00,lstm_regression,0.23737194
G00005,2022-01-18 15:00:00+00:00,lstm_regression,0.5481855
G00005,2022-01-18 16:00:00+00:00,lstm_regression,0.71585524
G00005,2022-01-18 17:00:00+00:00,lstm_regression,0.79567206
G00005,2022-01-18 18:00:00+00:00,lstm_regression,0.43636715
G00005,2022-01-18 19:00:00+00:00,lstm_regression,0.376221
G00005,2022-01-18 20:00:00+00:00,lstm_regression,0.5253877
G00005,2022-01-18 21:00:00+00:00,lstm_regression,0.46416867
G00005,2022-01-18 22:00:00+00:00,lstm_regression,0.7282963
G00005,2022-01-18 23:00:00+00:00,lstm_regression,0.8788353
G00005,2022-01-19 00:00:00+00:00,lstm_regression,0.8023954
G00005,2022-01-19 01:00:00+00:00,lstm_regression,0.9322919
G00005,2022-01-19 02:00:00+00:00,lstm_regression,1.0239987
G00005,2022-01-19 03:00:00+00:00,lstm_regression,0.76311505
G00005,2022-01-19 04:00:00+00:00,lstm_regression,0.90614015
G00005,2022-01-19 05:00:00+00:00,lstm_regression,0.60628295
G00005,2022-01-19 06:00:00+00:00,lstm_regression,0.36051595
G00005,2022-01-19 07:00:00+00:00,lstm_regression,0.37227905
G00005,2022-01-19 08:00:00+00:00,lstm_regression,0.46327496
G00005,2022-01-19 09:00:00+00:00,lstm_regression,0.4793729
G00005,2022-01-19 10:00:00+00:00,lstm_regression,0.34172356
G00005,2022-01-19 11:00:00+00:00,lstm_regression,0.546688
G00005,2022-01-19 12:00:00+00:00,lstm_regression,0.23297681
G00005,2022-01-19 15:00:00+00:00,lstm_regression,0.04808855
G00005,2022-01-19 17:00:00+00:00,lstm_regression,0.15060322
G00005,2022-01-19 18:00:00+00:00,lstm_regression,0.4541412
G00005,2022-01-19 20:00:00+00:00,lstm_regression,0.39139056
G00005,2022-01-19 21:00:00+00:00,lstm_regression,0.5457634
G00005,2022-01-19 22:00:00+00:00,lstm_regression,0.29199988
G00005,2022-01-19 23:00:00+00:00,lstm_regression,0.40585315
G00005,2022-01-20 00:00:00+00:00,lstm_regression,0.48231226
G00005,2022-01-20 02:00:00+00:00,lstm_regression,1.0225537
G00005,2022-01-20 03:00:00+00:00,lstm_regression,0.9698582
G00005,2022-01-20 04:00:00+00:00,lstm_regression,0.6831585
G00005,2022-01-20 05:00:00+00:00,lstm_regression,0.4764611
G00005,2022-01-20 06:00:00+00:00,lstm_regression,0.74209726
G00005,2022-01-20 07:00:00+00:00,lstm_regression,0.5244304
G00005,2022-01-20 08:00:00+00:00,lstm_regression,0.45856884
G00005,2022-01-20 09:00:00+00:00,lstm_regression,0.273305
G00005,2022-01-20 10:00:00+00:00,lstm_regression,0.059604757
G00005,2022-01-20 11:00:00+00:00,lstm_regression,0.0
G00005,2022-01-20 12:00:00+00:00,lstm_regression,0.0
G00005,2022-01-20 14:00:00+00:00,lstm_regression,0.0
G00005,2022-01-20 15:00:00+00:00,lstm_regression,0.21696217
G00005,2022-01-20 16:00:00+00:00,lstm_regression,0.37225625
G00005,2022-01-20 17:00:00+00:00,lstm_regression,0.46219704
G00005,2022-01-20 18:00:00+00:00,lstm_regression,0.14665076
G00005,2022-01-20 19:00:00+00:00,lstm_regression,0.0
G00005,2022-01-20 20:00:00+00:00,lstm_regression,0.0
G00005,2022-01-20 21:00:00+00:00,lstm_regression,0.0
G00005,2022-01-20 22:00:00+00:00,lstm_regression,0.024569077
G00005,2022-01-20 23:00:00+00:00,lstm_regression,0.29521087
G00005,2022-01-21 00:00:00+00:00,lstm_regression,0.20919245
G00005,2022-01-21 01:00:00+00:00,lstm_regression,0.3943314
G00005,2022-01-21 02:00:00+00:00,lstm_regression,0.52780944
G00005,2022-01-21 03:00:00+00:00,lstm_regression,0.43390894
G00005,2022-01-21 04:00:00+00:00,lstm_regression,0.16612747
G00005,2022-01-21 05:00:00+00:00,lstm_regression,0.3910917
G00005,2022-01-21 06:00:00+00:00,lstm_regression,0.4235111
G00005,2022-01-21 07:00:00+00:00,lstm_regression,0.21976753
G00005,2022-01-21 08:00:00+00:00,lstm_regression,0.2878265
G00005,2022-01-21 09:00:00+00:00,lstm_regression,0.29941326
G00005,2022-01-21 10:00:00+00:00,lstm_regression,0.0
G00005,2022-01-21 11:00:00+00:00,lstm_regression,0.0
G00005,2022-01-21 12:00:00+00:00,lstm_regression,0.08393475
G00005,2022-01-21 13:00:00+00:00,lstm_regression,0.0126677435
G00005,2022-01-21 14:00:00+00:00,lstm_regression,0.0
G00005,2022-01-21 15:00:00+00:00,lstm_regression,0.0
G00005,2022-01-21 16:00:00+00:00,lstm_regression,0.0
G00005,2022-01-21 17:00:00+00:00,lstm_regression,0.0
G00005,2022-01-21 18:00:00+00:00,lstm_regression,0.0
G00006,2022-01-02 00:00:00+00:00,lstm_regression,0.0
G00006,2022-01-02 01:00:00+00:00,lstm_regression,0.0
G00006,2022-01-02 02:00:00+00:00,lstm_regression,0.0
G00006,2022-01-02 03:00:00+00:00,lstm_regression,0.0
G00006,2022-01-02 04:00:00+00:00,lstm_regression,0.018967813
G00006,2022-01-02 05:00:00+00:00,lstm_regression,0.016733164
G00006,2022-01-02 06:00:00+00:00,lstm_regression,0.1022636
G00006,2022-01-02 07:00:00+00:00,lstm_regression,0.16318943
G00006,2022-01-02 08:00:00+00:00,lstm_regression,0.28680766
G00006,2022-01-02 09:00:00+00:00,lstm_regression,0.24202342
G00006,2022-01-02 10:00:00+00:00,lstm_regression,0.22444125
G00006,2022-01-02 11:00:00+00:00,lstm_regression,0.31832415
G00006,2022-01-02 12:00:00+00:00,lstm_regression,0.10110403
G00006,2022-01-02 13:00:00+00:00,lstm_regression,0.27467188
G00006,2022-01-02 14:00:00+00:00,lstm_regression,0.29518288
G00006,2022-01-02 15:00:00+00:00,lstm_regression,0.3680632
G00006,2022-01-02 16:00:00+00:00,lstm_regression,0.2243065
G00006,2022-01-02 17:00:00+00:00,lstm_regression,0.48984122
G00006,2022-01-02 18:00:00+00:00,lstm_regression,0.0063022953
G00006,2022-01-02 19:00:00+00:00,lstm_regression,0.1408086
G00006,2022-01-02 20:00:00+00:00,lstm_regression,0.19754988
G00006,2022-01-02 21:00:00+00:00,lstm_regression,0.35266864
G00006,2022-01-02 22:00:00+00:00,lstm_regression,0.017514357
G00006,2022-01-02 23:00:00+00:00,lstm_regression,0.09607224
G00006,2022-01-03 00:00:00+00:00,lstm_regression,0.06159889
G00006,2022-01-03 01:00:00+00:00,lstm_regression,0.062857814
G00006,2022-01-03 02:00:00+00:00,lstm_regression,0.2098872
G00006,2022-01-03 03:00:00+00:00,lstm_regression,0.25197592
G00006,2022-01-03 04:00:00+00:00,lstm_regression,0.0911519
G00006,2022-01-03 05:00:00+00:00,lstm_regression,0.18376772
G00006,2022-01-03 06:00:00+00:00,lstm_regression,0.08153812
G00006,2022-01-03 07:00:00+00:00,lstm_regression,0.045986228
G00006,2022-01-03 08:00:00+00:00,lstm_regression,0.0
G00006,2022-01-03 09:00:00+00:00,lstm_regression,0.06056907
G00006,2022-01-03 10:00:00+00:00,lstm_regression,0.22064686
G00006,2022-01-03 11:00:00+00:00,lstm_regression,0.2434801
G00006,2022-01-03 12:00:00+00:00,lstm_regression,0.15883005
G00006,2022-01-03 13:00:00+00:00,lstm_regression,0.16501437
G00006,2022-01-03 14:00:00+00:00,lstm_regression,0.0
G00006,2022-01-03 15:00:00+00:00,lstm_regression,0.12282952
G00006,2022-01-03 16:00:00+00:00,lstm_regression,0.021036996
G00006,2022-01-03 17:00:00+00:00,lstm_regression,0.13638172
G00006,2022-01-03 18:00:00+00:00,lstm_regression,0.0
G00006,2022-01-03 19:00:00+00:00,lstm_regression,0.08676219
G00006,2022-01-03 20:00:00+00:00,lstm_regression,0.0
G00006,2022-01-03 21:00:00+00:00,lstm_regression,0.12751372
G00006,2022-01-03 22:00:00+00:00,lstm_regression,0.23671462
G00006,2022-01-03 23:00:00+00:00,lstm_regression,0.0
G00006,2022-01-04 00:00:00+00:00,lstm_regression,0.053045295
G00006,2022-01-04 01:00:00+00:00,lstm_regression,0.17064439
G00006,2022-01-04 02:00:00+00:00,lstm_regression,0.35049972
G00006,2022-01-04 03:00:00+00:00,lstm_regression,0.39253485
G00006,2022-01-04 06:00:00+00:00,lstm_regression,0.072684534
G00006,2022-01-04 08:00:00+00:00,lstm_regression,0.25063187
G00006,2022-01-04 09:00:00+00:00,lstm_regression,0.0
G00006,2022-01-04 11:00:00+00:00,lstm_regression,0.01643706
G00006,2022-01-04 12:00:00+00:00,lstm_regression,0.0
G00006,2022-01-04 13:00:00+00:00,lstm_regression,0.0
G00006,2022-01-04 14:00:00+00:00,lstm_regression,0.07475693
G00006,2022-01-04 15:00:00+00:00,lstm_regression,0.12130218
G00006,2022-01-04 17:00:00+00:00,lstm_regression,0.060937516
G00006,2022-01-04 18:00:00+00:00,lstm_regression,0.054150693
G00006,2022-01-04 19:00:00+00:00,lstm_regression,0.24000765
G00006,2022-01-04 20:00:00+00:00,lstm_regression,0.22273418
G00006,2022-01-04 21:00:00+00:00,lstm_regression,0.36515102
G00006,2022-01-04 22:00:00+00:00,lstm_regression,0.42062855
G00006,2022-01-04 23:00:00+00:00,lstm_regression,0.3936361
G00006,2022-01-05 00:00:00+00:00,lstm_regression,0.7634347
G00006,2022-01-05 01:00:00+00:00,lstm_regression,1.0043113
G00006,2022-01-05 02:00:00+00:00,lstm_regression,1.081112
G00006,2022-01-05 03:00:00+00:00,lstm_regression,1.3924959
G00006,2022-01-05 05:00:00+00:00,lstm_regression,0.61245364
G00006,2022-01-05 06:00:00+00:00,lstm_regression,0.40112203
G00006,2022-01-05 07:00:00+00:00,lstm_regression,0.5627628
G00006,2022-01-05 08:00:00+00:00,lstm_regression,0.27067572
G00006,2022-01-05 09:00:00+00:00,lstm_regression,0.17499222
G00006,2022-01-05 10:00:00+00:00,lstm_regression,0.078852795
G00006,2022-01-05 11:00:00+00:00,lstm_regression,0.15755317
G00006,2022-01-05 12:00:00+00:00,lstm_regression,0.0
G00006,2022-01-05 13:00:00+00:00,lstm_regression,0.0
G00006,2022-01-05 14:00:00+00:00,lstm_regression,0.0
G00006,2022-01-05 15:00:00+00:00,lstm_regression,0.08350048
G00006,2022-01-05 16:00:00+00:00,lstm_regression,0.29736578
G00006,2022-01-05 17:00:00+00:00,lstm_regression,0.30784434
G00006,2022-01-05 18:00:00+00:00,lstm_regression,0.5924248
G00006,2022-01-05 19:00:00+00:00,lstm_regression,0.7517677
G00006,2022-01-05 20:00:00+00:00,lstm_regression,0.78724396
G00006,2022-01-05 21:00:00+00:00,lstm_regression,0.49878526
G00006,2022-01-05 22:00:00+00:00,lstm_regression,0.7200262
G00006,2022-01-05 23:00:00+00:00,lstm_regression,0.23946242
G00006,2022-01-06 00:00:00+00:00,lstm_regression,0.045987926
G00006,2022-01-06 01:00:00+00:00,lstm_regression,0.02722579
G00006,2022-01-06 02:00:00+00:00,lstm_regression,0.29088545
G00006,2022-01-06 03:00:00+00:00,lstm_regression,0.21715178
G00006,2022-01-06 04:00:00+00:00,lstm_regression,0.42568433
G00006,2022-01-06 05:00:00+00:00,lstm_regression,0.4721058
G00006,2022-01-06 06:00:00+00:00,lstm_regression,0.8178145
G00006,2022-01-06 07:00:00+00:00,lstm_regression,0.7553976
G00006,2022-01-06 08:00:00+00:00,lstm_regression,1.0643034
G00006,2022-01-06 09:00:00+00:00,lstm_regression,0.44823766
G00006,2022-01-06 10:00:00+00:00,lstm_regression,0.36674803
G00006,2022-01-06 11:00:00+00:00,lstm_regression,0.20162408
G00006,2022-01-06 12:00:00+00:00,lstm_regression,0.482627
G00006,2022-01-06 13:00:00+00:00,lstm_regression,0.3668528
G00006,2022-01-06 14:00:00+00:00,lstm_regression,0.36601782
G00006,2022-01-06 15:00:00+00:00,lstm_regression,0.17097323
G00006,2022-01-06 16:00:00+00:00,lstm_regression,0.4580493
G00006,2022-01-06 17:00:00+00:00,lstm_regression,0.6748763
G00006,2022-01-06 18:00:00+00:00,lstm_regression,1.0889102
G00006,2022-01-06 19:00:00+00:00,lstm_regression,1.3323964
G00006,2022-01-06 20:00:00+00:00,lstm_regression,1.236932
G00006,2022-01-06 21:00:00+00:00,lstm_regression,0.8635214
G00006,2022-01-06 22:00:00+00:00,lstm_regression,0.40207773
G00006,2022-01-06 23:00:00+00:00,lstm_regression,0.0
G00006,2022-01-07 00:00:00+00:00,lstm_regression,0.3248276
G00006,2022-01-07 01:00:00+00:00,lstm_regression,0.26925465
G00006,2022-01-07 02:00:00+00:00,lstm_regression,0.50456756
G00006,2022-01-07 03:00:00+00:00,lstm_regression,0.58963656
G00006,2022-01-07 04:00:00+00:00,lstm_regression,0.52628535
G00006,2022-01-07 05:00:00+00:00,lstm_regression,0.5194656
G00006,2022-01-07 06:00:00+00:00,lstm_regression,0.2364315
G00006,2022-01-07 07:00:00+00:00,lstm_regression,0.15289046
G00006,2022-01-07 08:00:00+00:00,lstm_regression,0.0
G00006,2022-01-07 09:00:00+00:00,lstm_regression,0.0
G00006,2022-01-07 10:00:00+00:00,lstm_regression,0.0
G00006,2022-01-07 11:00:00+00:00,lstm_regression,0.036827184
G00006,2022-01-07 12:00:00+00:00,lstm_regression,0.07351499
G00006,2022-01-07 13:00:00+00:00,lstm_regression,3.159605e-05
G00006,2022-01-07 14:00:00+00:00,lstm_regression,0.14276281
G00006,2022-01-07 15:00:00+00:00,lstm_regression,0.12503682
G00006,2022-01-07 16:00:00+00:00,lstm_regression,0.23081861
G00006,2022-01-07 17:00:00+00:00,lstm_regression,0.26671353
G00006,2022-01-07 18:00:00+00:00,lstm_regression,0.27674052
G00006,2022-01-07 19:00:00+00:00,lstm_regression,0.07792355
G00006,2022-01-07 20:00:00+00:00,lstm_regression,0.0040099453
G00006,2022-01-07 21:00:00+00:00,lstm_regression,0.0
G00006,2022-01-07 22:00:00+00:00,lstm_regression,0.0
G00006,2022-01-07 23:00:00+00:00,lstm_regression,0.088369586
G00006,2022-01-08 00:00:00+00:00,lstm_regression,0.12821366
G00006,2022-01-08 01:00:00+00:00,lstm_regression,0.393611
G00006,2022-01-08 02:00:00+00:00,lstm_regression,0.6007242
G00006,2022-01-08 03:00:00+00:00,lstm_regression,0.4371948
G00006,2022-01-08 04:00:00+00:00,lstm_regression,0.367236
G00006,2022-01-08 05:00:00+00:00,lstm_regression,0.37398648
G00006,2022-01-08 06:00:00+00:00,lstm_regression,0.23660184
G00006,2022-01-08 07:00:00+00:00,lstm_regression,0.22083655
G00006,2022-01-08 08:00:00+00:00,lstm_regression,0.49354035
G00006,2022-01-08 09:00:00+00:00,lstm_regression,0.35320744
G00006,2022-01-08 10:00:00+00:00,lstm_regression,0.4483655
G00006,2022-01-08 11:00:00+00:00,lstm_regression,0.37425128
G00006,2022-01-08 12:00:00+00:00,lstm_regression,0.25269124
G00006,2022-01-08 13:00:00+00:00,lstm_regression,0.18873946
G00006,2022-01-08 14:00:00+00:00,lstm_regression,0.0
G00006,2022-01-08 15:00:00+00:00,lstm_regression,0.06678619
G00006,2022-01-08 16:00:00+00:00,lstm_regression,0.0
G00006,2022-01-08 17:00:00+00:00,lstm_regression,0.25646654
G00006,2022-01-08 18:00:00+00:00,lstm_regression,0.35733977
G00006,2022-01-08 19:00:00+00:00,lstm_regression,0.038273685
G00006,2022-01-08 20:00:00+00:00,lstm_regression,0.17629026
G00006,2022-01-08 21:00:00+00:00,lstm_regression,0.23948614
G00006,2022-01-08 22:00:00+00:00,lstm_regression,0.6455324
G00006,2022-01-08 23:00:00+00:00,lstm_regression,0.53453195
G00006,2022-01-09 00:00:00+00:00,lstm_regression,0.64500296
G00006,2022-01-09 01:00:00+00:00,lstm_regression,0.3401258
G00006,2022-01-09 02:00:00+00:00,lstm_regression,0.107021816
G00006,2022-01-09 03:00:00+00:00,lstm_regression,0.18128102
G00006,2022-01-09 04:00:00+00:00,lstm_regression,0.26349437
G00006,2022-01-09 05:00:00+00:00,lstm_regression,0.13742127
G00006,2022-01-09 06:00:00+00:00,lstm_regression,0.1011011
G00006,2022-01-09 07:00:00+00:00,lstm_regression,0.00411083
G00006,2022-01-09 08:00:00+00:00,lstm_regression,0.057333782
G00006,2022-01-09 09:00:00+00:00,lstm_regression,0.19595116
G00006,2022-01-09 10:00:00+00:00,lstm_regression,0.3696431
G00006,2022-01-09 11:00:00+00:00,lstm_regression,0.042658962
G00006,2022-01-09 12:00:00+00:00,lstm_regression,0.090682186
G00006,2022-01-09 13:00:00+00:00,lstm_regression,0.0
G00006,2022-01-09 14:00:00+00:00,lstm_regression,0.037727125
G00006,2022-01-09 15:00:00+00:00,lstm_regression,0.1099631
G00006,2022-01-09 16:00:00+00:00,lstm_regression,0.09916928
G00006,2022-01-09 17:00:00+00:00,lstm_regression,0.06531616
G00006,2022-01-09 18:00:00+00:00,lstm_regression,0.05650332
G00006,2022-01-09 19:00:00+00:00,lstm_regression,0.1271462
G00006,2022-01-09 20:00:00+00:00,lstm_regression,0.116642065
G00006,2022-01-09 21:00:00+00:00,lstm_regression,0.043463565
G00006,2022-01-09 22:00:00+00:00,lstm_regression,0.051471896
G00006,2022-01-09 23:00:00+00:00,lstm_regression,0.27556294
G00006,2022-01-10 00:00:00+00:00,lstm_regression,0.28633538
G00006,2022-01-10 01:00:00+00:00,lstm_regression,0.3214514
G00006,2022-01-10 02:00:00+00:00,lstm_regression,0.16417588
G00006,2022-01-10 03:00:00+00:00,lstm_regression,0.3911181
G00006,2022-01-10 04:00:00+00:00,lstm_regression,0.14980927
G00006,2022-01-10 05:00:00+00:00,lstm_regression,0.20409669
G00006,2022-01-10 06:00:00+00:00,lstm_regression,0.048252948
G00006,2022-01-10 07:00:00+00:00,lstm_regression,0.0
G00006,2022-01-10 08:00:00+00:00,lstm_regression,0.04110127
G00006,2022-01-10 09:00:00+00:00,lstm_regression,0.0
G00006,2022-01-10 10:00:00+00:00,lstm_regression,0.0
G00006,2022-01-10 11:00:00+00:00,lstm_regression,0.0
G00006,2022-01-10 12:00:00+00:00,lstm_regression,0.06290106
G00006,2022-01-10 13:00:00+00:00,lstm_regression,0.11930723
G00006,2022-01-10 14:00:00+00:00,lstm_regression,0.13635977
G00006,2022-01-10 15:00:00+00:00,lstm_regression,0.52570647
G00006,2022-01-10 16:00:00+00:00,lstm_regression,0.6624964
G00006,2022-01-10 17:00:00+00:00,lstm_regression,0.9245726
G00006,2022-01-10 18:00:00+00:00,lstm_regression,1.3546661
G00006,2022-01-10 19:00:00+00:00,lstm_regression,1.7464371
G00006,2022-01-10 20:00:00+00:00,lstm_regression,1.8349382
G00006,2022-01-10 21:00:00+00:00,lstm_regression,0.8851879
G00006,2022-01-10 22:00:00+00:00,lstm_regression,0.3329869
G00006,2022-01-10 23:00:00+00:00,lstm_regression,0.014625637
G00006,2022-01-11 00:00:00+00:00,lstm_regression,0.15248042
G00006,2022-01-11 01:00:00+00:00,lstm_regression,0.15750359
G00006,2022-01-11 02:00:00+00:00,lstm_regression,0.10753005
G00006,2022-01-11 03:00:00+00:00,lstm_regression,0.21180868
G00006,2022-01-11 04:00:00+00:00,lstm_regression,0.38713142
G00006,2022-01-11 05:00:00+00:00,lstm_regression,0.5367495
G00006,2022-01-11 06:00:00+00:00,lstm_regression,0.3973535
G00006,2022-01-11 07:00:00+00:00,lstm_regression,0.26178786
G00006,2022-01-11 08:00:00+00:00,lstm_regression,0.19135118
G00006,2022-01-11 09:00:00+00:00,lstm_regression,0.06721594
G00006,2022-01-11 10:00:00+00:00,lstm_regression,0.08818451
G00006,2022-01-11 11:00:00+00:00,lstm_regression,0.0
G00006,2022-01-11 12:00:00+00:00,lstm_regression,0.0
G00006,2022-01-11 13:00:00+00:00,lstm_regression,2.1507964e-05
G00006,2022-01-11 14:00:00+00:00,lstm_regression,0.2122878
G00006,2022-01-11 15:00:00+00:00,lstm_regression,0.46091056
G00006,2022-01-11 16:00:00+00:00,lstm_regression,0.37352312
G00006,2022-01-11 17:00:00+00:00,lstm_regression,0.94264287
G00006,2022-01-11 18:00:00+00:00,lstm_regression,0.48070505
G00006,2022-01-11 19:00:00+00:00,lstm_regression,0.44835362
G00006,2022-01-11 20:00:00+00:00,lstm_regression,0.7212537
G00006,2022-01-11 21:00:00+00:00,lstm_regression,1.0612018
G00006,2022-01-11 22:00:00+00:00,lstm_regression,1.1424651
G00006,2022-01-11 23:00:00+00:00,lstm_regression,1.5388521
G00006,2022-01-12 00:00:00+00:00,lstm_regression,1.7444566
G00006,2022-01-12 01:00:00+00:00,lstm_regression,0.5562725
G00006,2022-01-12 02:00:00+00:00,lstm_regression,0.138169
G00006,2022-01-12 03:00:00+00:00,lstm_regression,0.0
G00006,2022-01-12 04:00:00+00:00,lstm_regression,0.35229743
G00006,2022-01-12 05:00:00+00:00,lstm_regression,0.34771785
G00006,2022-01-12 06:00:00+00:00,lstm_regression,0.18304707
G00006,2022-01-12 07:00:00+00:00,lstm_regression,0.11332085
G00006,2022-01-12 08:00:00+00:00,lstm_regression,0.1265728
G00006,2022-01-12 09:00:00+00:00,lstm_regression,0.079800196
G00006,2022-01-12 10:00:00+00:00,lstm_regression,0.078072235
G00006,2022-01-12 11:00:00+00:00,lstm_regression,0.20381288
G00006,2022-01-12 12:00:00+00:00,lstm_regression,0.022505863
G00006,2022-01-12 13:00:00+00:00,lstm_regression,0.22115962
G00006,2022-01-12 14:00:00+00:00,lstm_regression,0.20729817
G00006,2022-01-12 15:00:00+00:00,lstm_regression,0.22967942
G00006,2022-01-12 16:00:00+00:00,lstm_regression,0.41892707
G00006,2022-01-12 17:00:00+00:00,lstm_regression,0.39198557
G00006,2022-01-12 18:00:00+00:00,lstm_regression,0.16957168
G00006,2022-01-12 19:00:00+00:00,lstm_regression,0.47958708
G00006,2022-01-12 20:00:00+00:00,lstm_regression,0.22246929
G00006,2022-01-12 21:00:00+00:00,lstm_regression,0.24633555
G00006,2022-01-12 22:00:00+00:00,lstm_regression,0.32546037
G00006,2022-01-12 23:00:00+00:00,lstm_regression,0.3417626
G00006,2022-01-13 00:00:00+00:00,lstm_regression,0.6564738
G00006,2022-01-13 06:00:00+00:00,lstm_regression,0.5939966
G00006,2022-01-13 09:00:00+00:00,lstm_regression,0.59581614
G00006,2022-01-13 10:00:00+00:00,lstm_regression,0.49090314
G00006,2022-01-13 11:00:00+00:00,lstm_regression,0.49193907
G00006,2022-01-13 12:00:00+00:00,lstm_regression,0.6908367
G00006,2022-01-13 15:00:00+00:00,lstm_regression,0.74836916
G00006,2022-01-13 16:00:00+00:00,lstm_regression,0.45287123
G00006,2022-01-13 17:00:00+00:00,lstm_regression,0.0
G00006,2022-01-13 18:00:00+00:00,lstm_regression,0.0
G00006,2022-01-13 19:00:00+00:00,lstm_regression,0.0
G00006,2022-01-13 20:00:00+00:00,lstm_regression,0.10700915
G00006,2022-01-13 21:00:00+00:00,lstm_regression,0.12586467
G00006,2022-01-13 22:00:00+00:00,lstm_regression,0.19114755
G00006,2022-01-13 23:00:00+00:00,lstm_regression,0.081632935
G00006,2022-01-14 00:00:00+00:00,lstm_regression,0.44027424
G00006,2022-01-14 03:00:00+00:00,lstm_regression,0.68188727
G00006,2022-01-14 04:00:00+00:00,lstm_regression,0.33627045
G00006,2022-01-14 05:00:00+00:00,lstm_regression,0.31276774
G00006,2022-01-14 06:00:00+00:00,lstm_regression,0.34217235
G00006,2022-01-14 07:00:00+00:00,lstm_regression,0.23180807
G00006,2022-01-14 08:00:00+00:00,lstm_regression,0.09234636
G00006,2022-01-14 09:00:00+00:00,lstm_regression,0.026546797
G00006,2022-01-14 10:00:00+00:00,lstm_regression,0.0
G00006,2022-01-14 11:00:00+00:00,lstm_regression,0.0
G00006,2022-01-14 12:00:00+00:00,lstm_regression,0.0
G00006,2022-01-14 13:00:00+00:00,lstm_regression,0.0
G00006,2022-01-14 14:00:00+00:00,lstm_regression,0.0
G00006,2022-01-14 15:00:00+00:00,lstm_regression,0.119710974
G00006,2022-01-14 16:00:00+00:00,lstm_regression,0.2128881
G00006,2022-01-14 17:00:00+00:00,lstm_regression,0.01960141
G00006,2022-01-14 18:00:00+00:00,lstm_regression,0.0815958
G00006,2022-01-14 19:00:00+00:00,lstm_regression,0.0
G00006,2022-01-14 20:00:00+00:00,lstm_regression,0.10589146
G00006,2022-01-14 21:00:00+00:00,lstm_regression,0.12557544
G00006,2022-01-14 22:00:00+00:00,lstm_regression,0.088912405
G00006,2022-01-14 23:00:00+00:00,lstm_regression,0.3318986
G00006,2022-01-15 00:00:00+00:00,lstm_regression,0.31015068
G00006,2022-01-15 01:00:00+00:00,lstm_regression,0.32419443
G00006,2022-01-15 02:00:00+00:00,lstm_regression,0.5045305
G00006,2022-01-15 03:00:00+00:00,lstm_regression,0.656089
G00006,2022-01-15 04:00:00+00:00,lstm_regression,0.5568264
G00006,2022-01-15 05:00:00+00:00,lstm_regression,0.680684
G00006,2022-01-15 06:00:00+00:00,lstm_regression,0.47845784
G00006,2022-01-15 07:00:00+00:00,lstm_regression,0.4359226
G00006,2022-01-15 08:00:00+00:00,lstm_regression,0.09041441
G00006,2022-01-15 09:00:00+00:00,lstm_regression,0.17341322
G00006,2022-01-15 10:00:00+00:00,lstm_regression,0.17794333
G00006,2022-01-15 11:00:00+00:00,lstm_regression,0.17760964
G00006,2022-01-15 12:00:00+00:00,lstm_regression,0.0
G00006,2022-01-15 13:00:00+00:00,lstm_regression,0.0
G00006,2022-01-15 14:00:00+00:00,lstm_regression,0.0
G00006,2022-01-15 15:00:00+00:00,lstm_regression,0.0
G00006,2022-01-15 16:00:00+00:00,lstm_regression,0.13826264
G00006,2022-01-15 17:00:00+00:00,lstm_regression,0.08756056
G00006,2022-01-15 18:00:00+00:00,lstm_regression,0.029668516
G00006,2022-01-15 19:00:00+00:00,lstm_regression,0.18726742
G00006,2022-01-15 20:00:00+00:00,lstm_regression,0.27562654
G00006,2022-01-15 21:00:00+00:00,lstm_regression,0.25264227
G00006,2022-01-15 22:00:00+00:00,lstm_regression,0.0
G00006,2022-01-15 23:00:00+00:00,lstm_regression,0.0
G00006,2022-01-16 00:00:00+00:00,lstm_regression,0.012768781
G00006,2022-01-16 01:00:00+00:00,lstm_regression,0.2426114
G00006,2022-01-16 02:00:00+00:00,lstm_regression,0.5613838
G00006,2022-01-16 03:00:00+00:00,lstm_regression,0.43056965
G00006,2022-01-16 04:00:00+00:00,lstm_regression,0.13676372
G00006,2022-01-16 05:00:00+00:00,lstm_regression,0.21375547
G00006,2022-01-16 06:00:00+00:00,lstm_regression,0.55791
G00006,2022-01-16 07:00:00+00:00,lstm_regression,0.29633805
G00006,2022-01-16 08:00:00+00:00,lstm_regression,0.009990573
G00006,2022-01-16 09:00:00+00:00,lstm_regression,0.049517
G00006,2022-01-16 10:00:00+00:00,lstm_regression,0.1635804
G00006,2022-01-16 11:00:00+00:00,lstm_regression,0.0
G00006,2022-01-16 12:00:00+00:00,lstm_regression,0.0
G00006,2022-01-16 13:00:00+00:00,lstm_regression,0.0
G00006,2022-01-16 14:00:00+00:00,lstm_regression,0.0
G00006,2022-01-16 15:00:00+00:00,lstm_regression,0.24935065
G00006,2022-01-16 16:00:00+00:00,lstm_regression,0.32575598
G00006,2022-01-16 17:00:00+00:00,lstm_regression,0.4087672
G00006,2022-01-16 18:00:00+00:00,lstm_regression,0.633446
G00006,2022-01-16 19:00:00+00:00,lstm_regression,1.217772
G00006,2022-01-16 20:00:00+00:00,lstm_regression,1.0629241
G00006,2022-01-16 21:00:00+00:00,lstm_regression,0.7898041
G00006,2022-01-17 00:00:00+00:00,lstm_regression,0.58753425
G00006,2022-01-17 02:00:00+00:00,lstm_regression,0.75271636
G00006,2022-01-17 03:00:00+00:00,lstm_regression,0.4275207
G00006,2022-01-17 05:00:00+00:00,lstm_regression,0.27346778
G00006,2022-01-17 06:00:00+00:00,lstm_regression,0.24770375
G00006,2022-01-17 07:00:00+00:00,lstm_regression,0.4895833
G00006,2022-01-17 08:00:00+00:00,lstm_regression,0.29154393
G00006,2022-01-17 09:00:00+00:00,lstm_regression,0.22188601
G00006,2022-01-17 11:00:00+00:00,lstm_regression,0.0
G00006,2022-01-17 12:00:00+00:00,lstm_regression,0.15316845
G00006,2022-01-17 13:00:00+00:00,lstm_regression,0.0062491354
G00006,2022-01-17 14:00:00+00:00,lstm_regression,0.09069474
G00006,2022-01-17 15:00:00+00:00,lstm_regression,0.16558641
G00006,2022-01-17 16:00:00+00:00,lstm_regression,0.11085717
G00006,2022-01-17 17:00:00+00:00,lstm_regression,0.36165646
G00006,2022-01-17 18:00:00+00:00,lstm_regression,0.12525645
G00006,2022-01-17 19:00:00+00:00,lstm_regression,0.27157328
G00006,2022-01-17 20:00:00+00:00,lstm_regression,0.32295325
G00006,2022-01-17 21:00:00+00:00,lstm_regression,0.4027684
G00006,2022-01-17 23:00:00+00:00,lstm_regression,0.6061681
G00006,2022-01-18 00:00:00+00:00,lstm_regression,0.6388507
G00006,2022-01-18 01:00:00+00:00,lstm_regression,0.87944293
G00006,2022-01-18 02:00:00+00:00,lstm_regression,0.65520877
G00006,2022-01-18 03:00:00+00:00,lstm_regression,0.6648954
G00006,2022-01-18 06:00:00+00:00,lstm_regression,0.24971633
G00006,2022-01-18 08:00:00+00:00,lstm_regression,0.28892136
G00006,2022-01-18 09:00:00+00:00,lstm_regression,0.33266646
G00006,2022-01-18 11:00:00+00:00,lstm_regression,0.3040192
G00006,2022-01-18 12:00:00+00:00,lstm_regression,0.019741004
G00006,2022-01-18 13:00:00+00:00,lstm_regression,0.044362523
G00006,2022-01-18 14:00:00+00:00,lstm_regression,0.114642955
G00006,2022-01-18 17:00:00+00:00,lstm_regression,0.21607955
G00006,2022-01-18 19:00:00+00:00,lstm_regression,0.34255987
G00006,2022-01-18 20:00:00+00:00,lstm_regression,0.50724685
G00006,2022-01-18 22:00:00+00:00,lstm_regression,0.12670465
G00006,2022-01-18 23:00:00+00:00,lstm_regression,0.11129821
G00006,2022-01-19 00:00:00+00:00,lstm_regression,0.22803196
G00006,2022-01-19 01:00:00+00:00,lstm_regression,0.37121683
G00006,2022-01-19 02:00:00+00:00,lstm_regression,0.51162034
G00006,2022-01-19 05:00:00+00:00,lstm_regression,0.7671025
G00006,2022-01-19 06:00:00+00:00,lstm_regression,0.5529743
G00006,2022-01-19 07:00:00+00:00,lstm_regression,0.9875944
G00006,2022-01-19 08:00:00+00:00,lstm_regression,0.4474457
G00006,2022-01-19 09:00:00+00:00,lstm_regression,0.4165826
G00006,2022-01-19 10:00:00+00:00,lstm_regression,0.11364
G00006,2022-01-19 11:00:00+00:00,lstm_regression,0.0
G00006,2022-01-19 12:00:00+00:00,lstm_regression,0.0
G00006,2022-01-19 13:00:00+00:00,lstm_regression,0.0
G00006,2022-01-19 14:00:00+00:00,lstm_regression,0.0
G00006,2022-01-19 16:00:00+00:00,lstm_regression,0.034479916
G00006,2022-01-19 17:00:00+00:00,lstm_regression,0.1522125
G00006,2022-01-19 18:00:00+00:00,lstm_regression,0.0
G00006,2022-01-19 19:00:00+00:00,lstm_regression,0.22256903
G00006,2022-01-19 20:00:00+00:00,lstm_regression,0.26109463
G00006,2022-01-19 21:00:00+00:00,lstm_regression,0.7730796
G00006,2022-01-19 22:00:00+00:00,lstm_regression,0.8439283
G00006,2022-01-19 23:00:00+00:00,lstm_regression,1.2356532
G00006,2022-01-20 00:00:00+00:00,lstm_regression,1.2594882
G00006,2022-01-20 01:00:00+00:00,lstm_regression,1.3237982
G00006,2022-01-20 02:00:00+00:00,lstm_regression,1.4871888
G00006,2022-01-20 03:00:00+00:00,lstm_regression,1.2971554
G00006,2022-01-20 04:00:00+00:00,lstm_regression,1.2292581
G00006,2022-01-20 05:00:00+00:00,lstm_regression,1.0329458
G00006,2022-01-20 06:00:00+00:00,lstm_regression,0.83460295
G00006,2022-01-20 07:00:00+00:00,lstm_regression,0.3896217
G00006,2022-01-20 08:00:00+00:00,lstm_regression,0.36434358
G00006,2022-01-20 09:00:00+00:00,lstm_regression,0.44827592
G00006,2022-01-20 10:00:00+00:00,lstm_regression,0.49695474
G00006,2022-01-20 11:00:00+00:00,lstm_regression,0.5335743
G00006,2022-01-20 12:00:00+00:00,lstm_regression,0.55850154
G00006,2022-01-20 13:00:00+00:00,lstm_regression,0.5701156
G00006,2022-01-20 14:00:00+00:00,lstm_regression,0.64924777
G00006,2022-01-20 15:00:00+00:00,lstm_regression,0.40065384
G00006,2022-01-20 16:00:00+00:00,lstm_regression,0.8949737
G00006,2022-01-20 17:00:00+00:00,lstm_regression,0.8512485
G00006,2022-01-20 18:00:00+00:00,lstm_regression,0.7017517
G00006,2022-01-20 19:00:00+00:00,lstm_regression,0.5247721
G00006,2022-01-20 20:00:00+00:00,lstm_regression,0.12626396
G00006,2022-01-20 21:00:00+00:00,lstm_regression,0.36938077
G00006,2022-01-20 22:00:00+00:00,lstm_regression,0.48472255
G00006,2022-01-20 23:00:00+00:00,lstm_regression,0.5112708
G00006,2022-01-21 00:00:00+00:00,lstm_regression,0.5266924
G00006,2022-01-21 01:00:00+00:00,lstm_regression,0.45145258
G00006,2022-01-21 02:00:00+00:00,lstm_regression,0.50324667
G00006,2022-01-21 03:00:00+00:00,lstm_regression,0.5306576
G00006,2022-01-21 04:00:00+00:00,lstm_regression,0.35556185
G00006,2022-01-21 05:00:00+00:00,lstm_regression,0.36652225
G00006,2022-01-21 06:00:00+00:00,lstm_regression,0.20664786
G00006,2022-01-21 07:00:00+00:00,lstm_regression,0.18339865
G00006,2022-01-21 08:00:00+00:00,lstm_regression,0.28169876
G00006,2022-01-21 09:00:00+00:00,lstm_regression,0.07053955
G00006,2022-01-21 10:00:00+00:00,lstm_regression,0.014174936
G00006,2022-01-21 11:00:00+00:00,lstm_regression,0.06769195
G00006,2022-01-21 12:00:00+00:00,lstm_regression,0.018032646
G00006,2022-01-21 13:00:00+00:00,lstm_regression,0.034768872
G00006,2022-01-21 14:00:00+00:00,lstm_regression,0.054543294
G00006,2022-01-21 15:00:00+00:00,lstm_regression,0.097069
G00006,2022-01-21 16:00:00+00:00,lstm_regression,0.2758459
G00006,2022-01-21 17:00:00+00:00,lstm_regression,0.19068226
G00006,2022-01-21 18:00:00+00:00,lstm_regression,0.046046063
G00006,2022-01-21 19:00:00+00:00,lstm_regression,0.06935034
G00007,2022-01-02 00:00:00+00:00,lstm_regression,0.0
G00007,2022-01-02 01:00:00+00:00,lstm_regression,0.0
G00007,2022-01-02 02:00:00+00:00,lstm_regression,0.19755843
G00007,2022-01-02 03:00:00+00:00,lstm_regression,0.124106936
G00007,2022-01-02 04:00:00+00:00,lstm_regression,0.0
G00007,2022-01-02 05:00:00+00:00,lstm_regression,0.0
G00007,2022-01-02 06:00:00+00:00,lstm_regression,0.0
G00007,2022-01-02 07:00:00+00:00,lstm_regression,0.0
G00007,2022-01-02 08:00:00+00:00,lstm_regression,0.07308051
G00007,2022-01-02 09:00:00+00:00,lstm_regression,0.07009142
G00007,2022-01-02 10:00:00+00:00,lstm_regression,0.0
G00007,2022-01-02 11:00:00+00:00,lstm_regression,0.0
G00007,2022-01-02 12:00:00+00:00,lstm_regression,0.0
G00007,2022-01-02 13:00:00+00:00,lstm_regression,0.008527955
G00007,2022-01-02 14:00:00+00:00,lstm_regression,0.0017942991
G00007,2022-01-02 15:00:00+00:00,lstm_regression,0.0657145
G00007,2022-01-02 16:00:00+00:00,lstm_regression,0.24036263
G00007,2022-01-02 17:00:00+00:00,lstm_regression,0.14092469
G00007,2022-01-02 18:00:00+00:00,lstm_regression,0.008981561
G00007,2022-01-02 19:00:00+00:00,lstm_regression,0.066629395
G00007,2022-01-02 20:00:00+00:00,lstm_regression,0.29248494
G00007,2022-01-02 21:00:00+00:00,lstm_regression,0.34027156
G00007,2022-01-02 22:00:00+00:00,lstm_regression,0.71569127
G00007,2022-01-02 23:00:00+00:00,lstm_regression,0.98701674
G00007,2022-01-03 00:00:00+00:00,lstm_regression,1.0416551
G00007,2022-01-03 01:00:00+00:00,lstm_regression,1.2176478
G00007,2022-01-03 02:00:00+00:00,lstm_regression,0.9770118
G00007,2022-01-03 03:00:00+00:00,lstm_regression,0.972022
G00007,2022-01-03 04:00:00+00:00,lstm_regression,0.7624407
G00007,2022-01-03 05:00:00+00:00,lstm_regression,1.2593825
G00007,2022-01-03 06:00:00+00:00,lstm_regression,0.66012216
G00007,2022-01-03 07:00:00+00:00,lstm_regression,0.45718873
G00007,2022-01-03 08:00:00+00:00,lstm_regression,0.47548962
G00007,2022-01-03 09:00:00+00:00,lstm_regression,0.70512193
G00007,2022-01-03 10:00:00+00:00,lstm_regression,0.2220241
G00007,2022-01-03 11:00:00+00:00,lstm_regression,0.18867405
G00007,2022-01-03 12:00:00+00:00,lstm_regression,0.0
G00007,2022-01-03 13:00:00+00:00,lstm_regression,0.0
G00007,2022-01-03 14:00:00+00:00,lstm_regression,0.0
G00007,2022-01-03 15:00:00+00:00,lstm_regression,0.06337773
G00007,2022-01-03 16:00:00+00:00,lstm_regression,0.02297136
G00007,2022-01-03 17:00:00+00:00,lstm_regression,0.28360984
G00007,2022-01-03 18:00:00+00:00,lstm_regression,0.24984203
G00007,2022-01-03 19:00:00+00:00,lstm_regression,0.49839592
G00007,2022-01-03 20:00:00+00:00,lstm_regression,0.5573812
G00007,2022-01-03 21:00:00+00:00,lstm_regression,0.74533504
G00007,2022-01-03 22:00:00+00:00,lstm_regression,0.6009675
G00007,2022-01-03 23:00:00+00:00,lstm_regression,0.73482484
G00007,2022-01-04 00:00:00+00:00,lstm_regression,0.6475514
G00007,2022-01-04 01:00:00+00:00,lstm_regression,0.7747087
G00007,2022-01-04 02:00:00+00:00,lstm_regression,0.8800921
G00007,2022-01-04 03:00:00+00:00,lstm_regression,0.7662677
G00007,2022-01-04 04:00:00+00:00,lstm_regression,0.49921566
G00007,2022-01-04 05:00:00+00:00,lstm_regression,0.20593305
G00007,2022-01-04 06:00:00+00:00,lstm_regression,0.0
G00007,2022-01-04 07:00:00+00:00,lstm_regression,0.0998607
G00007,2022-01-04 08:00:00+00:00,lstm_regression,0.0
G00007,2022-01-04 09:00:00+00:00,lstm_regression,0.0
G00007,2022-01-04 10:00:00+00:00,lstm_regression,0.0
G00007,2022-01-04 11:00:00+00:00,lstm_regression,0.0109670665
G00007,2022-01-04 12:00:00+00:00,lstm_regression,0.11215439
G00007,2022-01-04 13:00:00+00:00,lstm_regression,0.0731603
G00007,2022-01-04 14:00:00+00:00,lstm_regression,0.15906847
G00007,2022-01-04 15:00:00+00:00,lstm_regression,0.14625974
G00007,2022-01-04 16:00:00+00:00,lstm_regression,0.20515637
G00007,2022-01-04 17:00:00+00:00,lstm_regression,0.21842237
G00007,2022-01-04 18:00:00+00:00,lstm_regression,0.1486087
G00007,2022-01-04 19:00:00+00:00,lstm_regression,0.36655742
G00007,2022-01-04 20:00:00+00:00,lstm_regression,0.43959847
G00007,2022-01-04 21:00:00+00:00,lstm_regression,0.37410176
G00007,2022-01-04 22:00:00+00:00,lstm_regression,0.09758698
G00007,2022-01-04 23:00:00+00:00,lstm_regression,0.0
G00007,2022-01-05 00:00:00+00:00,lstm_regression,0.17841695
G00007,2022-01-05 01:00:00+00:00,lstm_regression,0.39072472
G00007,2022-01-05 02:00:00+00:00,lstm_regression,0.43992278
G00007,2022-01-05 03:00:00+00:00,lstm_regression,0.13252367
G00007,2022-01-05 04:00:00+00:00,lstm_regression,0.0027649384
G00007,2022-01-05 05:00:00+00:00,lstm_regression,0.0
G00007,2022-01-05 06:00:00+00:00,lstm_regression,0.14851622
G00007,2022-01-05 07:00:00+00:00,lstm_regression,0.004783703
G00007,2022-01-05 08:00:00+00:00,lstm_regression,0.03305565
G00007,2022-01-05 09:00:00+00:00,lstm_regression,0.022260224
G00007,2022-01-05 10:00:00+00:00,lstm_regression,0.112445675
G00007,2022-01-05 11:00:00+00:00,lstm_regression,0.03087624
G00007,2022-01-05 12:00:00+00:00,lstm_regression,0.060268648
G00007,2022-01-05 13:00:00+00:00,lstm_regression,0.14331317
G00007,2022-01-05 14:00:00+00:00,lstm_regression,0.1667175
G00007,2022-01-05 15:00:00+00:00,lstm_regression,0.08017387
G00007,2022-01-05 16:00:00+00:00,lstm_regression,0.015178634
G00007,2022-01-05 17:00:00+00:00,lstm_regression,0.1355596
G00007,2022-01-05 18:00:00+00:00,lstm_regression,0.1516844
G00007,2022-01-05 19:00:00+00:00,lstm_regression,0.2799207
G00007,2022-01-05 20:00:00+00:00,lstm_regression,0.3035136
G00007,2022-01-05 21:00:00+00:00,lstm_regression,0.75217736
G00007,2022-01-05 22:00:00+00:00,lstm_regression,1.1349758
G00007,2022-01-05 23:00:00+00:00,lstm_regression,0.578852
G00007,2022-01-06 00:00:00+00:00,lstm_regression,0.2632088
G00007,2022-01-06 01:00:00+00:00,lstm_regression,0.10965484
G00007,2022-01-06 02:00:00+00:00,lstm_regression,0.36648387
G00007,2022-01-06 03:00:00+00:00,lstm_regression,0.5659459
G00007,2022-01-06 04:00:00+00:00,lstm_regression,0.6118507
G00007,2022-01-06 05:00:00+00:00,lstm_regression,0.59171623
G00007,2022-01-06 06:00:00+00:00,lstm_regression,0.34123245
G00007,2022-01-06 07:00:00+00:00,lstm_regression,0.17712517
G00007,2022-01-06 08:00:00+00:00,lstm_regression,0.2549433
G00007,2022-01-06 09:00:00+00:00,lstm_regression,0.21937923
G00007,2022-01-06 10:00:00+00:00,lstm_regression,0.17138271
G00007,2022-01-06 11:00:00+00:00,lstm_regression,0.0498363
G00007,2022-01-06 12:00:00+00:00,lstm_regression,0.13308318
G00007,2022-01-06 13:00:00+00:00,lstm_regression,0.050632432
G00007,2022-01-06 14:00:00+00:00,lstm_regression,0.0
G00007,2022-01-06 15:00:00+00:00,lstm_regression,0.07184551
G00007,2022-01-06 16:00:00+00:00,lstm_regression,0.0
G00007,2022-01-06 17:00:00+00:00,lstm_regression,0.029516364
G00007,2022-01-06 18:00:00+00:00,lstm_regression,0.0
G00007,2022-01-06 19:00:00+00:00,lstm_regression,0.082943685
G00007,2022-01-06 20:00:00+00:00,lstm_regression,0.33075657
G00007,2022-01-06 21:00:00+00:00,lstm_regression,0.26236188
G00007,2022-01-06 22:00:00+00:00,lstm_regression,0.22045211
G00007,2022-01-06 23:00:00+00:00,lstm_regression,0.19757836
G00007,2022-01-07 00:00:00+00:00,lstm_regression,0.3564733
G00007,2022-01-07 01:00:00+00:00,lstm_regression,0.6112754
G00007,2022-01-07 02:00:00+00:00,lstm_regression,0.6357127
G00007,2022-01-07 03:00:00+00:00,lstm_regression,0.44367796
G00007,2022-01-07 04:00:00+00:00,lstm_regression,0.3325808
G00007,2022-01-07 05:00:00+00:00,lstm_regression,0.29750258
G00007,2022-01-07 06:00:00+00:00,lstm_regression,0.3826689
G00007,2022-01-07 07:00:00+00:00,lstm_regression,0.2097409
G00007,2022-01-07 08:00:00+00:00,lstm_regression,0.013081899
G00007,2022-01-07 09:00:00+00:00,lstm_regression,0.13371421
G00007,2022-01-07 10:00:00+00:00,lstm_regression,0.12877697
G00007,2022-01-07 11:00:00+00:00,lstm_regression,0.025121262
G00007,2022-01-07 12:00:00+00:00,lstm_regression,0.024038574
G00007,2022-01-07 13:00:00+00:00,lstm_regression,0.14872868
G00007,2022-01-07 14:00:00+00:00,lstm_regression,0.15938933
G00007,2022-01-07 15:00:00+00:00,lstm_regression,0.18339439
G00007,2022-01-07 16:00:00+00:00,lstm_regression,0.22267191
G00007,2022-01-07 17:00:00+00:00,lstm_regression,0.29650858
G00007,2022-01-07 18:00:00+00:00,lstm_regression,0.3474442
G00007,2022-01-07 19:00:00+00:00,lstm_regression,0.39848223
G00007,2022-01-07 20:00:00+00:00,lstm_regression,0.55799204
G00007,2022-01-07 21:00:00+00:00,lstm_regression,0.5216579
G00007,2022-01-07 22:00:00+00:00,lstm_regression,0.8119289
G00007,2022-01-07 23:00:00+00:00,lstm_regression,0.9331287
G00007,2022-01-08 00:00:00+00:00,lstm_regression,1.1004196
G00007,2022-01-08 01:00:00+00:00,lstm_regression,0.97241205
G00007,2022-01-08 02:00:00+00:00,lstm_regression,0.8801384
G00007,2022-01-08 03:00:00+00:00,lstm_regression,0.9685684
G00007,2022-01-08 04:00:00+00:00,lstm_regression,0.77728754
G00007,2022-01-08 05:00:00+00:00,lstm_regression,0.30508623
G00007,2022-01-08 06:00:00+00:00,lstm_regression,0.25506318
G00007,2022-01-08 07:00:00+00:00,lstm_regression,0.036920138
G00007,2022-01-08 08:00:00+00:00,lstm_regression,0.0
G00007,2022-01-08 09:00:00+00:00,lstm_regression,0.025487525
G00007,2022-01-08 10:00:00+00:00,lstm_regression,0.0
G00007,2022-01-08 11:00:00+00:00,lstm_regression,0.0
G00007,2022-01-08 12:00:00+00:00,lstm_regression,0.011044009
G00007,2022-01-08 13:00:00+00:00,lstm_regression,0.15967289
G00007,2022-01-08 14:00:00+00:00,lstm_regression,0.06789667
G00007,2022-01-08 15:00:00+00:00,lstm_regression,0.2417144
G00007,2022-01-08 16:00:00+00:00,lstm_regression,0.112603985
G00007,2022-01-08 17:00:00+00:00,lstm_regression,0.16464773
G00007,2022-01-08 18:00:00+00:00,lstm_regression,0.2746412
G00007,2022-01-08 19:00:00+00:00,lstm_regression,0.46981126
G00007,2022-01-08 20:00:00+00:00,lstm_regression,0.54241276
G00007,2022-01-08 21:00:00+00:00,lstm_regression,0.8213547
G00007,2022-01-08 22:00:00+00:00,lstm_regression,1.0438607
G00007,2022-01-08 23:00:00+00:00,lstm_regression,0.5346637
G00007,2022-01-09 00:00:00+00:00,lstm_regression,0.46185008
G00007,2022-01-09 01:00:00+00:00,lstm_regression,0.31179807
G00007,2022-01-09 02:00:00+00:00,lstm_regression,0.30259788
G00007,2022-01-09 03:00:00+00:00,lstm_regression,0.5491578
G00007,2022-01-09 04:00:00+00:00,lstm_regression,0.38702056
G00007,2022-01-09 05:00:00+00:00,lstm_regression,0.3999185
G00007,2022-01-09 06:00:00+00:00,lstm_regression,0.067346655
G00007,2022-01-09 07:00:00+00:00,lstm_regression,0.019518277
G00007,2022-01-09 08:00:00+00:00,lstm_regression,0.0
G00007,2022-01-09 09:00:00+00:00,lstm_regression,0.0011212286
G00007,2022-01-09 10:00:00+00:00,lstm_regression,0.032662705
G00007,2022-01-09 11:00:00+00:00,lstm_regression,0.0
G00007,2022-01-09 12:00:00+00:00,lstm_regression,0.14710654
G00007,2022-01-09 13:00:00+00:00,lstm_regression,0.07740518
G00007,2022-01-09 14:00:00+00:00,lstm_regression,0.18108277
G00007,2022-01-09 15:00:00+00:00,lstm_regression,0.23944502
G00007,2022-01-09 16:00:00+00:00,lstm_regression,0.45167965
G00007,2022-01-09 17:00:00+00:00,lstm_regression,0.8984907
G00007,2022-01-09 18:00:00+00:00,lstm_regression,1.1246815
G00007,2022-01-09 19:00:00+00:00,lstm_regression,0.86808234
G00007,2022-01-09 20:00:00+00:00,lstm_regression,0.962386
G00007,2022-01-09 21:00:00+00:00,lstm_regression,0.17557964
G00007,2022-01-09 22:00:00+00:00,lstm_regression,0.0
G00007,2022-01-09 23:00:00+00:00,lstm_regression,0.0
G00007,2022-01-10 00:00:00+00:00,lstm_regression,0.01932562
G00007,2022-01-10 01:00:00+00:00,lstm_regression,0.17177296
G00007,2022-01-10 02:00:00+00:00,lstm_regression,0.4255728
G00007,2022-01-10 03:00:00+00:00,lstm_regression,0.4375851
G00007,2022-01-10 04:00:00+00:00,lstm_regression,0.3156922
G00007,2022-01-10 05:00:00+00:00,lstm_regression,0.22068904
G00007,2022-01-10 06:00:00+00:00,lstm_regression,0.5248639
G00007,2022-01-10 07:00:00+00:00,lstm_regression,0.5329517
G00007,2022-01-10 08:00:00+00:00,lstm_regression,0.8758062
G00007,2022-01-10 09:00:00+00:00,lstm_regression,1.2156804
G00007,2022-01-10 10:00:00+00:00,lstm_regression,1.4489815
G00007,2022-01-10 11:00:00+00:00,lstm_regression,1.1018878
G00007,2022-01-10 12:00:00+00:00,lstm_regression,0.67581844
G00007,2022-01-10 13:00:00+00:00,lstm_regression,0.4393581
G00007,2022-01-10 14:00:00+00:00,lstm_regression,0.71823466
G00007,2022-01-10 15:00:00+00:00,lstm_regression,1.1377375
G00007,2022-01-10 16:00:00+00:00,lstm_regression,0.47825286
G00007,2022-01-10 17:00:00+00:00,lstm_regression,0.098433696
G00007,2022-01-10 18:00:00+00:00,lstm_regression,0.16758685
G00007,2022-01-10 19:00:00+00:00,lstm_regression,0.44981873
G00007,2022-01-10 20:00:00+00:00,lstm_regression,0.5986049
G00007,2022-01-10 21:00:00+00:00,lstm_regression,0.9351502
G00007,2022-01-10 22:00:00+00:00,lstm_regression,1.0802778
G00007,2022-01-10 23:00:00+00:00,lstm_regression,1.3291008
G00007,2022-01-11 00:00:00+00:00,lstm_regression,1.7985332
G00007,2022-01-11 01:00:00+00:00,lstm_regression,0.6825292
G00007,2022-01-11 02:00:00+00:00,lstm_regression,0.2605244
G00007,2022-01-11 03:00:00+00:00,lstm_regression,0.0
G00007,2022-01-11 04:00:00+00:00,lstm_regression,0.1459175
G00007,2022-01-11 05:00:00+00:00,lstm_regression,0.106035315
G00007,2022-01-11 06:00:00+00:00,lstm_regression,0.0
G00007,2022-01-11 07:00:00+00:00,lstm_regression,0.012097916
G00007,2022-01-11 08:00:00+00:00,lstm_regression,0.0
G00007,2022-01-11 09:00:00+00:00,lstm_regression,0.0
G00007,2022-01-11 10:00:00+00:00,lstm_regression,0.0
G00007,2022-01-11 11:00:00+00:00,lstm_regression,0.23537157
G00007,2022-01-11 12:00:00+00:00,lstm_regression,0.18489973
G00007,2022-01-11 13:00:00+00:00,lstm_regression,0.1344068
G00007,2022-01-11 14:00:00+00:00,lstm_regression,0.4899456
G00007,2022-01-11 15:00:00+00:00,lstm_regression,0.23866065
G00007,2022-01-11 16:00:00+00:00,lstm_regression,0.19512455
G00007,2022-01-11 17:00:00+00:00,lstm_regression,0.31140807
G00007,2022-01-11 18:00:00+00:00,lstm_regression,0.31263894
G00007,2022-01-11 19:00:00+00:00,lstm_regression,0.66463774
G00007,2022-01-11 20:00:00+00:00,lstm_regression,0.85114044
G00007,2022-01-11 21:00:00+00:00,lstm_regression,0.9897422
G00007,2022-01-11 22:00:00+00:00,lstm_regression,1.4785473
G00007,2022-01-11 23:00:00+00:00,lstm_regression,0.6884759
G00007,2022-01-12 00:00:00+00:00,lstm_regression,0.5413775
G00007,2022-01-12 01:00:00+00:00,lstm_regression,0.08208605
G00007,2022-01-12 02:00:00+00:00,lstm_regression,0.28353646
G00007,2022-01-12 03:00:00+00:00,lstm_regression,0.28504655
G00007,2022-01-12 04:00:00+00:00,lstm_regression,0.3310552
G00007,2022-01-12 05:00:00+00:00,lstm_regression,0.3018039
G00007,2022-01-12 06:00:00+00:00,lstm_regression,0.265203
G00007,2022-01-12 07:00:00+00:00,lstm_regression,0.18575676
G00007,2022-01-12 08:00:00+00:00,lstm_regression,0.1969679
G00007,2022-01-12 09:00:00+00:00,lstm_regression,0.31088802
G00007,2022-01-12 10:00:00+00:00,lstm_regression,0.22466087
G00007,2022-01-12 11:00:00+00:00,lstm_regression,0.27444762
G00007,2022-01-12 12:00:00+00:00,lstm_regression,0.42198804
G00007,2022-01-12 13:00:00+00:00,lstm_regression,0.14863756
G00007,2022-01-12 14:00:00+00:00,lstm_regression,0.15523034
G00007,2022-01-12 15:00:00+00:00,lstm_regression,0.021228163
G00007,2022-01-12 16:00:00+00:00,lstm_regression,0.0
G00007,2022-01-12 17:00:00+00:00,lstm_regression,0.160256
G00007,2022-01-12 18:00:00+00:00,lstm_regression,0.46083164
G00007,2022-01-12 19:00:00+00:00,lstm_regression,1.079807
G00007,2022-01-12 20:00:00+00:00,lstm_regression,0.85290295
G00007,2022-01-12 21:00:00+00:00,lstm_regression,0.45426467
G00007,2022-01-12 22:00:00+00:00,lstm_regression,0.35148972
G00007,2022-01-12 23:00:00+00:00,lstm_regression,0.8279619
G00007,2022-01-13 00:00:00+00:00,lstm_regression,0.9744764
G00007,2022-01-13 01:00:00+00:00,lstm_regression,0.62594795
G00007,2022-01-13 02:00:00+00:00,lstm_regression,0.7612764
G00007,2022-01-13 03:00:00+00:00,lstm_regression,0.36972934
G00007,2022-01-13 04:00:00+00:00,lstm_regression,0.33128732
G00007,2022-01-13 05:00:00+00:00,lstm_regression,0.2031656
G00007,2022-01-13 06:00:00+00:00,lstm_regression,0.0
G00007,2022-01-13 07:00:00+00:00,lstm_regression,0.0
G00007,2022-01-13 08:00:00+00:00,lstm_regression,0.0
G00007,2022-01-13 09:00:00+00:00,lstm_regression,0.0
G00007,2022-01-13 10:00:00+00:00,lstm_regression,0.0
G00007,2022-01-13 11:00:00+00:00,lstm_regression,0.0
G00007,2022-01-13 12:00:00+00:00,lstm_regression,0.118196286
G00007,2022-01-13 13:00:00+00:00,lstm_regression,0.0
G00007,2022-01-13 14:00:00+00:00,lstm_regression,0.02962978
G00007,2022-01-13 15:00:00+00:00,lstm_regression,0.14843033
G00007,2022-01-13 16:00:00+00:00,lstm_regression,0.38152692
G00007,2022-01-13 17:00:00+00:00,lstm_regression,0.331291
G00007,2022-01-13 18:00:00+00:00,lstm_regression,0.6122817
G00007,2022-01-13 19:00:00+00:00,lstm_regression,0.65104085
G00007,2022-01-13 20:00:00+00:00,lstm_regression,0.48908782
G00007,2022-01-13 21:00:00+00:00,lstm_regression,0.847449
G00007,2022-01-13 22:00:00+00:00,lstm_regression,0.61246175
G00007,2022-01-13 23:00:00+00:00,lstm_regression,0.6697976
G00007,2022-01-14 00:00:00+00:00,lstm_regression,0.87953144
G00007,2022-01-14 01:00:00+00:00,lstm_regression,1.0201534
G00007,2022-01-14 02:00:00+00:00,lstm_regression,0.93425924
G00007,2022-01-14 03:00:00+00:00,lstm_regression,0.8910422
G00007,2022-01-14 04:00:00+00:00,lstm_regression,0.33504146
G00007,2022-01-14 05:00:00+00:00,lstm_regression,0.0
G00007,2022-01-14 06:00:00+00:00,lstm_regression,0.0
G00007,2022-01-14 07:00:00+00:00,lstm_regression,0.0
G00007,2022-01-14 08:00:00+00:00,lstm_regression,0.0
G00007,2022-01-14 09:00:00+00:00,lstm_regression,0.044098035
G00007,2022-01-14 10:00:00+00:00,lstm_regression,0.0
G00007,2022-01-14 11:00:00+00:00,lstm_regression,0.0
G00007,2022-01-14 12:00:00+00:00,lstm_regression,0.014870336
G00007,2022-01-14 13:00:00+00:00,lstm_regression,0.28154945
G00007,2022-01-14 14:00:00+00:00,lstm_regression,0.17738597
G00007,2022-01-14 15:00:00+00:00,lstm_regression,0.27309808
G00007,2022-01-14 16:00:00+00:00,lstm_regression,0.4741295
G00007,2022-01-14 17:00:00+00:00,lstm_regression,0.44806138
G00007,2022-01-14 18:00:00+00:00,lstm_regression,0.87176335
G00007,2022-01-14 19:00:00+00:00,lstm_regression,0.7333621
G00007,2022-01-14 20:00:00+00:00,lstm_regression,0.7009296
G00007,2022-01-14 21:00:00+00:00,lstm_regression,0.9441001
G00007,2022-01-14 22:00:00+00:00,lstm_regression,1.2007116
G00007,2022-01-14 23:00:00+00:00,lstm_regression,0.86721826
G00007,2022-01-15 00:00:00+00:00,lstm_regression,0.51379865
G00007,2022-01-15 01:00:00+00:00,lstm_regression,0.22494441
G00007,2022-01-15 02:00:00+00:00,lstm_regression,0.253969
G00007,2022-01-15 03:00:00+00:00,lstm_regression,0.50023615
G00007,2022-01-15 04:00:00+00:00,lstm_regression,0.40061232
G00007,2022-01-15 05:00:00+00:00,lstm_regression,0.24678151
G00007,2022-01-15 06:00:00+00:00,lstm_regression,0.04278651
G00007,2022-01-15 07:00:00+00:00,lstm_regression,0.0521921
G00007,2022-01-15 08:00:00+00:00,lstm_regression,0.0
G00007,2022-01-15 09:00:00+00:00,lstm_regression,0.0
G00007,2022-01-15 10:00:00+00:00,lstm_regression,0.023249557
G00007,2022-01-15 11:00:00+00:00,lstm_regression,0.0
G00007,2022-01-15 12:00:00+00:00,lstm_regression,0.11058047
G00007,2022-01-15 13:00:00+00:00,lstm_regression,0.1763696
G00007,2022-01-15 14:00:00+00:00,lstm_regression,0.10691274
G00007,2022-01-15 15:00:00+00:00,lstm_regression,0.11929981
G00007,2022-01-15 16:00:00+00:00,lstm_regression,0.054001905
G00007,2022-01-15 17:00:00+00:00,lstm_regression,0.09891168
G00007,2022-01-15 18:00:00+00:00,lstm_regression,0.094577976
G00007,2022-01-15 19:00:00+00:00,lstm_regression,0.17554124
G00007,2022-01-15 20:00:00+00:00,lstm_regression,0.41903117
G00007,2022-01-15 21:00:00+00:00,lstm_regression,0.43278652
G00007,2022-01-15 22:00:00+00:00,lstm_regression,0.43508643
G00007,2022-01-15 23:00:00+00:00,lstm_regression,0.4433989
G00007,2022-01-16 00:00:00+00:00,lstm_regression,0.50551337
G00007,2022-01-16 01:00:00+00:00,lstm_regression,0.36394215
G00007,2022-01-16 02:00:00+00:00,lstm_regression,0.40600002
G00007,2022-01-16 03:00:00+00:00,lstm_regression,0.5027919
G00007,2022-01-16 04:00:00+00:00,lstm_regression,0.29809773
G00007,2022-01-16 05:00:00+00:00,lstm_regression,0.050580464
G00007,2022-01-16 06:00:00+00:00,lstm_regression,0.08841049
G00007,2022-01-16 07:00:00+00:00,lstm_regression,0.13942526
G00007,2022-01-16 08:00:00+00:00,lstm_regression,0.071992196
G00007,2022-01-16 09:00:00+00:00,lstm_regression,0.10214723
G00007,2022-01-16 10:00:00+00:00,lstm_regression,0.0
G00007,2022-01-16 11:00:00+00:00,lstm_regression,0.17250068
G00007,2022-01-16 12:00:00+00:00,lstm_regression,0.0677905
G00007,2022-01-16 13:00:00+00:00,lstm_regression,0.014571859
G00007,2022-01-16 14:00:00+00:00,lstm_regression,0.10141859
G00007,2022-01-16 15:00:00+00:00,lstm_regression,0.08219587
G00007,2022-01-16 16:00:00+00:00,lstm_regression,0.027512616
G00007,2022-01-16 17:00:00+00:00,lstm_regression,0.0
G00007,2022-01-16 18:00:00+00:00,lstm_regression,0.0
G00007,2022-01-16 19:00:00+00:00,lstm_regression,0.024899637
G00007,2022-01-16 20:00:00+00:00,lstm_regression,0.051173687
G00007,2022-01-16 21:00:00+00:00,lstm_regression,0.29382792
G00007,2022-01-16 22:00:00+00:00,lstm_regression,0.3274381
G00007,2022-01-16 23:00:00+00:00,lstm_regression,0.45526776
G00007,2022-01-17 00:00:00+00:00,lstm_regression,0.64702535
G00007,2022-01-17 01:00:00+00:00,lstm_regression,0.67221826
G00007,2022-01-17 02:00:00+00:00,lstm_regression,0.7778833
G00007,2022-01-17 03:00:00+00:00,lstm_regression,0.44018465
G00007,2022-01-17 04:00:00+00:00,lstm_regression,0.40227288
G00007,2022-01-17 05:00:00+00:00,lstm_regression,0.50701004
G00007,2022-01-17 08:00:00+00:00,lstm_regression,0.15042979
G00007,2022-01-17 10:00:00+00:00,lstm_regression,0.02183131
G00007,2022-01-17 11:00:00+00:00,lstm_regression,0.338486
G00007,2022-01-17 13:00:00+00:00,lstm_regression,0.30896157
G00007,2022-01-17 14:00:00+00:00,lstm_regression,0.16719261
G00007,2022-01-17 15:00:00+00:00,lstm_regression,0.23345254
G00007,2022-01-17 16:00:00+00:00,lstm_regression,0.0
G00007,2022-01-17 17:00:00+00:00,lstm_regression,0.13774525
G00007,2022-01-17 19:00:00+00:00,lstm_regression,0.35907286
G00007,2022-01-17 20:00:00+00:00,lstm_regression,0.12102658
G00007,2022-01-17 21:00:00+00:00,lstm_regression,0.0
G00007,2022-01-17 22:00:00+00:00,lstm_regression,0.0
G00007,2022-01-17 23:00:00+00:00,lstm_regression,0.0
G00007,2022-01-18 00:00:00+00:00,lstm_regression,0.14007843
G00007,2022-01-18 01:00:00+00:00,lstm_regression,0.28191847
G00007,2022-01-18 02:00:00+00:00,lstm_regression,0.35271144
G00007,2022-01-18 03:00:00+00:00,lstm_regression,0.2569238
G00007,2022-01-18 04:00:00+00:00,lstm_regression,0.20790732
G00007,2022-01-18 05:00:00+00:00,lstm_regression,0.33183068
G00007,2022-01-18 07:00:00+00:00,lstm_regression,0.2096834
G00007,2022-01-18 08:00:00+00:00,lstm_regression,0.08915386
G00007,2022-01-18 09:00:00+00:00,lstm_regression,0.0
G00007,2022-01-18 10:00:00+00:00,lstm_regression,0.027690148
G00007,2022-01-18 11:00:00+00:00,lstm_regression,0.0
G00007,2022-01-18 12:00:00+00:00,lstm_regression,0.090071835
G00007,2022-01-18 13:00:00+00:00,lstm_regression,0.23640619
G00007,2022-01-18 14:00:00+00:00,lstm_regression,0.21080026
G00007,2022-01-18 15:00:00+00:00,lstm_regression,0.41231588
G00007,2022-01-18 16:00:00+00:00,lstm_regression,0.62133867
G00007,2022-01-18 17:00:00+00:00,lstm_regression,0.6482271
G00007,2022-01-18 20:00:00+00:00,lstm_regression,0.6450798
G00007,2022-01-18 22:00:00+00:00,lstm_regression,0.2584328
G00007,2022-01-18 23:00:00+00:00,lstm_regression,0.47282475
G00007,2022-01-19 01:00:00+00:00,lstm_regression,0.7663504
G00007,2022-01-19 02:00:00+00:00,lstm_regression,0.54225296
G00007,2022-01-19 03:00:00+00:00,lstm_regression,0.5114708
G00007,2022-01-19 04:00:00+00:00,lstm_regression,0.6016103
G00007,2022-01-19 05:00:00+00:00,lstm_regression,0.27086717
G00007,2022-01-19 07:00:00+00:00,lstm_regression,0.082276225
G00007,2022-01-19 08:00:00+00:00,lstm_regression,0.0
G00007,2022-01-19 09:00:00+00:00,lstm_regression,0.021619668
G00007,2022-01-19 10:00:00+00:00,lstm_regression,0.06921039
G00007,2022-01-19 11:00:00+00:00,lstm_regression,0.0
G00007,2022-01-19 12:00:00+00:00,lstm_regression,0.030281788
G00007,2022-01-19 13:00:00+00:00,lstm_regression,0.19971602
G00007,2022-01-19 14:00:00+00:00,lstm_regression,0.17882039
G00007,2022-01-19 15:00:00+00:00,lstm_regression,0.42557862
G00007,2022-01-19 16:00:00+00:00,lstm_regression,0.86423016
G00007,2022-01-19 17:00:00+00:00,lstm_regression,1.2665339
G00007,2022-01-19 19:00:00+00:00,lstm_regression,0.5187842
G00007,2022-01-19 20:00:00+00:00,lstm_regression,0.48575073
G00007,2022-01-19 21:00:00+00:00,lstm_regression,0.5174143
G00007,2022-01-19 22:00:00+00:00,lstm_regression,0.39904734
G00007,2022-01-19 23:00:00+00:00,lstm_regression,0.3445587
G00007,2022-01-20 00:00:00+00:00,lstm_regression,0.6307818
G00007,2022-01-20 01:00:00+00:00,lstm_regression,0.72731036
G00007,2022-01-20 02:00:00+00:00,lstm_regression,0.5262806
G00007,2022-01-20 03:00:00+00:00,lstm_regression,0.33281982
G00007,2022-01-20 04:00:00+00:00,lstm_regression,0.29742193
G00007,2022-01-20 05:00:00+00:00,lstm_regression,0.33989137
G00007,2022-01-20 06:00:00+00:00,lstm_regression,0.25454986
G00007,2022-01-20 07:00:00+00:00,lstm_regression,0.16709216
G00007,2022-01-20 08:00:00+00:00,lstm_regression,0.28211942
G00007,2022-01-20 09:00:00+00:00,lstm_regression,0.6080509
G00007,2022-01-20 10:00:00+00:00,lstm_regression,0.49051178
G00007,2022-01-20 11:00:00+00:00,lstm_regression,0.828317
G00007,2022-01-20 12:00:00+00:00,lstm_regression,0.8316261
G00007,2022-01-20 13:00:00+00:00,lstm_regression,0.68909574
G00007,2022-01-20 14:00:00+00:00,lstm_regression,0.6519081
G00007,2022-01-20 15:00:00+00:00,lstm_regression,0.7804999
G00007,2022-01-20 16:00:00+00:00,lstm_regression,0.55683416
G00007,2022-01-20 17:00:00+00:00,lstm_regression,0.36748436
G00007,2022-01-20 18:00:00+00:00,lstm_regression,0.3609145
G00007,2022-01-20 19:00:00+00:00,lstm_regression,0.5011632
G00007,2022-01-20 20:00:00+00:00,lstm_regression,0.62499815
G00007,2022-01-20 21:00:00+00:00,lstm_regression,0.6581968
G00007,2022-01-20 22:00:00+00:00,lstm_regression,0.23104453
G00007,2022-01-20 23:00:00+00:00,lstm_regression,0.38749814
G00007,2022-01-21 00:00:00+00:00,lstm_regression,0.62044984
G00007,2022-01-21 01:00:00+00:00,lstm_regression,0.9278156
G00007,2022-01-21 04:00:00+00:00,lstm_regression,0.65548885
G00007,2022-01-21 06:00:00+00:00,lstm_regression,0.89623076
G00007,2022-01-21 07:00:00+00:00,lstm_regression,0.71823096
G00007,2022-01-21 09:00:00+00:00,lstm_regression,0.36249802
G00007,2022-01-21 10:00:00+00:00,lstm_regression,0.3462202
G00007,2022-01-21 11:00:00+00:00,lstm_regression,0.28593084
G00007,2022-01-21 12:00:00+00:00,lstm_regression,0.24520527
G00007,2022-01-21 13:00:00+00:00,lstm_regression,0.18183713
G00007,2022-01-21 15:00:00+00:00,lstm_regression,0.2503136
G00007,2022-01-21 16:00:00+00:00,lstm_regression,0.2022645
G00007,2022-01-21 17:00:00+00:00,lstm_regression,0.24914168
G00007,2022-01-21 18:00:00+00:00,lstm_regression,0.43104944
G00007,2022-01-21 19:00:00+00:00,lstm_regression,0.5532483
G00008,2022-01-02 00:00:00+00:00,lstm_regression,0.34112453
G00008,2022-01-02 01:00:00+00:00,lstm_regression,0.29512793
G00008,2022-01-02 02:00:00+00:00,lstm_regression,0.23023
G00008,2022-01-02 03:00:00+00:00,lstm_regression,0.49028325
G00008,2022-01-02 04:00:00+00:00,lstm_regression,0.47391826
G00008,2022-01-02 05:00:00+00:00,lstm_regression,0.50029445
G00008,2022-01-02 06:00:00+00:00,lstm_regression,0.3673311
G00008,2022-01-02 07:00:00+00:00,lstm_regression,0.2496248
G00008,2022-01-02 08:00:00+00:00,lstm_regression,0.4919806
G00008,2022-01-02 09:00:00+00:00,lstm_regression,0.26673064
G00008,2022-01-02 10:00:00+00:00,lstm_regression,0.316169
G00008,2022-01-02 11:00:00+00:00,lstm_regression,0.07439768
G00008,2022-01-02 12:00:00+00:00,lstm_regression,0.0
G00008,2022-01-02 13:00:00+00:00,lstm_regression,0.0
G00008,2022-01-02 14:00:00+00:00,lstm_regression,0.0
G00008,2022-01-02 15:00:00+00:00,lstm_regression,0.0
G00008,2022-01-02 16:00:00+00:00,lstm_regression,0.0
G00008,2022-01-02 17:00:00+00:00,lstm_regression,0.0
G00008,2022-01-02 18:00:00+00:00,lstm_regression,0.14808138
G00008,2022-01-02 19:00:00+00:00,lstm_regression,0.0
G00008,2022-01-02 20:00:00+00:00,lstm_regression,0.0
G00008,2022-01-02 21:00:00+00:00,lstm_regression,0.03455478
G00008,2022-01-02 22:00:00+00:00,lstm_regression,0.0056672115
G00008,2022-01-02 23:00:00+00:00,lstm_regression,0.0511171
G00008,2022-01-03 00:00:00+00:00,lstm_regression,0.0
G00008,2022-01-03 01:00:00+00:00,lstm_regression,0.09773648
G00008,2022-01-03 02:00:00+00:00,lstm_regression,0.2896655
G00008,2022-01-03 03:00:00+00:00,lstm_regression,0.17508808
G00008,2022-01-03 04:00:00+00:00,lstm_regression,0.018728195
G00008,2022-01-03 05:00:00+00:00,lstm_regression,0.07616938
G00008,2022-01-03 06:00:00+00:00,lstm_regression,0.0
G00008,2022-01-03 07:00:00+00:00,lstm_regression,0.18364647
G00008,2022-01-03 08:00:00+00:00,lstm_regression,0.20687163
G00008,2022-01-03 09:00:00+00:00,lstm_regression,0.0
G00008,2022-01-03 10:00:00+00:00,lstm_regression,0.07052692
G00008,2022-01-03 11:00:00+00:00,lstm_regression,0.0
G00008,2022-01-03 12:00:00+00:00,lstm_regression,0.06821096
G00008,2022-01-03 13:00:00+00:00,lstm_regression,0.11698457
G00008,2022-01-03 14:00:00+00:00,lstm_regression,0.19831668
G00008,2022-01-03 15:00:00+00:00,lstm_regression,0.314124
G00008,2022-01-03 16:00:00+00:00,lstm_regression,0.4455661
G00008,2022-01-03 17:00:00+00:00,lstm_regression,0.40993786
G00008,2022-01-03 18:00:00+00:00,lstm_regression,0.117405035
G00008,2022-01-03 19:00:00+00:00,lstm_regression,0.0
G00008,2022-01-03 20:00:00+00:00,lstm_regression,0.0693023
G00008,2022-01-03 21:00:00+00:00,lstm_regression,0.0
G00008,2022-01-03 22:00:00+00:00,lstm_regression,0.0
G00008,2022-01-03 23:00:00+00:00,lstm_regression,0.11882021
G00008,2022-01-04 00:00:00+00:00,lstm_regression,0.14405154
G00008,2022-01-04 01:00:00+00:00,lstm_regression,0.38255656
G00008,2022-01-04 02:00:00+00:00,lstm_regression,0.31683075
G00008,2022-01-04 03:00:00+00:00,lstm_regression,0.36808097
G00008,2022-01-04 04:00:00+00:00,lstm_regression,0.6141758
G00008,2022-01-04 05:00:00+00:00,lstm_regression,0.7268774
G00008,2022-01-04 06:00:00+00:00,lstm_regression,0.32076886
G00008,2022-01-04 07:00:00+00:00,lstm_regression,0.04543911
G00008,2022-01-04 08:00:00+00:00,lstm_regression,0.081705675
G00008,2022-01-04 09:00:00+00:00,lstm_regression,0.21213754
G00008,2022-01-04 10:00:00+00:00,lstm_regression,0.30946442
G00008,2022-01-04 11:00:00+00:00,lstm_regression,0.4915561
G00008,2022-01-04 12:00:00+00:00,lstm_regression,0.41356567
G00008,2022-01-04 13:00:00+00:00,lstm_regression,0.2799482
G00008,2022-01-04 14:00:00+00:00,lstm_regression,0.43964443
G00008,2022-01-04 15:00:00+00:00,lstm_regression,0.7597118
G00008,2022-01-04 16:00:00+00:00,lstm_regression,1.1078178
G00008,2022-01-04 17:00:00+00:00,lstm_regression,0.8103358
G00008,2022-01-04 18:00:00+00:00,lstm_regression,0.3461455
G00008,2022-01-04 19:00:00+00:00,lstm_regression,0.0014896598
G00008,2022-01-04 20:00:00+00:00,lstm_regression,0.23158602
G00008,2022-01-04 21:00:00+00:00,lstm_regression,0.2552001
G00008,2022-01-05 00:00:00+00:00,lstm_regression,0.019198036
G00008,2022-01-05 02:00:00+00:00,lstm_regression,0.104344524
G00008,2022-01-05 03:00:00+00:00,lstm_regression,0.2271625
G00008,2022-01-05 05:00:00+00:00,lstm_regression,0.14600284
G00008,2022-01-05 06:00:00+00:00,lstm_regression,0.19252986
G00008,2022-01-05 07:00:00+00:00,lstm_regression,0.1909704
G00008,2022-01-05 08:00:00+00:00,lstm_regression,0.104313746
G00008,2022-01-05 09:00:00+00:00,lstm_regression,0.108546905
G00008,2022-01-05 11:00:00+00:00,lstm_regression,0.20706318
G00008,2022-01-05 12:00:00+00:00,lstm_regression,0.05497598
G00008,2022-01-05 13:00:00+00:00,lstm_regression,0.18690856
G00008,2022-01-05 14:00:00+00:00,lstm_regression,0.24531011
G00008,2022-01-05 15:00:00+00:00,lstm_regression,0.3410818
G00008,2022-01-05 16:00:00+00:00,lstm_regression,0.54325306
G00008,2022-01-05 17:00:00+00:00,lstm_regression,0.80204403
G00008,2022-01-05 18:00:00+00:00,lstm_regression,0.6315357
G00008,2022-01-05 19:00:00+00:00,lstm_regression,0.36337954
G00008,2022-01-05 20:00:00+00:00,lstm_regression,0.107990064
G00008,2022-01-05 21:00:00+00:00,lstm_regression,0.30407298
G00008,2022-01-05 23:00:00+00:00,lstm_regression,0.26631916
G00008,2022-01-06 00:00:00+00:00,lstm_regression,0.0
G00008,2022-01-06 01:00:00+00:00,lstm_regression,0.0
G00008,2022-01-06 02:00:00+00:00,lstm_regression,0.14007379
G00008,2022-01-06 03:00:00+00:00,lstm_regression,0.16029249
G00008,2022-01-06 04:00:00+00:00,lstm_regression,0.0
G00008,2022-01-06 05:00:00+00:00,lstm_regression,0.0
G00008,2022-01-06 06:00:00+00:00,lstm_regression,0.07232403
G00008,2022-01-06 07:00:00+00:00,lstm_regression,0.124116205
G00008,2022-01-06 08:00:00+00:00,lstm_regression,0.0615032
G00008,2022-01-06 11:00:00+00:00,lstm_regression,0.0
G00008,2022-01-06 13:00:00+00:00,lstm_regression,0.1288283
G00008,2022-01-06 14:00:00+00:00,lstm_regression,0.19345805
G00008,2022-01-06 17:00:00+00:00,lstm_regression,0.12496848
G00008,2022-01-06 19:00:00+00:00,lstm_regression,0.0665535
G00008,2022-01-06 20:00:00+00:00,lstm_regression,0.67505383
G00008,2022-01-06 22:00:00+00:00,lstm_regression,0.52568513
G00008,2022-01-06 23:00:00+00:00,lstm_regression,0.5825731
G00008,2022-01-07 00:00:00+00:00,lstm_regression,0.38572407
G00008,2022-01-07 01:00:00+00:00,lstm_regression,0.70788354
G00008,2022-01-07 02:00:00+00:00,lstm_regression,1.0021067
G00008,2022-01-07 04:00:00+00:00,lstm_regression,0.49357742
G00008,2022-01-07 05:00:00+00:00,lstm_regression,0.110514246
G00008,2022-01-07 06:00:00+00:00,lstm_regression,0.17721958
G00008,2022-01-07 07:00:00+00:00,lstm_regression,0.2547856
G00008,2022-01-07 08:00:00+00:00,lstm_regression,0.24271484
G00008,2022-01-07 10:00:00+00:00,lstm_regression,0.108950816
G00008,2022-01-07 11:00:00+00:00,lstm_regression,0.0
G00008,2022-01-07 12:00:00+00:00,lstm_regression,0.1315838
G00008,2022-01-07 13:00:00+00:00,lstm_regression,0.2049178
G00008,2022-01-07 14:00:00+00:00,lstm_regression,0.35247532
G00008,2022-01-07 16:00:00+00:00,lstm_regression,0.6871495
G00008,2022-01-07 17:00:00+00:00,lstm_regression,0.2574122
G00008,2022-01-07 18:00:00+00:00,lstm_regression,0.0
G00008,2022-01-07 19:00:00+00:00,lstm_regression,0.0
G00008,2022-01-07 20:00:00+00:00,lstm_regression,0.15160237
G00008,2022-01-07 21:00:00+00:00,lstm_regression,0.09103307
G00008,2022-01-07 22:00:00+00:00,lstm_regression,0.15364172
G00008,2022-01-07 23:00:00+00:00,lstm_regression,0.50017434
G00008,2022-01-08 00:00:00+00:00,lstm_regression,0.68012446
G00008,2022-01-08 01:00:00+00:00,lstm_regression,0.78441125
G00008,2022-01-08 02:00:00+00:00,lstm_regression,0.7514211
G00008,2022-01-08 03:00:00+00:00,lstm_regression,1.0848677
G00008,2022-01-08 04:00:00+00:00,lstm_regression,0.24389301
G00008,2022-01-08 05:00:00+00:00,lstm_regression,0.0
G00008,2022-01-08 06:00:00+00:00,lstm_regression,0.0
G00008,2022-01-08 07:00:00+00:00,lstm_regression,0.0017996598
G00008,2022-01-08 08:00:00+00:00,lstm_regression,0.019202976
G00008,2022-01-08 09:00:00+00:00,lstm_regression,0.10085725
G00008,2022-01-08 10:00:00+00:00,lstm_regression,0.0
G00008,2022-01-08 11:00:00+00:00,lstm_regression,0.0
G00008,2022-01-08 12:00:00+00:00,lstm_regression,0.0005086679
G00008,2022-01-08 13:00:00+00:00,lstm_regression,0.23605688
G00008,2022-01-08 14:00:00+00:00,lstm_regression,0.19638221
G00008,2022-01-08 15:00:00+00:00,lstm_regression,0.086953215
G00008,2022-01-08 16:00:00+00:00,lstm_regression,0.025120808
G00008,2022-01-08 17:00:00+00:00,lstm_regression,0.257358
G00008,2022-01-08 18:00:00+00:00,lstm_regression,0.16710803
G00008,2022-01-08 19:00:00+00:00,lstm_regression,0.090638004
G00008,2022-01-08 20:00:00+00:00,lstm_regression,0.0218757
G00008,2022-01-08 21:00:00+00:00,lstm_regression,0.0
G00008,2022-01-08 22:00:00+00:00,lstm_regression,0.124946944
G00008,2022-01-08 23:00:00+00:00,lstm_regression,0.05585102
G00008,2022-01-09 00:00:00+00:00,lstm_regression,0.056781948
G00008,2022-01-09 01:00:00+00:00,lstm_regression,0.00881776
G00008,2022-01-09 02:00:00+00:00,lstm_regression,0.2331459
G00008,2022-01-09 03:00:00+00:00,lstm_regression,0.37210166
G00008,2022-01-09 04:00:00+00:00,lstm_regression,0.20339318
G00008,2022-01-09 05:00:00+00:00,lstm_regression,0.119579844
G00008,2022-01-09 06:00:00+00:00,lstm_regression,0.19786043
G00008,2022-01-09 07:00:00+00:00,lstm_regression,0.30346546
G00008,2022-01-09 08:00:00+00:00,lstm_regression,0.31385827
G00008,2022-01-09 09:00:00+00:00,lstm_regression,0.2346402
G00008,2022-01-09 10:00:00+00:00,lstm_regression,0.038845323
G00008,2022-01-09 11:00:00+00:00,lstm_regression,0.024273088
G00008,2022-01-09 12:00:00+00:00,lstm_regression,0.10871888
G00008,2022-01-09 13:00:00+00:00,lstm_regression,0.07934023
G00008,2022-01-09 14:00:00+00:00,lstm_regression,0.27708167
G00008,2022-01-09 15:00:00+00:00,lstm_regression,0.0
G00008,2022-01-09 16:00:00+00:00,lstm_regression,0.0
G00008,2022-01-09 17:00:00+00:00,lstm_regression,0.0
G00008,2022-01-09 18:00:00+00:00,lstm_regression,0.0
G00008,2022-01-09 19:00:00+00:00,lstm_regression,0.0
G00008,2022-01-09 22:00:00+00:00,lstm_regression,0.05681797
G00008,2022-01-10 00:00:00+00:00,lstm_regression,0.0
G00008,2022-01-10 01:00:00+00:00,lstm_regression,0.0
G00008,2022-01-10 03:00:00+00:00,lstm_regression,0.46616083
G00008,2022-01-10 04:00:00+00:00,lstm_regression,0.33904764
G00008,2022-01-10 05:00:00+00:00,lstm_regression,0.16011156
G00008,2022-01-10 06:00:00+00:00,lstm_regression,0.20926537
G00008,2022-01-10 07:00:00+00:00,lstm_regression,0.05118064
G00008,2022-01-10 09:00:00+00:00,lstm_regression,0.24256022
G00008,2022-01-10 10:00:00+00:00,lstm_regression,0.021195738
G00008,2022-01-10 11:00:00+00:00,lstm_regression,0.04751265
G00008,2022-01-10 12:00:00+00:00,lstm_regression,0.10569771
G00008,2022-01-10 13:00:00+00:00,lstm_regression,0.6139749
G00008,2022-01-10 14:00:00+00:00,lstm_regression,0.9697009
G00008,2022-01-10 15:00:00+00:00,lstm_regression,0.2403457
G00008,2022-01-10 16:00:00+00:00,lstm_regression,0.0
G00008,2022-01-10 17:00:00+00:00,lstm_regression,0.0
G00008,2022-01-10 18:00:00+00:00,lstm_regression,0.1802832
G00008,2022-01-10 19:00:00+00:00,lstm_regression,0.13414487
G00008,2022-01-10 21:00:00+00:00,lstm_regression,0.0
G00008,2022-01-10 22:00:00+00:00,lstm_regression,0.0
G00008,2022-01-10 23:00:00+00:00,lstm_regression,0.0
G00008,2022-01-11 00:00:00+00:00,lstm_regression,0.15611735
G00008,2022-01-11 01:00:00+00:00,lstm_regression,0.32264683
G00008,2022-01-11 02:00:00+00:00,lstm_regression,0.4109654
G00008,2022-01-11 03:00:00+00:00,lstm_regression,0.243394
G00008,2022-01-11 04:00:00+00:00,lstm_regression,0.22830455
G00008,2022-01-11 05:00:00+00:00,lstm_regression,0.02956528
G00008,2022-01-11 06:00:00+00:00,lstm_regression,0.076829605
G00008,2022-01-11 07:00:00+00:00,lstm_regression,0.20180203
G00008,2022-01-11 08:00:00+00:00,lstm_regression,0.015404692
G00008,2022-01-11 09:00:00+00:00,lstm_regression,0.0
G00008,2022-01-11 10:00:00+00:00,lstm_regression,0.22144105
G00008,2022-01-11 11:00:00+00:00,lstm_regression,0.1577055
G00008,2022-01-11 12:00:00+00:00,lstm_regression,0.3964764
G00008,2022-01-11 13:00:00+00:00,lstm_regression,0.64141893
G00008,2022-01-11 14:00:00+00:00,lstm_regression,0.73663753
G00008,2022-01-11 15:00:00+00:00,lstm_regression,0.603906
G00008,2022-01-11 16:00:00+00:00,lstm_regression,0.90709776
G00008,2022-01-11 17:00:00+00:00,lstm_regression,0.56966656
G00008,2022-01-11 18:00:00+00:00,lstm_regression,0.48518842
G00008,2022-01-11 19:00:00+00:00,lstm_regression,0.55390346
G00008,2022-01-11 20:00:00+00:00,lstm_regression,1.0584275
G00008,2022-01-11 21:00:00+00:00,lstm_regression,1.3940635
G00008,2022-01-11 22:00:00+00:00,lstm_regression,1.2862281
G00008,2022-01-11 23:00:00+00:00,lstm_regression,1.1480935
G00008,2022-01-12 00:00:00+00:00,lstm_regression,0.92469704
G00008,2022-01-12 01:00:00+00:00,lstm_regression,0.7073374
G00008,2022-01-12 02:00:00+00:00,lstm_regression,0.44440332
G00008,2022-01-12 03:00:00+00:00,lstm_regression,0.07402497
G00008,2022-01-12 04:00:00+00:00,lstm_regression,0.16695373
G00008,2022-01-12 05:00:00+00:00,lstm_regression,0.14346799
G00008,2022-01-12 06:00:00+00:00,lstm_regression,0.25174502
G00008,2022-01-12 07:00:00+00:00,lstm_regression,0.0
G00008,2022-01-12 08:00:00+00:00,lstm_regression,0.0
G00008,2022-01-12 09:00:00+00:00,lstm_regression,0.0
G00008,2022-01-12 10:00:00+00:00,lstm_regression,0.0
G00008,2022-01-12 11:00:00+00:00,lstm_regression,0.0
G00008,2022-01-12 14:00:00+00:00,lstm_regression,0.08793876
G00008,2022-01-12 16:00:00+00:00,lstm_regression,0.07685166
G00008,2022-01-12 17:00:00+00:00,lstm_regression,0.049577065
G00008,2022-01-12 21:00:00+00:00,lstm_regression,0.006411368
G00008,2022-01-12 23:00:00+00:00,lstm_regression,0.0
G00008,2022-01-13 02:00:00+00:00,lstm_regression,0.12906142
G00008,2022-01-13 03:00:00+00:00,lstm_regression,0.33665907
G00008,2022-01-13 04:00:00+00:00,lstm_regression,0.1325367
G00008,2022-01-13 05:00:00+00:00,lstm_regression,0.080618806
G00008,2022-01-13 08:00:00+00:00,lstm_regression,0.17147408
G00008,2022-01-13 10:00:00+00:00,lstm_regression,0.0019469615
G00008,2022-01-13 11:00:00+00:00,lstm_regression,0.02830082
G00008,2022-01-13 13:00:00+00:00,lstm_regression,0.09176641
G00008,2022-01-13 14:00:00+00:00,lstm_regression,0.41920114
G00008,2022-01-13 15:00:00+00:00,lstm_regression,0.31453693
G00008,2022-01-13 16:00:00+00:00,lstm_regression,0.26144505
G00008,2022-01-13 17:00:00+00:00,lstm_regression,0.60193443
G00008,2022-01-13 20:00:00+00:00,lstm_regression,0.8335407
G00008,2022-01-13 21:00:00+00:00,lstm_regression,0.94111186
G00008,2022-01-13 22:00:00+00:00,lstm_regression,0.4424441
G00008,2022-01-13 23:00:00+00:00,lstm_regression,0.0811247
G00008,2022-01-14 00:00:00+00:00,lstm_regression,0.047761165
G00008,2022-01-14 01:00:00+00:00,lstm_regression,0.1014478
G00008,2022-01-14 02:00:00+00:00,lstm_regression,0.21828549
G00008,2022-01-14 03:00:00+00:00,lstm_regression,0.30501056
G00008,2022-01-14 04:00:00+00:00,lstm_regression,0.2606746
G00008,2022-01-14 05:00:00+00:00,lstm_regression,0.13773857
G00008,2022-01-14 07:00:00+00:00,lstm_regression,0.0011407677
G00008,2022-01-14 08:00:00+00:00,lstm_regression,0.0
G00008,2022-01-14 09:00:00+00:00,lstm_regression,0.0
G00008,2022-01-14 10:00:00+00:00,lstm_regression,0.0
G00008,2022-01-14 11:00:00+00:00,lstm_regression,0.0
G00008,2022-01-14 12:00:00+00:00,lstm_regression,0.0
G00008,2022-01-14 15:00:00+00:00,lstm_regression,0.109719746
G00008,2022-01-14 17:00:00+00:00,lstm_regression,0.49234575
G00008,2022-01-14 18:00:00+00:00,lstm_regression,0.5870926
G00008,2022-01-14 20:00:00+00:00,lstm_regression,0.7032823
G00008,2022-01-14 21:00:00+00:00,lstm_regression,0.5509373
G00008,2022-01-14 22:00:00+00:00,lstm_regression,0.031102953
G00008,2022-01-14 23:00:00+00:00,lstm_regression,0.10174728
G00008,2022-01-15 00:00:00+00:00,lstm_regression,0.0
G00008,2022-01-15 02:00:00+00:00,lstm_regression,0.123648904
G00008,2022-01-15 03:00:00+00:00,lstm_regression,0.158657
G00008,2022-01-15 04:00:00+00:00,lstm_regression,0.08453841
G00008,2022-01-15 05:00:00+00:00,lstm_regression,0.06728513
G00008,2022-01-15 06:00:00+00:00,lstm_regression,0.0
G00008,2022-01-15 07:00:00+00:00,lstm_regression,0.023920259
G00008,2022-01-15 08:00:00+00:00,lstm_regression,0.0
G00008,2022-01-15 09:00:00+00:00,lstm_regression,0.0
G00008,2022-01-15 10:00:00+00:00,lstm_regression,0.0
G00008,2022-01-15 11:00:00+00:00,lstm_regression,0.0
G00008,2022-01-15 12:00:00+00:00,lstm_regression,0.04569026
G00008,2022-01-15 14:00:00+00:00,lstm_regression,0.021078458
G00008,2022-01-15 15:00:00+00:00,lstm_regression,0.086378895
G00008,2022-01-15 16:00:00+00:00,lstm_regression,0.2917149
G00008,2022-01-15 17:00:00+00:00,lstm_regression,0.32217658
G00008,2022-01-15 18:00:00+00:00,lstm_regression,0.56628007
G00008,2022-01-15 19:00:00+00:00,lstm_regression,0.55784243
G00008,2022-01-15 20:00:00+00:00,lstm_regression,0.59449035
G00008,2022-01-15 21:00:00+00:00,lstm_regression,0.550309
G00008,2022-01-15 22:00:00+00:00,lstm_regression,0.7218179
G00008,2022-01-15 23:00:00+00:00,lstm_regression,1.083525
G00008,2022-01-16 00:00:00+00:00,lstm_regression,1.0359353
G00008,2022-01-16 01:00:00+00:00,lstm_regression,0.57694936
G00008,2022-01-16 02:00:00+00:00,lstm_regression,0.26054883
G00008,2022-01-16 03:00:00+00:00,lstm_regression,0.3086874
G00008,2022-01-16 04:00:00+00:00,lstm_regression,0.40496683
G00008,2022-01-16 05:00:00+00:00,lstm_regression,0.5371927
G00008,2022-01-16 06:00:00+00:00,lstm_regression,0.40538597
G00008,2022-01-16 07:00:00+00:00,lstm_regression,0.1278992
G00008,2022-01-16 10:00:00+00:00,lstm_regression,0.0
G00008,2022-01-16 12:00:00+00:00,lstm_regression,0.18448907
G00008,2022-01-16 13:00:00+00:00,lstm_regression,0.33287227
G00008,2022-01-16 15:00:00+00:00,lstm_regression,0.54992074
G00008,2022-01-16 16:00:00+00:00,lstm_regression,0.5284551
G00008,2022-01-16 17:00:00+00:00,lstm_regression,0.56344837
G00008,2022-01-16 18:00:00+00:00,lstm_regression,0.15117888
G00008,2022-01-16 19:00:00+00:00,lstm_regression,0.3309995
G00008,2022-01-16 21:00:00+00:00,lstm_regression,0.3395307
G00008,2022-01-16 22:00:00+00:00,lstm_regression,0.57413334
G00008,2022-01-16 23:00:00+00:00,lstm_regression,0.7948701
G00008,2022-01-17 00:00:00+00:00,lstm_regression,0.911114
G00008,2022-01-17 01:00:00+00:00,lstm_regression,0.637676
G00008,2022-01-17 02:00:00+00:00,lstm_regression,0.5955643
G00008,2022-01-17 03:00:00+00:00,lstm_regression,0.5189964
G00008,2022-01-17 04:00:00+00:00,lstm_regression,0.78473234
G00008,2022-01-17 05:00:00+00:00,lstm_regression,0.49819678
G00008,2022-01-17 06:00:00+00:00,lstm_regression,0.3301847
G00008,2022-01-17 07:00:00+00:00,lstm_regression,0.53265995
G00008,2022-01-17 09:00:00+00:00,lstm_regression,0.07675339
G00008,2022-01-17 10:00:00+00:00,lstm_regression,0.0
G00008,2022-01-17 11:00:00+00:00,lstm_regression,0.0
G00008,2022-01-17 12:00:00+00:00,lstm_regression,0.0
G00008,2022-01-17 13:00:00+00:00,lstm_regression,0.0
G00008,2022-01-17 14:00:00+00:00,lstm_regression,0.0
G00008,2022-01-17 15:00:00+00:00,lstm_regression,0.0
G00008,2022-01-17 16:00:00+00:00,lstm_regression,0.01143798
G00008,2022-01-17 17:00:00+00:00,lstm_regression,0.09706863
G00008,2022-01-17 18:00:00+00:00,lstm_regression,0.3700467
G00008,2022-01-17 19:00:00+00:00,lstm_regression,0.5562534
G00008,2022-01-17 20:00:00+00:00,lstm_regression,0.7064213
G00008,2022-01-17 21:00:00+00:00,lstm_regression,0.8782138
G00008,2022-01-17 22:00:00+00:00,lstm_regression,0.59550846
G00008,2022-01-17 23:00:00+00:00,lstm_regression,0.8313732
G00008,2022-01-18 00:00:00+00:00,lstm_regression,0.9069412
G00008,2022-01-18 01:00:00+00:00,lstm_regression,0.8203862
G00008,2022-01-18 02:00:00+00:00,lstm_regression,0.83846587
G00008,2022-01-18 03:00:00+00:00,lstm_regression,0.5066222
G00008,2022-01-18 04:00:00+00:00,lstm_regression,0.35927403
G00008,2022-01-18 05:00:00+00:00,lstm_regression,0.26350197
G00008,2022-01-18 06:00:00+00:00,lstm_regression,0.29305243
G00008,2022-01-18 07:00:00+00:00,lstm_regression,0.37869883
G00008,2022-01-18 08:00:00+00:00,lstm_regression,0.26789087
G00008,2022-01-18 09:00:00+00:00,lstm_regression,0.41663116
G00008,2022-01-18 10:00:00+00:00,lstm_regression,0.28014773
G00008,2022-01-18 11:00:00+00:00,lstm_regression,0.37866575
G00008,2022-01-18 12:00:00+00:00,lstm_regression,0.45487976
G00008,2022-01-18 13:00:00+00:00,lstm_regression,0.42251694
G00008,2022-01-18 14:00:00+00:00,lstm_regression,0.47995615
G00008,2022-01-18 15:00:00+00:00,lstm_regression,0.42629737
G00008,2022-01-18 16:00:00+00:00,lstm_regression,0.43535358
G00008,2022-01-18 17:00:00+00:00,lstm_regression,0.48681533
G00008,2022-01-18 18:00:00+00:00,lstm_regression,0.2632835
G00008,2022-01-18 19:00:00+00:00,lstm_regression,0.0035948064
G00008,2022-01-18 20:00:00+00:00,lstm_regression,0.21505396
G00008,2022-01-18 21:00:00+00:00,lstm_regression,0.13095449
G00008,2022-01-18 22:00:00+00:00,lstm_regression,0.45712963
G00008,2022-01-18 23:00:00+00:00,lstm_regression,0.5577169
G00008,2022-01-19 00:00:00+00:00,lstm_regression,0.51177496
G00008,2022-01-19 01:00:00+00:00,lstm_regression,0.55188465
G00008,2022-01-19 02:00:00+00:00,lstm_regression,0.7018537
G00008,2022-01-19 03:00:00+00:00,lstm_regression,0.47472727
G00008,2022-01-19 04:00:00+00:00,lstm_regression,0.7036204
G00008,2022-01-19 05:00:00+00:00,lstm_regression,0.74938995
G00008,2022-01-19 06:00:00+00:00,lstm_regression,0.78584737
G00008,2022-01-19 07:00:00+00:00,lstm_regression,0.49133247
G00008,2022-01-19 08:00:00+00:00,lstm_regression,0.08371914
G00008,2022-01-19 09:00:00+00:00,lstm_regression,0.0
G00008,2022-01-19 10:00:00+00:00,lstm_regression,0.0
G00008,2022-01-19 11:00:00+00:00,lstm_regression,0.0
G00008,2022-01-19 12:00:00+00:00,lstm_regression,0.0
G00008,2022-01-19 13:00:00+00:00,lstm_regression,0.13585764
G00008,2022-01-19 14:00:00+00:00,lstm_regression,0.42006314
G00008,2022-01-19 15:00:00+00:00,lstm_regression,0.57036203
G00008,2022-01-19 16:00:00+00:00,lstm_regression,0.87261444
G00008,2022-01-19 17:00:00+00:00,lstm_regression,0.8398524
G00008,2022-01-19 18:00:00+00:00,lstm_regression,0.76004577
G00008,2022-01-19 19:00:00+00:00,lstm_regression,0.6785712
G00008,2022-01-19 20:00:00+00:00,lstm_regression,0.4954632
G00008,2022-01-19 21:00:00+00:00,lstm_regression,0.66868716
G00008,2022-01-19 22:00:00+00:00,lstm_regression,0.44786942
G00008,2022-01-19 23:00:00+00:00,lstm_regression,0.26799595
G00008,2022-01-20 00:00:00+00:00,lstm_regression,0.39161286
G00008,2022-01-20 01:00:00+00:00,lstm_regression,0.68268603
G00008,2022-01-20 02:00:00+00:00,lstm_regression,0.7139703
G00008,2022-01-20 03:00:00+00:00,lstm_regression,0.6606469
G00008,2022-01-20 04:00:00+00:00,lstm_regression,0.54903394
G00008,2022-01-20 05:00:00+00:00,lstm_regression,0.54138356
G00008,2022-01-20 06:00:00+00:00,lstm_regression,0.36800763
G00008,2022-01-20 07:00:00+00:00,lstm_regression,0.015180012
G00008,2022-01-20 08:00:00+00:00,lstm_regression,0.34303176
G00008,2022-01-20 09:00:00+00:00,lstm_regression,0.41754502
G00008,2022-01-20 10:00:00+00:00,lstm_regression,0.0
G00008,2022-01-20 11:00:00+00:00,lstm_regression,0.04650686
G00008,2022-01-20 12:00:00+00:00,lstm_regression,0.0
G00008,2022-01-20 13:00:00+00:00,lstm_regression,0.18490915
G00008,2022-01-20 14:00:00+00:00,lstm_regression,0.1007241
G00008,2022-01-20 15:00:00+00:00,lstm_regression,0.096160084
G00008,2022-01-20 16:00:00+00:00,lstm_regression,0.055904858
G00008,2022-01-20 17:00:00+00:00,lstm_regression,0.18655501
G00008,2022-01-20 18:00:00+00:00,lstm_regression,0.3213076
G00008,2022-01-20 19:00:00+00:00,lstm_regression,0.19661152
G00008,2022-01-20 20:00:00+00:00,lstm_regression,0.3135441
G00008,2022-01-20 21:00:00+00:00,lstm_regression,0.44705933
G00008,2022-01-20 22:00:00+00:00,lstm_regression,0.65944976
G00008,2022-01-20 23:00:00+00:00,lstm_regression,0.6257495
G00008,2022-01-21 00:00:00+00:00,lstm_regression,0.8851064
G00008,2022-01-21 01:00:00+00:00,lstm_regression,1.1045525
G00008,2022-01-21 02:00:00+00:00,lstm_regression,0.995799
G00008,2022-01-21 03:00:00+00:00,lstm_regression,1.0738819
G00008,2022-01-21 04:00:00+00:00,lstm_regression,0.92464405
G00008,2022-01-21 05:00:00+00:00,lstm_regression,0.6356676
G00008,2022-01-21 06:00:00+00:00,lstm_regression,0.39857176
G00008,2022-01-21 07:00:00+00:00,lstm_regression,0.21611969
G00008,2022-01-21 08:00:00+00:00,lstm_regression,0.16825598
G00008,2022-01-21 09:00:00+00:00,lstm_regression,0.0
G00008,2022-01-21 10:00:00+00:00,lstm_regression,0.0
G00008,2022-01-21 11:00:00+00:00,lstm_regression,0.0
G00008,2022-01-21 12:00:00+00:00,lstm_regression,0.0
G00008,2022-01-21 13:00:00+00:00,lstm_regression,0.06169524
G00008,2022-01-21 14:00:00+00:00,lstm_regression,0.33573562
G00008,2022-01-21 15:00:00+00:00,lstm_regression,0.44940677
G00008,2022-01-21 16:00:00+00:00,lstm_regression,0.79034334
G00008,2022-01-21 17:00:00+00:00,lstm_regression,0.90111476
G00008,2022-01-21 18:00:00+00:00,lstm_regression,0.7344614
G00008,2022-01-21 19:00:00+00:00,lstm_regression,0.31520176
G00009,2022-01-02 00:00:00+00:00,lstm_regression,0.0
G00009,2022-01-02 01:00:00+00:00,lstm_regression,0.0
G00009,2022-01-02 02:00:00+00:00,lstm_regression,0.019309087
G00009,2022-01-02 03:00:00+00:00,lstm_regression,0.0
G00009,2022-01-02 04:00:00+00:00,lstm_regression,0.10014068
G00009,2022-01-02 05:00:00+00:00,lstm_regression,0.1821497
G00009,2022-01-02 06:00:00+00:00,lstm_regression,0.1244395
G00009,2022-01-02 07:00:00+00:00,lstm_regression,0.09452404
G00009,2022-01-02 08:00:00+00:00,lstm_regression,0.0
G00009,2022-01-02 09:00:00+00:00,lstm_regression,0.12908363
G00009,2022-01-02 10:00:00+00:00,lstm_regression,0.0
G00009,2022-01-02 11:00:00+00:00,lstm_regression,0.0
G00009,2022-01-02 12:00:00+00:00,lstm_regression,0.030156856
G00009,2022-01-02 13:00:00+00:00,lstm_regression,0.13094483
G00009,2022-01-02 14:00:00+00:00,lstm_regression,0.36283788
G00009,2022-01-02 15:00:00+00:00,lstm_regression,0.56281674
G00009,2022-01-02 16:00:00+00:00,lstm_regression,0.5491342
G00009,2022-01-02 17:00:00+00:00,lstm_regression,0.9670053
G00009,2022-01-02 18:00:00+00:00,lstm_regression,1.0585513
G00009,2022-01-02 19:00:00+00:00,lstm_regression,1.0645659
G00009,2022-01-02 20:00:00+00:00,lstm_regression,1.1749964
G00009,2022-01-02 21:00:00+00:00,lstm_regression,1.2184492
G00009,2022-01-02 22:00:00+00:00,lstm_regression,0.34448454
G00009,2022-01-02 23:00:00+00:00,lstm_regression,0.023114769
G00009,2022-01-03 00:00:00+00:00,lstm_regression,0.1192401
G00009,2022-01-03 01:00:00+00:00,lstm_regression,0.19513918
G00009,2022-01-03 02:00:00+00:00,lstm_regression,0.07759034
G00009,2022-01-03 03:00:00+00:00,lstm_regression,0.0
G00009,2022-01-03 04:00:00+00:00,lstm_regression,0.0
G00009,2022-01-03 05:00:00+00:00,lstm_regression,0.0
G00009,2022-01-03 06:00:00+00:00,lstm_regression,0.0
G00009,2022-01-03 07:00:00+00:00,lstm_regression,0.0
G00009,2022-01-03 08:00:00+00:00,lstm_regression,0.018076887
G00009,2022-01-03 09:00:00+00:00,lstm_regression,0.0
G00009,2022-01-03 10:00:00+00:00,lstm_regression,0.25724426
G00009,2022-01-03 11:00:00+00:00,lstm_regression,0.38718912
G00009,2022-01-03 12:00:00+00:00,lstm_regression,0.39896393
G00009,2022-01-03 13:00:00+00:00,lstm_regression,0.5843111
G00009,2022-01-03 14:00:00+00:00,lstm_regression,0.52829325
G00009,2022-01-03 15:00:00+00:00,lstm_regression,0.9293085
G00009,2022-01-03 16:00:00+00:00,lstm_regression,0.83496535
G00009,2022-01-03 17:00:00+00:00,lstm_regression,0.8885948
G00009,2022-01-03 18:00:00+00:00,lstm_regression,0.7931235
G00009,2022-01-03 19:00:00+00:00,lstm_regression,1.0010346
G00009,2022-01-03 20:00:00+00:00,lstm_regression,0.34537572
G00009,2022-01-03 21:00:00+00:00,lstm_regression,0.0329191
G00009,2022-01-03 22:00:00+00:00,lstm_regression,0.0
G00009,2022-01-03 23:00:00+00:00,lstm_regression,0.13532835
G00009,2022-01-04 00:00:00+00:00,lstm_regression,0.09536033
G00009,2022-01-04 01:00:00+00:00,lstm_regression,0.002688637
G00009,2022-01-04 02:00:00+00:00,lstm_regression,0.20767942
G00009,2022-01-04 03:00:00+00:00,lstm_regression,0.1873517
G00009,2022-01-04 04:00:00+00:00,lstm_regression,0.08283723
G00009,2022-01-04 05:00:00+00:00,lstm_regression,0.041857228
G00009,2022-01-04 06:00:00+00:00,lstm_regression,0.10591989
G00009,2022-01-04 07:00:00+00:00,lstm_regression,0.11441036
G00009,2022-01-04 08:00:00+00:00,lstm_regression,0.11958026
G00009,2022-01-04 09:00:00+00:00,lstm_regression,0.14617799
G00009,2022-01-04 10:00:00+00:00,lstm_regression,0.08209523
G00009,2022-01-04 11:00:00+00:00,lstm_regression,0.16206332
G00009,2022-01-04 12:00:00+00:00,lstm_regression,0.2532586
G00009,2022-01-04 13:00:00+00:00,lstm_regression,0.31311572
G00009,2022-01-04 14:00:00+00:00,lstm_regression,0.54336774
G00009,2022-01-04 15:00:00+00:00,lstm_regression,0.6140046
G00009,2022-01-04 16:00:00+00:00,lstm_regression,0.8846982
G00009,2022-01-04 17:00:00+00:00,lstm_regression,0.33254585
G00009,2022-01-04 18:00:00+00:00,lstm_regression,0.0
G00009,2022-01-04 19:00:00+00:00,lstm_regression,0.0
G00009,2022-01-04 20:00:00+00:00,lstm_regression,0.08436451
G00009,2022-01-04 21:00:00+00:00,lstm_regression,0.12838383
G00009,2022-01-04 22:00:00+00:00,lstm_regression,0.27557883
G00009,2022-01-04 23:00:00+00:00,lstm_regression,0.25073582
G00009,2022-01-05 00:00:00+00:00,lstm_regression,0.028470447
G00009,2022-01-05 01:00:00+00:00,lstm_regression,0.0014437418
G00009,2022-01-05 02:00:00+00:00,lstm_regression,0.0
G00009,2022-01-05 03:00:00+00:00,lstm_regression,0.033394836
G00009,2022-01-05 04:00:00+00:00,lstm_regression,0.032372765
G00009,2022-01-05 05:00:00+00:00,lstm_regression,0.033734955
G00009,2022-01-05 06:00:00+00:00,lstm_regression,0.1197963
G00009,2022-01-05 07:00:00+00:00,lstm_regression,0.034682147
G00009,2022-01-05 08:00:00+00:00,lstm_regression,0.16826285
G00009,2022-01-05 09:00:00+00:00,lstm_regression,0.34696633
G00009,2022-01-05 10:00:00+00:00,lstm_regression,0.26345617
G00009,2022-01-05 11:00:00+00:00,lstm_regression,0.22008732
G00009,2022-01-05 12:00:00+00:00,lstm_regression,0.026348894
G00009,2022-01-05 13:00:00+00:00,lstm_regression,0.08251704
G00009,2022-01-05 14:00:00+00:00,lstm_regression,0.10827733
G00009,2022-01-05 15:00:00+00:00,lstm_regression,0.2771678
G00009,2022-01-05 16:00:00+00:00,lstm_regression,0.49428648
G00009,2022-01-05 17:00:00+00:00,lstm_regression,0.8233921
G00009,2022-01-05 18:00:00+00:00,lstm_regression,1.4346142
G00009,2022-01-05 19:00:00+00:00,lstm_regression,0.8955294
G00009,2022-01-05 20:00:00+00:00,lstm_regression,0.4922971
G00009,2022-01-05 21:00:00+00:00,lstm_regression,0.1879987
G00009,2022-01-05 22:00:00+00:00,lstm_regression,0.73846304
G00009,2022-01-05 23:00:00+00:00,lstm_regression,0.37132564
G00009,2022-01-06 00:00:00+00:00,lstm_regression,0.3407848
G00009,2022-01-06 01:00:00+00:00,lstm_regression,0.1165485
G00009,2022-01-06 02:00:00+00:00,lstm_regression,0.33138365
G00009,2022-01-06 03:00:00+00:00,lstm_regression,0.25515345
G00009,2022-01-06 04:00:00+00:00,lstm_regression,0.25905403
G00009,2022-01-06 05:00:00+00:00,lstm_regression,0.15440522
G00009,2022-01-06 06:00:00+00:00,lstm_regression,0.18412937
G00009,2022-01-06 07:00:00+00:00,lstm_regression,0.12452615
G00009,2022-01-06 08:00:00+00:00,lstm_regression,0.10485306
G00009,2022-01-06 09:00:00+00:00,lstm_regression,0.10204413
G00009,2022-01-06 10:00:00+00:00,lstm_regression,0.030438272
G00009,2022-01-06 11:00:00+00:00,lstm_regression,0.25483727
G00009,2022-01-06 12:00:00+00:00,lstm_regression,0.30888712
G00009,2022-01-06 13:00:00+00:00,lstm_regression,0.0
G00009,2022-01-06 14:00:00+00:00,lstm_regression,0.0
G00009,2022-01-06 15:00:00+00:00,lstm_regression,0.0
G00009,2022-01-06 16:00:00+00:00,lstm_regression,0.0
G00009,2022-01-06 17:00:00+00:00,lstm_regression,0.0
G00009,2022-01-06 18:00:00+00:00,lstm_regression,0.0
G00009,2022-01-06 19:00:00+00:00,lstm_regression,0.0
G00009,2022-01-06 20:00:00+00:00,lstm_regression,0.0
G00009,2022-01-06 21:00:00+00:00,lstm_regression,0.0
G00009,2022-01-06 22:00:00+00:00,lstm_regression,0.0
G00009,2022-01-06 23:00:00+00:00,lstm_regression,0.16056529
G00009,2022-01-07 00:00:00+00:00,lstm_regression,0.0
G00009,2022-01-07 01:00:00+00:00,lstm_regression,0.03505572
G00009,2022-01-07 02:00:00+00:00,lstm_regression,0.0
G00009,2022-01-07 03:00:00+00:00,lstm_regression,0.0
G00009,2022-01-07 04:00:00+00:00,lstm_regression,0.036507837
G00009,2022-01-07 05:00:00+00:00,lstm_regression,0.03790637
G00009,2022-01-07 06:00:00+00:00,lstm_regression,0.042241596
G00009,2022-01-07 07:00:00+00:00,lstm_regression,0.0
G00009,2022-01-07 08:00:00+00:00,lstm_regression,0.0
G00009,2022-01-07 09:00:00+00:00,lstm_regression,0.0
G00009,2022-01-07 10:00:00+00:00,lstm_regression,0.0
G00009,2022-01-07 11:00:00+00:00,lstm_regression,0.0
G00009,2022-01-07 12:00:00+00:00,lstm_regression,0.026823139
G00009,2022-01-07 13:00:00+00:00,lstm_regression,0.29315367
G00009,2022-01-07 14:00:00+00:00,lstm_regression,0.11726176
G00009,2022-01-07 15:00:00+00:00,lstm_regression,0.41122743
G00009,2022-01-07 16:00:00+00:00,lstm_regression,0.25325274
G00009,2022-01-07 17:00:00+00:00,lstm_regression,0.38629285
G00009,2022-01-07 18:00:00+00:00,lstm_regression,0.6397362
G00009,2022-01-07 19:00:00+00:00,lstm_regression,0.9801129
G00009,2022-01-07 20:00:00+00:00,lstm_regression,1.0297376
G00009,2022-01-07 21:00:00+00:00,lstm_regression,0.75644153
G00009,2022-01-07 22:00:00+00:00,lstm_regression,0.41836295
G00009,2022-01-07 23:00:00+00:00,lstm_regression,0.0
G00009,2022-01-08 00:00:00+00:00,lstm_regression,0.15121879
G00009,2022-01-08 01:00:00+00:00,lstm_regression,0.16440642
G00009,2022-01-08 02:00:00+00:00,lstm_regression,0.06583148
G00009,2022-01-08 03:00:00+00:00,lstm_regression,0.0
G00009,2022-01-08 04:00:00+00:00,lstm_regression,0.07552781
G00009,2022-01-08 05:00:00+00:00,lstm_regression,0.011858014
G00009,2022-01-08 06:00:00+00:00,lstm_regression,0.0
G00009,2022-01-08 07:00:00+00:00,lstm_regression,0.05621566
G00009,2022-01-08 08:00:00+00:00,lstm_regression,0.17031649
G00009,2022-01-08 09:00:00+00:00,lstm_regression,0.12278166
G00009,2022-01-08 10:00:00+00:00,lstm_regression,0.15711959
G00009,2022-01-08 11:00:00+00:00,lstm_regression,0.18437953
G00009,2022-01-08 12:00:00+00:00,lstm_regression,0.25287798
G00009,2022-01-08 13:00:00+00:00,lstm_regression,0.54334337
G00009,2022-01-08 14:00:00+00:00,lstm_regression,1.1177534
G00009,2022-01-08 15:00:00+00:00,lstm_regression,1.1912469
G00009,2022-01-08 16:00:00+00:00,lstm_regression,1.5309246
G00009,2022-01-08 17:00:00+00:00,lstm_regression,1.9746531
G00009,2022-01-08 18:00:00+00:00,lstm_regression,1.4733362
G00009,2022-01-08 19:00:00+00:00,lstm_regression,1.3503845
G00009,2022-01-08 20:00:00+00:00,lstm_regression,0.55923456
G00009,2022-01-08 21:00:00+00:00,lstm_regression,0.47586572
G00009,2022-01-08 22:00:00+00:00,lstm_regression,0.29510266
G00009,2022-01-08 23:00:00+00:00,lstm_regression,0.5659929
G00009,2022-01-09 00:00:00+00:00,lstm_regression,0.70748216
G00009,2022-01-09 01:00:00+00:00,lstm_regression,0.8731443
G00009,2022-01-09 02:00:00+00:00,lstm_regression,0.72473174
G00009,2022-01-09 03:00:00+00:00,lstm_regression,0.3887145
G00009,2022-01-09 04:00:00+00:00,lstm_regression,0.29321933
G00009,2022-01-09 05:00:00+00:00,lstm_regression,0.16561621
G00009,2022-01-09 06:00:00+00:00,lstm_regression,0.0
G00009,2022-01-09 07:00:00+00:00,lstm_regression,0.0
G00009,2022-01-09 08:00:00+00:00,lstm_regression,0.0
G00009,2022-01-09 09:00:00+00:00,lstm_regression,0.0
G00009,2022-01-09 10:00:00+00:00,lstm_regression,0.0
G00009,2022-01-09 11:00:00+00:00,lstm_regression,0.18772644
G00009,2022-01-09 12:00:00+00:00,lstm_regression,0.5730002
G00009,2022-01-09 13:00:00+00:00,lstm_regression,0.6378695
G00009,2022-01-09 14:00:00+00:00,lstm_regression,0.76053387
G00009,2022-01-09 15:00:00+00:00,lstm_regression,0.7773302
G00009,2022-01-09 16:00:00+00:00,lstm_regression,0.9139953
G00009,2022-01-09 17:00:00+00:00,lstm_regression,0.6314058
G00009,2022-01-09 18:00:00+00:00,lstm_regression,0.7942565
G00009,2022-01-09 19:00:00+00:00,lstm_regression,0.99627703
G00009,2022-01-09 20:00:00+00:00,lstm_regression,1.4836565
G00009,2022-01-09 21:00:00+00:00,lstm_regression,2.1637673
G00009,2022-01-09 22:00:00+00:00,lstm_regression,0.93471843
G00009,2022-01-09 23:00:00+00:00,lstm_regression,0.45476663
G00009,2022-01-10 00:00:00+00:00,lstm_regression,0.29323772
G00009,2022-01-10 01:00:00+00:00,lstm_regression,0.5386989
G00009,2022-01-10 02:00:00+00:00,lstm_regression,0.6081756
G00009,2022-01-10 03:00:00+00:00,lstm_regression,0.54025674
G00009,2022-01-10 04:00:00+00:00,lstm_regression,0.51987714
G00009,2022-01-10 05:00:00+00:00,lstm_regression,0.61247736
G00009,2022-01-10 06:00:00+00:00,lstm_regression,0.2619437
G00009,2022-01-10 07:00:00+00:00,lstm_regression,0.0
G00009,2022-01-10 08:00:00+00:00,lstm_regression,0.0
G00009,2022-01-10 09:00:00+00:00,lstm_regression,0.041154392
G00009,2022-01-10 10:00:00+00:00,lstm_regression,0.0798151
G00009,2022-01-10 11:00:00+00:00,lstm_regression,0.8073177
G00009,2022-01-10 14:00:00+00:00,lstm_regression,1.0021685
G00009,2022-01-10 16:00:00+00:00,lstm_regression,0.53421074
G00009,2022-01-10 17:00:00+00:00,lstm_regression,0.3933331
G00009,2022-01-10 19:00:00+00:00,lstm_regression,0.37193993
G00009,2022-01-10 20:00:00+00:00,lstm_regression,0.2248908
G00009,2022-01-10 21:00:00+00:00,lstm_regression,0.54680467
G00009,2022-01-10 22:00:00+00:00,lstm_regression,0.81803423
G00009,2022-01-10 23:00:00+00:00,lstm_regression,1.008245
G00009,2022-01-11 01:00:00+00:00,lstm_regression,0.76595277
G00009,2022-01-11 02:00:00+00:00,lstm_regression,0.40541786
G00009,2022-01-11 03:00:00+00:00,lstm_regression,0.0543356
G00009,2022-01-11 04:00:00+00:00,lstm_regression,0.13596399
G00009,2022-01-11 05:00:00+00:00,lstm_regression,0.0029223766
G00009,2022-01-11 06:00:00+00:00,lstm_regression,0.0
G00009,2022-01-11 07:00:00+00:00,lstm_regression,0.0
G00009,2022-01-11 08:00:00+00:00,lstm_regression,0.0
G00009,2022-01-11 09:00:00+00:00,lstm_regression,0.092615254
G00009,2022-01-11 10:00:00+00:00,lstm_regression,0.0972727
G00009,2022-01-11 11:00:00+00:00,lstm_regression,0.22683626
G00009,2022-01-11 13:00:00+00:00,lstm_regression,0.2149694
G00009,2022-01-11 14:00:00+00:00,lstm_regression,0.39998195
G00009,2022-01-11 15:00:00+00:00,lstm_regression,0.0
G00009,2022-01-11 16:00:00+00:00,lstm_regression,0.070349954
G00009,2022-01-11 17:00:00+00:00,lstm_regression,0.06484283
G00009,2022-01-11 18:00:00+00:00,lstm_regression,0.35095993
G00009,2022-01-11 19:00:00+00:00,lstm_regression,0.335655
G00009,2022-01-11 20:00:00+00:00,lstm_regression,0.11926717
G00009,2022-01-11 21:00:00+00:00,lstm_regression,0.08320198
G00009,2022-01-11 22:00:00+00:00,lstm_regression,0.19001178
G00009,2022-01-11 23:00:00+00:00,lstm_regression,0.24946038
G00009,2022-01-12 00:00:00+00:00,lstm_regression,0.18161884
G00009,2022-01-12 01:00:00+00:00,lstm_regression,0.0
G00009,2022-01-12 02:00:00+00:00,lstm_regression,0.01836715
G00009,2022-01-12 03:00:00+00:00,lstm_regression,0.0
G00009,2022-01-12 04:00:00+00:00,lstm_regression,0.13124198
G00009,2022-01-12 05:00:00+00:00,lstm_regression,0.19729544
G00009,2022-01-12 06:00:00+00:00,lstm_regression,0.08265144
G00009,2022-01-12 07:00:00+00:00,lstm_regression,0.0033208858
G00009,2022-01-12 08:00:00+00:00,lstm_regression,0.034509882
G00009,2022-01-12 09:00:00+00:00,lstm_regression,0.24398576
G00009,2022-01-12 10:00:00+00:00,lstm_regression,0.10118035
G00009,2022-01-12 11:00:00+00:00,lstm_regression,0.09830328
G00009,2022-01-12 12:00:00+00:00,lstm_regression,0.061479755
G00009,2022-01-12 13:00:00+00:00,lstm_regression,0.20846683
G00009,2022-01-12 14:00:00+00:00,lstm_regression,0.2092536
G00009,2022-01-12 15:00:00+00:00,lstm_regression,0.1631744
G00009,2022-01-12 16:00:00+00:00,lstm_regression,0.15218712
G00009,2022-01-12 17:00:00+00:00,lstm_regression,0.096431755
G00009,2022-01-12 18:00:00+00:00,lstm_regression,0.13447127
G00009,2022-01-12 19:00:00+00:00,lstm_regression,0.008437859
G00009,2022-01-12 20:00:00+00:00,lstm_regression,0.22751148
G00009,2022-01-12 21:00:00+00:00,lstm_regression,0.024677208
G00009,2022-01-12 22:00:00+00:00,lstm_regression,0.06722528
G00009,2022-01-12 23:00:00+00:00,lstm_regression,0.0
G00009,2022-01-13 00:00:00+00:00,lstm_regression,0.12067907
G00009,2022-01-13 01:00:00+00:00,lstm_regression,0.22014186
G00009,2022-01-13 02:00:00+00:00,lstm_regression,0.20462857
G00009,2022-01-13 03:00:00+00:00,lstm_regression,0.21167058
G00009,2022-01-13 04:00:00+00:00,lstm_regression,0.0
G00009,2022-01-13 05:00:00+00:00,lstm_regression,0.0499345
G00009,2022-01-13 06:00:00+00:00,lstm_regression,0.0
G00009,2022-01-13 07:00:00+00:00,lstm_regression,0.0
G00009,2022-01-13 08:00:00+00:00,lstm_regression,0.03408076
G00009,2022-01-13 09:00:00+00:00,lstm_regression,0.0
G00009,2022-01-13 10:00:00+00:00,lstm_regression,0.037779897
G00009,2022-01-13 11:00:00+00:00,lstm_regression,0.0
G00009,2022-01-13 12:00:00+00:00,lstm_regression,0.096668504
G00009,2022-01-13 13:00:00+00:00,lstm_regression,0.33916834
G00009,2022-01-13 14:00:00+00:00,lstm_regression,0.111223556
G00009,2022-01-13 15:00:00+00:00,lstm_regression,0.21015279
G00009,2022-01-13 16:00:00+00:00,lstm_regression,0.29724562
G00009,2022-01-13 17:00:00+00:00,lstm_regression,0.3131085
G00009,2022-01-13 18:00:00+00:00,lstm_regression,0.0
G00009,2022-01-13 19:00:00+00:00,lstm_regression,0.0
G00009,2022-01-13 20:00:00+00:00,lstm_regression,0.0018355604
G00009,2022-01-13 21:00:00+00:00,lstm_regression,0.3686622
G00009,2022-01-13 22:00:00+00:00,lstm_regression,0.47277904
G00009,2022-01-13 23:00:00+00:00,lstm_regression,0.20485543
G00009,2022-01-14 00:00:00+00:00,lstm_regression,0.31049037
G00009,2022-01-14 01:00:00+00:00,lstm_regression,0.19126125
G00009,2022-01-14 02:00:00+00:00,lstm_regression,0.13358484
G00009,2022-01-14 03:00:00+00:00,lstm_regression,0.120632015
G00009,2022-01-14 04:00:00+00:00,lstm_regression,0.21703492
G00009,2022-01-14 05:00:00+00:00,lstm_regression,0.36107382
G00009,2022-01-14 06:00:00+00:00,lstm_regression,0.18595335
G00009,2022-01-14 07:00:00+00:00,lstm_regression,0.14821129
G00009,2022-01-14 08:00:00+00:00,lstm_regression,0.26039803
G00009,2022-01-14 09:00:00+00:00,lstm_regression,0.18911852
G00009,2022-01-14 10:00:00+00:00,lstm_regression,0.37736273
G00009,2022-01-14 11:00:00+00:00,lstm_regression,0.3351819
G00009,2022-01-14 12:00:00+00:00,lstm_regression,0.50522697
G00009,2022-01-14 13:00:00+00:00,lstm_regression,0.49529546
G00009,2022-01-14 14:00:00+00:00,lstm_regression,0.4065025
G00009,2022-01-14 17:00:00+00:00,lstm_regression,0.20961696
G00009,2022-01-14 19:00:00+00:00,lstm_regression,0.48539126
G00009,2022-01-14 20:00:00+00:00,lstm_regression,0.4262526
G00009,2022-01-14 22:00:00+00:00,lstm_regression,0.50240594
G00009,2022-01-14 23:00:00+00:00,lstm_regression,0.374682
G00009,2022-01-15 00:00:00+00:00,lstm_regression,0.14283541
G00009,2022-01-15 01:00:00+00:00,lstm_regression,0.043193005
G00009,2022-01-15 02:00:00+00:00,lstm_regression,0.32059243
G00009,2022-01-15 04:00:00+00:00,lstm_regression,0.097148426
G00009,2022-01-15 05:00:00+00:00,lstm_regression,0.075119145
G00009,2022-01-15 06:00:00+00:00,lstm_regression,0.0
G00009,2022-01-15 07:00:00+00:00,lstm_regression,0.0
G00009,2022-01-15 08:00:00+00:00,lstm_regression,0.0
G00009,2022-01-15 09:00:00+00:00,lstm_regression,0.0
G00009,2022-01-15 10:00:00+00:00,lstm_regression,0.0
G00009,2022-01-15 11:00:00+00:00,lstm_regression,0.065614946
G00009,2022-01-15 12:00:00+00:00,lstm_regression,0.24162854
G00009,2022-01-15 13:00:00+00:00,lstm_regression,0.47896364
G00009,2022-01-15 14:00:00+00:00,lstm_regression,0.70746475
G00009,2022-01-15 16:00:00+00:00,lstm_regression,1.586952
G00009,2022-01-15 17:00:00+00:00,lstm_regression,2.1050475
G00009,2022-01-15 18:00:00+00:00,lstm_regression,2.0817642
G00009,2022-01-15 19:00:00+00:00,lstm_regression,1.9450557
G00009,2022-01-15 20:00:00+00:00,lstm_regression,0.59236413
G00009,2022-01-15 21:00:00+00:00,lstm_regression,0.36726162
G00009,2022-01-15 22:00:00+00:00,lstm_regression,0.06270595
G00009,2022-01-15 23:00:00+00:00,lstm_regression,0.3916273
G00009,2022-01-16 00:00:00+00:00,lstm_regression,0.53326297
G00009,2022-01-16 01:00:00+00:00,lstm_regression,0.552884
G00009,2022-01-16 02:00:00+00:00,lstm_regression,0.4567458
G00009,2022-01-16 03:00:00+00:00,lstm_regression,0.4832584
G00009,2022-01-16 04:00:00+00:00,lstm_regression,0.46811312
G00009,2022-01-16 05:00:00+00:00,lstm_regression,0.34538403
G00009,2022-01-16 06:00:00+00:00,lstm_regression,0.19121478
G00009,2022-01-16 07:00:00+00:00,lstm_regression,0.10430107
G00009,2022-01-16 08:00:00+00:00,lstm_regression,0.12288251
G00009,2022-01-16 09:00:00+00:00,lstm_regression,0.046681702
G00009,2022-01-16 10:00:00+00:00,lstm_regression,0.0
G00009,2022-01-16 13:00:00+00:00,lstm_regression,0.066308424
G00009,2022-01-16 15:00:00+00:00,lstm_regression,0.15076888
G00009,2022-01-16 16:00:00+00:00,lstm_regression,0.36665565
G00009,2022-01-16 18:00:00+00:00,lstm_regression,0.24734627
G00009,2022-01-16 19:00:00+00:00,lstm_regression,0.09954246
G00009,2022-01-16 20:00:00+00:00,lstm_regression,0.3662367
G00009,2022-01-16 21:00:00+00:00,lstm_regression,0.52780074
G00009,2022-01-16 22:00:00+00:00,lstm_regression,0.74937934
G00009,2022-01-17 00:00:00+00:00,lstm_regression,0.53498405
G00009,2022-01-17 01:00:00+00:00,lstm_regression,0.53120923
G00009,2022-01-17 02:00:00+00:00,lstm_regression,0.23895179
G00009,2022-01-17 03:00:00+00:00,lstm_regression,0.0
G00009,2022-01-17 04:00:00+00:00,lstm_regression,0.04301566
G00009,2022-01-17 05:00:00+00:00,lstm_regression,0.4204796
G00009,2022-01-17 06:00:00+00:00,lstm_regression,0.08229513
G00009,2022-01-17 07:00:00+00:00,lstm_regression,0.11041086
G00009,2022-01-17 08:00:00+00:00,lstm_regression,0.09285283
G00009,2022-01-17 09:00:00+00:00,lstm_regression,0.024818102
G00009,2022-01-17 10:00:00+00:00,lstm_regression,0.096739165
G00009,2022-01-17 12:00:00+00:00,lstm_regression,0.054671004
G00009,2022-01-17 13:00:00+00:00,lstm_regression,0.315717
G00009,2022-01-17 14:00:00+00:00,lstm_regression,0.7485294
G00009,2022-01-17 15:00:00+00:00,lstm_regression,0.62842387
G00009,2022-01-17 16:00:00+00:00,lstm_regression,0.30405664
G00009,2022-01-17 17:00:00+00:00,lstm_regression,0.28246605
G00009,2022-01-17 18:00:00+00:00,lstm_regression,0.31558913
G00009,2022-01-17 19:00:00+00:00,lstm_regression,0.50298864
G00009,2022-01-17 20:00:00+00:00,lstm_regression,0.27553785
G00009,2022-01-17 21:00:00+00:00,lstm_regression,0.0
G00009,2022-01-17 22:00:00+00:00,lstm_regression,0.2051367
G00009,2022-01-17 23:00:00+00:00,lstm_regression,0.45853996
G00009,2022-01-18 00:00:00+00:00,lstm_regression,0.7305144
G00009,2022-01-18 01:00:00+00:00,lstm_regression,1.0370902
G00009,2022-01-18 02:00:00+00:00,lstm_regression,0.9087221
G00009,2022-01-18 03:00:00+00:00,lstm_regression,0.7335753
G00009,2022-01-18 04:00:00+00:00,lstm_regression,0.75317794
G00009,2022-01-18 05:00:00+00:00,lstm_regression,0.5784945
G00009,2022-01-18 06:00:00+00:00,lstm_regression,0.6563397
G00009,2022-01-18 07:00:00+00:00,lstm_regression,0.68485993
G00009,2022-01-18 08:00:00+00:00,lstm_regression,0.35978806
G00009,2022-01-18 09:00:00+00:00,lstm_regression,0.3734913
G00009,2022-01-18 10:00:00+00:00,lstm_regression,0.27040392
G00009,2022-01-18 11:00:00+00:00,lstm_regression,0.5695787
G00009,2022-01-18 12:00:00+00:00,lstm_regression,0.6093344
G00009,2022-01-18 13:00:00+00:00,lstm_regression,0.5884033
G00009,2022-01-18 14:00:00+00:00,lstm_regression,0.6729006
G00009,2022-01-18 15:00:00+00:00,lstm_regression,0.8699678
G00009,2022-01-18 16:00:00+00:00,lstm_regression,0.5185489
G00009,2022-01-18 17:00:00+00:00,lstm_regression,0.6525503
G00009,2022-01-18 18:00:00+00:00,lstm_regression,0.6670069
G00009,2022-01-18 19:00:00+00:00,lstm_regression,1.115304
G00009,2022-01-18 20:00:00+00:00,lstm_regression,1.1715286
G00009,2022-01-18 21:00:00+00:00,lstm_regression,1.6102746
G00009,2022-01-18 22:00:00+00:00,lstm_regression,1.3782421
G00009,2022-01-18 23:00:00+00:00,lstm_regression,1.3678288
G00009,2022-01-19 00:00:00+00:00,lstm_regression,1.4423609
G00009,2022-01-19 01:00:00+00:00,lstm_regression,1.6397507
G00009,2022-01-19 02:00:00+00:00,lstm_regression,0.9464088
G00009,2022-01-19 03:00:00+00:00,lstm_regression,0.18140022
G00009,2022-01-19 04:00:00+00:00,lstm_regression,0.14413401
G00009,2022-01-19 05:00:00+00:00,lstm_regression,0.18076456
G00009,2022-01-19 06:00:00+00:00,lstm_regression,0.11833597
G00009,2022-01-19 07:00:00+00:00,lstm_regression,0.08723284
G00009,2022-01-19 08:00:00+00:00,lstm_regression,0.15150928
G00009,2022-01-19 09:00:00+00:00,lstm_regression,0.029989367
G00009,2022-01-19 10:00:00+00:00,lstm_regression,0.18297403
G00009,2022-01-19 11:00:00+00:00,lstm_regression,0.15181208
G00009,2022-01-19 12:00:00+00:00,lstm_regression,0.45575473
G00009,2022-01-19 13:00:00+00:00,lstm_regression,0.39085484
G00009,2022-01-19 14:00:00+00:00,lstm_regression,0.26825044
G00009,2022-01-19 15:00:00+00:00,lstm_regression,0.81590074
G00009,2022-01-19 16:00:00+00:00,lstm_regression,0.8779468
G00009,2022-01-19 17:00:00+00:00,lstm_regression,0.88653153
G00009,2022-01-19 18:00:00+00:00,lstm_regression,0.7803219
G00009,2022-01-19 19:00:00+00:00,lstm_regression,0.28833497
G00009,2022-01-19 20:00:00+00:00,lstm_regression,0.08398337
G00009,2022-01-19 21:00:00+00:00,lstm_regression,0.22098306
G00009,2022-01-19 22:00:00+00:00,lstm_regression,0.5336768
G00009,2022-01-19 23:00:00+00:00,lstm_regression,0.59841704
G00009,2022-01-20 00:00:00+00:00,lstm_regression,0.70244354
G00009,2022-01-20 01:00:00+00:00,lstm_regression,0.8006658
G00009,2022-01-20 02:00:00+00:00,lstm_regression,0.64890826
G00009,2022-01-20 03:00:00+00:00,lstm_regression,0.3695367
G00009,2022-01-20 04:00:00+00:00,lstm_regression,0.1866442
G00009,2022-01-20 05:00:00+00:00,lstm_regression,0.11199059
G00009,2022-01-20 06:00:00+00:00,lstm_regression,0.049645327
G00009,2022-01-20 07:00:00+00:00,lstm_regression,0.10680104
G00009,2022-01-20 08:00:00+00:00,lstm_regression,0.05621762
G00009,2022-01-20 09:00:00+00:00,lstm_regression,0.17002167
G00009,2022-01-20 10:00:00+00:00,lstm_regression,0.17069596
G00009,2022-01-20 11:00:00+00:00,lstm_regression,0.25193208
G00009,2022-01-20 12:00:00+00:00,lstm_regression,0.20122443
G00009,2022-01-20 13:00:00+00:00,lstm_regression,0.010716168
G00009,2022-01-20 14:00:00+00:00,lstm_regression,0.11321359
G00009,2022-01-20 15:00:00+00:00,lstm_regression,0.0
G00009,2022-01-20 16:00:00+00:00,lstm_regression,0.0
G00009,2022-01-20 17:00:00+00:00,lstm_regression,0.095253654
G00009,2022-01-20 18:00:00+00:00,lstm_regression,0.0954197
G00009,2022-01-20 19:00:00+00:00,lstm_regression,0.0
G00009,2022-01-20 20:00:00+00:00,lstm_regression,0.20040311
G00009,2022-01-20 21:00:00+00:00,lstm_regression,0.22194298
G00009,2022-01-20 22:00:00+00:00,lstm_regression,0.22833247
G00009,2022-01-20 23:00:00+00:00,lstm_regression,0.23094024
G00009,2022-01-21 00:00:00+00:00,lstm_regression,0.1398946
G00009,2022-01-21 01:00:00+00:00,lstm_regression,0.26054806
G00009,2022-01-21 02:00:00+00:00,lstm_regression,0.123473294
G00009,2022-01-21 03:00:00+00:00,lstm_regression,0.09247935
G00009,2022-01-21 04:00:00+00:00,lstm_regression,0.22187532
G00009,2022-01-21 05:00:00+00:00,lstm_regression,0.14432102
G00009,2022-01-21 06:00:00+00:00,lstm_regression,0.12689985
G00009,2022-01-21 07:00:00+00:00,lstm_regression,0.08553028
G00009,2022-01-21 08:00:00+00:00,lstm_regression,0.18252255
G00009,2022-01-21 09:00:00+00:00,lstm_regression,0.24196605
G00009,2022-01-21 10:00:00+00:00,lstm_regression,0.15717207
G00009,2022-01-21 11:00:00+00:00,lstm_regression,0.28270945
G00009,2022-01-21 12:00:00+00:00,lstm_regression,0.047469974
G00009,2022-01-21 13:00:00+00:00,lstm_regression,0.22480871
G00009,2022-01-21 14:00:00+00:00,lstm_regression,0.265076
G00009,2022-01-21 15:00:00+00:00,lstm_regression,0.28422332
G00009,2022-01-21 16:00:00+00:00,lstm_regression,0.30081615
G00009,2022-01-21 17:00:00+00:00,lstm_regression,0.510998
G00009,2022-01-21 18:00:00+00:00,lstm_regression,0.08215914
G00009,2022-01-21 19:00:00+00:00,lstm_regression,0.0
G00010,2022-01-02 00:00:00+00:00,lstm_regression,0.071103424
G00010,2022-01-02 01:00:00+00:00,lstm_regression,0.0
G00010,2022-01-02 02:00:00+00:00,lstm_regression,0.0
G00010,2022-01-02 03:00:00+00:00,lstm_regression,0.0
G00010,2022-01-02 04:00:00+00:00,lstm_regression,0.00038077496
G00010,2022-01-02 05:00:00+00:00,lstm_regression,0.27958623
G00010,2022-01-02 06:00:00+00:00,lstm_regression,0.21704137
G00010,2022-01-02 07:00:00+00:00,lstm_regression,0.38621575
G00010,2022-01-02 08:00:00+00:00,lstm_regression,0.26967603
G00010,2022-01-02 09:00:00+00:00,lstm_regression,0.29112738
G00010,2022-01-02 10:00:00+00:00,lstm_regression,0.1543231
G00010,2022-01-02 11:00:00+00:00,lstm_regression,0.014296984
G00010,2022-01-02 12:00:00+00:00,lstm_regression,0.07641387
G00010,2022-01-02 13:00:00+00:00,lstm_regression,0.0
G00010,2022-01-02 14:00:00+00:00,lstm_regression,0.024429416
G00010,2022-01-02 15:00:00+00:00,lstm_regression,0.02424921
G00010,2022-01-02 16:00:00+00:00,lstm_regression,0.0
G00010,2022-01-02 17:00:00+00:00,lstm_regression,0.0
G00010,2022-01-02 18:00:00+00:00,lstm_regression,0.0
G00010,2022-01-02 19:00:00+00:00,lstm_regression,0.07317334
G00010,2022-01-02 20:00:00+00:00,lstm_regression,0.3025431
G00010,2022-01-02 21:00:00+00:00,lstm_regression,0.25018626
G00010,2022-01-02 22:00:00+00:00,lstm_regression,0.099995166
G00010,2022-01-02 23:00:00+00:00,lstm_regression,0.10661081
G00010,2022-01-03 00:00:00+00:00,lstm_regression,0.26053512
G00010,2022-01-03 01:00:00+00:00,lstm_regression,0.110368825
G00010,2022-01-03 02:00:00+00:00,lstm_regression,0.08181156
G00010,2022-01-03 03:00:00+00:00,lstm_regression,0.06764283
G00010,2022-01-03 04:00:00+00:00,lstm_regression,0.34672338
G00010,2022-01-03 05:00:00+00:00,lstm_regression,0.0
G00010,2022-01-03 06:00:00+00:00,lstm_regression,0.042986736
G00010,2022-01-03 07:00:00+00:00,lstm_regression,0.23985903
G00010,2022-01-03 08:00:00+00:00,lstm_regression,0.11655768
G00010,2022-01-03 09:00:00+00:00,lstm_regression,0.24325965
G00010,2022-01-03 10:00:00+00:00,lstm_regression,0.09333562
G00010,2022-01-03 11:00:00+00:00,lstm_regression,0.14114465
G00010,2022-01-03 12:00:00+00:00,lstm_regression,0.2888638
G00010,2022-01-03 13:00:00+00:00,lstm_regression,0.36547428
G00010,2022-01-03 14:00:00+00:00,lstm_regression,0.45772523
G00010,2022-01-03 15:00:00+00:00,lstm_regression,0.4548853
G00010,2022-01-03 16:00:00+00:00,lstm_regression,0.28605014
G00010,2022-01-03 17:00:00+00:00,lstm_regression,0.18766168
G00010,2022-01-03 18:00:00+00:00,lstm_regression,0.011727238
G00010,2022-01-03 19:00:00+00:00,lstm_regression,0.055340476
G00010,2022-01-03 20:00:00+00:00,lstm_regression,0.14778726
G00010,2022-01-03 21:00:00+00:00,lstm_regression,0.08249431
G00010,2022-01-03 22:00:00+00:00,lstm_regression,0.0
G00010,2022-01-03 23:00:00+00:00,lstm_regression,0.05736757
G00010,2022-01-04 00:00:00+00:00,lstm_regression,0.31198487
G00010,2022-01-04 01:00:00+00:00,lstm_regression,0.039021663
G00010,2022-01-04 02:00:00+00:00,lstm_regression,0.14581835
G00010,2022-01-04 03:00:00+00:00,lstm_regression,0.043492533
G00010,2022-01-04 04:00:00+00:00,lstm_regression,0.26788118
G00010,2022-01-04 05:00:00+00:00,lstm_regression,0.27435923
G00010,2022-01-04 06:00:00+00:00,lstm_regression,0.24626188
G00010,2022-01-04 07:00:00+00:00,lstm_regression,0.120776616
G00010,2022-01-04 08:00:00+00:00,lstm_regression,0.48998547
G00010,2022-01-04 09:00:00+00:00,lstm_regression,0.5755661
G00010,2022-01-04 10:00:00+00:00,lstm_regression,0.3796386
G00010,2022-01-04 11:00:00+00:00,lstm_regression,0.34552762
G00010,2022-01-04 12:00:00+00:00,lstm_regression,0.24043386
G00010,2022-01-04 13:00:00+00:00,lstm_regression,0.29166335
G00010,2022-01-04 14:00:00+00:00,lstm_regression,0.56295115
G00010,2022-01-04 15:00:00+00:00,lstm_regression,0.6474134
G00010,2022-01-04 16:00:00+00:00,lstm_regression,0.08805982
G00010,2022-01-04 17:00:00+00:00,lstm_regression,0.11417141
G00010,2022-01-04 18:00:00+00:00,lstm_regression,0.0
G00010,2022-01-04 19:00:00+00:00,lstm_regression,0.3208462
G00010,2022-01-04 20:00:00+00:00,lstm_regression,0.42723405
G00010,2022-01-04 21:00:00+00:00,lstm_regression,0.6975836
G00010,2022-01-04 22:00:00+00:00,lstm_regression,0.3825847
G00010,2022-01-04 23:00:00+00:00,lstm_regression,0.35059077
G00010,2022-01-05 00:00:00+00:00,lstm_regression,0.021918615
G00010,2022-01-05 01:00:00+00:00,lstm_regression,0.022478124
G00010,2022-01-05 02:00:00+00:00,lstm_regression,0.13452883
G00010,2022-01-05 03:00:00+00:00,lstm_regression,0.0
G00010,2022-01-05 04:00:00+00:00,lstm_regression,0.0
G00010,2022-01-05 05:00:00+00:00,lstm_regression,0.05585482
G00010,2022-01-05 06:00:00+00:00,lstm_regression,0.0
G00010,2022-01-05 07:00:00+00:00,lstm_regression,0.0
G00010,2022-01-05 08:00:00+00:00,lstm_regression,0.0
G00010,2022-01-05 09:00:00+00:00,lstm_regression,0.0
G00010,2022-01-05 10:00:00+00:00,lstm_regression,0.0
G00010,2022-01-05 11:00:00+00:00,lstm_regression,0.0
G00010,2022-01-05 12:00:00+00:00,lstm_regression,0.0
G00010,2022-01-05 13:00:00+00:00,lstm_regression,0.044850133
G00010,2022-01-05 14:00:00+00:00,lstm_regression,0.0
G00010,2022-01-05 15:00:00+00:00,lstm_regression,0.0
G00010,2022-01-05 16:00:00+00:00,lstm_regression,0.0
G00010,2022-01-05 17:00:00+00:00,lstm_regression,0.0
G00010,2022-01-05 18:00:00+00:00,lstm_regression,0.04742556
G00010,2022-01-05 19:00:00+00:00,lstm_regression,0.0
G00010,2022-01-05 20:00:00+00:00,lstm_regression,0.22834392
G00010,2022-01-05 21:00:00+00:00,lstm_regression,0.17367361
G00010,2022-01-05 22:00:00+00:00,lstm_regression,0.0883719
G00010,2022-01-05 23:00:00+00:00,lstm_regression,0.2737942
G00010,2022-01-06 00:00:00+00:00,lstm_regression,0.32181466
G00010,2022-01-06 01:00:00+00:00,lstm_regression,0.28413403
G00010,2022-01-06 02:00:00+00:00,lstm_regression,0.155947
G00010,2022-01-06 03:00:00+00:00,lstm_regression,0.2319532
G00010,2022-01-06 04:00:00+00:00,lstm_regression,0.16939653
G00010,2022-01-06 05:00:00+00:00,lstm_regression,0.2810251
G00010,2022-01-06 06:00:00+00:00,lstm_regression,0.0
G00010,2022-01-06 07:00:00+00:00,lstm_regression,0.03744384
G00010,2022-01-06 08:00:00+00:00,lstm_regression,0.12154692
G00010,2022-01-06 09:00:00+00:00,lstm_regression,0.0
G00010,2022-01-06 10:00:00+00:00,lstm_regression,0.03807226
G00010,2022-01-06 11:00:00+00:00,lstm_regression,0.077505514
G00010,2022-01-06 12:00:00+00:00,lstm_regression,0.09353378
G00010,2022-01-06 13:00:00+00:00,lstm_regression,0.18843947
G00010,2022-01-06 14:00:00+00:00,lstm_regression,0.09381033
G00010,2022-01-06 15:00:00+00:00,lstm_regression,0.20473628
G00010,2022-01-06 16:00:00+00:00,lstm_regression,0.38753557
G00010,2022-01-06 19:00:00+00:00,lstm_regression,0.09578009
G00010,2022-01-06 21:00:00+00:00,lstm_regression,0.10090629
G00010,2022-01-06 22:00:00+00:00,lstm_regression,0.19692759
G00010,2022-01-07 00:00:00+00:00,lstm_regression,0.26983222
G00010,2022-01-07 01:00:00+00:00,lstm_regression,0.09901824
G00010,2022-01-07 02:00:00+00:00,lstm_regression,0.22712171
G00010,2022-01-07 03:00:00+00:00,lstm_regression,0.38960874
G00010,2022-01-07 04:00:00+00:00,lstm_regression,0.18472086
G00010,2022-01-07 06:00:00+00:00,lstm_regression,0.0
G00010,2022-01-07 07:00:00+00:00,lstm_regression,0.07660573
G00010,2022-01-07 08:00:00+00:00,lstm_regression,0.12079733
G00010,2022-01-07 09:00:00+00:00,lstm_regression,0.14038979
G00010,2022-01-07 10:00:00+00:00,lstm_regression,0.22348276
G00010,2022-01-07 11:00:00+00:00,lstm_regression,0.27296084
G00010,2022-01-07 12:00:00+00:00,lstm_regression,0.65578824
G00010,2022-01-07 13:00:00+00:00,lstm_regression,0.7620447
G00010,2022-01-07 14:00:00+00:00,lstm_regression,0.34499526
G00010,2022-01-07 15:00:00+00:00,lstm_regression,0.08611364
G00010,2022-01-07 16:00:00+00:00,lstm_regression,0.0661618
G00010,2022-01-07 18:00:00+00:00,lstm_regression,0.24939544
G00010,2022-01-07 19:00:00+00:00,lstm_regression,0.26735783
G00010,2022-01-07 20:00:00+00:00,lstm_regression,0.26372635
G00010,2022-01-07 21:00:00+00:00,lstm_regression,0.6638672
G00010,2022-01-07 22:00:00+00:00,lstm_regression,0.5221913
G00010,2022-01-07 23:00:00+00:00,lstm_regression,0.009756258
G00010,2022-01-08 00:00:00+00:00,lstm_regression,0.0
G00010,2022-01-08 01:00:00+00:00,lstm_regression,0.0
G00010,2022-01-08 02:00:00+00:00,lstm_regression,0.07060302
G00010,2022-01-08 03:00:00+00:00,lstm_regression,0.15174153
G00010,2022-01-08 04:00:00+00:00,lstm_regression,0.13751195
G00010,2022-01-08 05:00:00+00:00,lstm_regression,0.018101497
G00010,2022-01-08 06:00:00+00:00,lstm_regression,0.0
G00010,2022-01-08 07:00:00+00:00,lstm_regression,0.0
G00010,2022-01-08 08:00:00+00:00,lstm_regression,0.0
G00010,2022-01-08 09:00:00+00:00,lstm_regression,0.0
G00010,2022-01-08 10:00:00+00:00,lstm_regression,0.0
G00010,2022-01-08 11:00:00+00:00,lstm_regression,0.024845904
G00010,2022-01-08 12:00:00+00:00,lstm_regression,0.0
G00010,2022-01-08 13:00:00+00:00,lstm_regression,0.0
G00010,2022-01-08 14:00:00+00:00,lstm_regression,0.0
G00010,2022-01-08 15:00:00+00:00,lstm_regression,0.0
G00010,2022-01-08 16:00:00+00:00,lstm_regression,0.0
G00010,2022-01-08 17:00:00+00:00,lstm_regression,0.0
G00010,2022-01-08 18:00:00+00:00,lstm_regression,0.0
G00010,2022-01-08 19:00:00+00:00,lstm_regression,0.0
G00010,2022-01-08 20:00:00+00:00,lstm_regression,0.13768229
G00010,2022-01-08 21:00:00+00:00,lstm_regression,0.31740326
G00010,2022-01-08 22:00:00+00:00,lstm_regression,0.35142985
G00010,2022-01-08 23:00:00+00:00,lstm_regression,0.35094535
G00010,2022-01-09 00:00:00+00:00,lstm_regression,0.56227905
G00010,2022-01-09 01:00:00+00:00,lstm_regression,0.7186065
G00010,2022-01-09 02:00:00+00:00,lstm_regression,0.9940149
G00010,2022-01-09 03:00:00+00:00,lstm_regression,0.72944385
G00010,2022-01-09 04:00:00+00:00,lstm_regression,0.5719242
G00010,2022-01-09 05:00:00+00:00,lstm_regression,0.15318608
G00010,2022-01-09 06:00:00+00:00,lstm_regression,0.05331859
G00010,2022-01-09 07:00:00+00:00,lstm_regression,0.2238507
G00010,2022-01-09 08:00:00+00:00,lstm_regression,0.13155185
G00010,2022-01-09 09:00:00+00:00,lstm_regression,0.0
G00010,2022-01-09 10:00:00+00:00,lstm_regression,0.0
G00010,2022-01-09 11:00:00+00:00,lstm_regression,0.0
G00010,2022-01-09 12:00:00+00:00,lstm_regression,0.15460707
G00010,2022-01-09 13:00:00+00:00,lstm_regression,0.13842772
G00010,2022-01-09 14:00:00+00:00,lstm_regression,0.15251607
G00010,2022-01-09 15:00:00+00:00,lstm_regression,0.24176915
G00010,2022-01-09 16:00:00+00:00,lstm_regression,0.43207425
G00010,2022-01-09 17:00:00+00:00,lstm_regression,0.22951691
G00010,2022-01-09 18:00:00+00:00,lstm_regression,0.19239518
G00010,2022-01-09 19:00:00+00:00,lstm_regression,0.33939412
G00010,2022-01-09 20:00:00+00:00,lstm_regression,0.41766322
G00010,2022-01-09 21:00:00+00:00,lstm_regression,0.6462633
G00010,2022-01-09 22:00:00+00:00,lstm_regression,0.9518872
G00010,2022-01-09 23:00:00+00:00,lstm_regression,0.61272883
G00010,2022-01-10 00:00:00+00:00,lstm_regression,0.56274706
G00010,2022-01-10 01:00:00+00:00,lstm_regression,0.5524764
G00010,2022-01-10 02:00:00+00:00,lstm_regression,0.6741193
G00010,2022-01-10 03:00:00+00:00,lstm_regression,0.5876022
G00010,2022-01-10 04:00:00+00:00,lstm_regression,0.3113963
G00010,2022-01-10 07:00:00+00:00,lstm_regression,0.5248659
G00010,2022-01-10 09:00:00+00:00,lstm_regression,0.5441764
G00010,2022-01-10 10:00:00+00:00,lstm_regression,0.50692755
G00010,2022-01-10 12:00:00+00:00,lstm_regression,0.64447385
G00010,2022-01-10 13:00:00+00:00,lstm_regression,0.7613573
G00010,2022-01-10 14:00:00+00:00,lstm_regression,0.6200766
G00010,2022-01-10 15:00:00+00:00,lstm_regression,0.3549042
G00010,2022-01-10 16:00:00+00:00,lstm_regression,0.07754446
G00010,2022-01-10 18:00:00+00:00,lstm_regression,0.14753398
G00010,2022-01-10 19:00:00+00:00,lstm_regression,0.21307856
G00010,2022-01-10 20:00:00+00:00,lstm_regression,0.011735478
G00010,2022-01-10 21:00:00+00:00,lstm_regression,0.00071146153
G00010,2022-01-10 22:00:00+00:00,lstm_regression,0.44435388
G00010,2022-01-10 23:00:00+00:00,lstm_regression,0.55616856
G00010,2022-01-11 00:00:00+00:00,lstm_regression,0.8043838
G00010,2022-01-11 01:00:00+00:00,lstm_regression,0.9638272
G00010,2022-01-11 02:00:00+00:00,lstm_regression,0.6826059
G00010,2022-01-11 03:00:00+00:00,lstm_regression,0.37235564
G00010,2022-01-11 04:00:00+00:00,lstm_regression,0.036984205
G00010,2022-01-11 06:00:00+00:00,lstm_regression,0.08950021
G00010,2022-01-11 07:00:00+00:00,lstm_regression,0.056955375
G00010,2022-01-11 08:00:00+00:00,lstm_regression,0.33827776
G00010,2022-01-11 09:00:00+00:00,lstm_regression,0.2803081
G00010,2022-01-11 10:00:00+00:00,lstm_regression,0.63743407
G00010,2022-01-11 11:00:00+00:00,lstm_regression,1.2353942
G00010,2022-01-11 12:00:00+00:00,lstm_regression,0.62780035
G00010,2022-01-11 13:00:00+00:00,lstm_regression,0.18328558
G00010,2022-01-11 14:00:00+00:00,lstm_regression,0.031272
G00010,2022-01-11 15:00:00+00:00,lstm_regression,0.3899688
G00010,2022-01-11 18:00:00+00:00,lstm_regression,0.51331425
G00010,2022-01-11 20:00:00+00:00,lstm_regression,0.49895114
G00010,2022-01-11 21:00:00+00:00,lstm_regression,0.089097805
G00010,2022-01-11 23:00:00+00:00,lstm_regression,0.39675307
G00010,2022-01-12 00:00:00+00:00,lstm_regression,0.5043647
G00010,2022-01-12 01:00:00+00:00,lstm_regression,0.14794733
G00010,2022-01-12 02:00:00+00:00,lstm_regression,0.0
G00010,2022-01-12 03:00:00+00:00,lstm_regression,0.0
G00010,2022-01-12 05:00:00+00:00,lstm_regression,0.0
G00010,2022-01-12 06:00:00+00:00,lstm_regression,0.0
G00010,2022-01-12 07:00:00+00:00,lstm_regression,0.0
G00010,2022-01-12 08:00:00+00:00,lstm_regression,0.040806226
G00010,2022-01-12 09:00:00+00:00,lstm_regression,0.022464504
G00010,2022-01-12 10:00:00+00:00,lstm_regression,0.45895416
G00010,2022-01-12 11:00:00+00:00,lstm_regression,0.613212
G00010,2022-01-12 12:00:00+00:00,lstm_regression,1.1349112
G00010,2022-01-12 13:00:00+00:00,lstm_regression,1.3245394
G00010,2022-01-12 14:00:00+00:00,lstm_regression,1.6454756
G00010,2022-01-12 15:00:00+00:00,lstm_regression,0.60568905
G00010,2022-01-12 19:00:00+00:00,lstm_regression,0.35086107
G00010,2022-01-12 21:00:00+00:00,lstm_regression,0.038464554
G00010,2022-01-12 22:00:00+00:00,lstm_regression,0.39337248
G00010,2022-01-13 00:00:00+00:00,lstm_regression,0.6068671
G00010,2022-01-13 01:00:00+00:00,lstm_regression,0.8156231
G00010,2022-01-13 02:00:00+00:00,lstm_regression,0.44458222
G00010,2022-01-13 03:00:00+00:00,lstm_regression,0.1332521
G00010,2022-01-13 04:00:00+00:00,lstm_regression,0.06381373
G00010,2022-01-13 06:00:00+00:00,lstm_regression,0.15793152
G00010,2022-01-13 07:00:00+00:00,lstm_regression,0.22072674
G00010,2022-01-13 08:00:00+00:00,lstm_regression,0.26970154
G00010,2022-01-13 09:00:00+00:00,lstm_regression,0.687648
G00010,2022-01-13 10:00:00+00:00,lstm_regression,0.6743826
G00010,2022-01-13 11:00:00+00:00,lstm_regression,0.46707007
G00010,2022-01-13 12:00:00+00:00,lstm_regression,0.18628524
G00010,2022-01-13 13:00:00+00:00,lstm_regression,0.101444475
G00010,2022-01-13 14:00:00+00:00,lstm_regression,0.41798276
G00010,2022-01-13 15:00:00+00:00,lstm_regression,0.5216227
G00010,2022-01-13 16:00:00+00:00,lstm_regression,0.36060372
G00010,2022-01-13 18:00:00+00:00,lstm_regression,0.46562034
G00010,2022-01-13 19:00:00+00:00,lstm_regression,0.42088988
G00010,2022-01-13 20:00:00+00:00,lstm_regression,0.5277483
G00010,2022-01-13 21:00:00+00:00,lstm_regression,0.63770354
G00010,2022-01-13 22:00:00+00:00,lstm_regression,0.653794
G00010,2022-01-13 23:00:00+00:00,lstm_regression,0.56895584
G00010,2022-01-14 00:00:00+00:00,lstm_regression,0.63041145
G00010,2022-01-14 01:00:00+00:00,lstm_regression,0.45784324
G00010,2022-01-14 02:00:00+00:00,lstm_regression,0.77032286
G00010,2022-01-14 03:00:00+00:00,lstm_regression,0.6962474
G00010,2022-01-14 04:00:00+00:00,lstm_regression,0.7416411
G00010,2022-01-14 05:00:00+00:00,lstm_regression,0.6735057
G00010,2022-01-14 06:00:00+00:00,lstm_regression,0.4051917
G00010,2022-01-14 07:00:00+00:00,lstm_regression,0.51211935
G00010,2022-01-14 08:00:00+00:00,lstm_regression,0.28500354
G00010,2022-01-14 09:00:00+00:00,lstm_regression,0.2822674
G00010,2022-01-14 10:00:00+00:00,lstm_regression,0.27823353
G00010,2022-01-14 11:00:00+00:00,lstm_regression,0.080824964
G00010,2022-01-14 12:00:00+00:00,lstm_regression,0.4267094
G00010,2022-01-14 13:00:00+00:00,lstm_regression,0.31203282
G00010,2022-01-14 14:00:00+00:00,lstm_regression,0.7655752
G00010,2022-01-14 15:00:00+00:00,lstm_regression,0.807913
G00010,2022-01-14 16:00:00+00:00,lstm_regression,0.9030164
G00010,2022-01-14 17:00:00+00:00,lstm_regression,1.3578156
G00010,2022-01-14 18:00:00+00:00,lstm_regression,1.3383605
G00010,2022-01-14 19:00:00+00:00,lstm_regression,1.2613449
G00010,2022-01-14 20:00:00+00:00,lstm_regression,0.8731079
G00010,2022-01-14 21:00:00+00:00,lstm_regression,0.595519
G00010,2022-01-14 22:00:00+00:00,lstm_regression,0.029162677
G00010,2022-01-14 23:00:00+00:00,lstm_regression,0.0
G00010,2022-01-15 00:00:00+00:00,lstm_regression,0.0
G00010,2022-01-15 01:00:00+00:00,lstm_regression,0.15894862
G00010,2022-01-15 02:00:00+00:00,lstm_regression,0.017051825
G00010,2022-01-15 03:00:00+00:00,lstm_regression,0.040549524
G00010,2022-01-15 04:00:00+00:00,lstm_regression,0.05590172
G00010,2022-01-15 05:00:00+00:00,lstm_regression,0.33209175
G00010,2022-01-15 06:00:00+00:00,lstm_regression,0.36390167
G00010,2022-01-15 07:00:00+00:00,lstm_regression,0.47152424
G00010,2022-01-15 08:00:00+00:00,lstm_regression,0.28241083
G00010,2022-01-15 09:00:00+00:00,lstm_regression,0.5330544
G00010,2022-01-15 10:00:00+00:00,lstm_regression,0.4639076
G00010,2022-01-15 11:00:00+00:00,lstm_regression,0.5264088
G00010,2022-01-15 12:00:00+00:00,lstm_regression,0.5456231
G00010,2022-01-15 13:00:00+00:00,lstm_regression,0.5257803
G00010,2022-01-15 14:00:00+00:00,lstm_regression,0.32056198
G00010,2022-01-15 15:00:00+00:00,lstm_regression,0.05709113
G00010,2022-01-15 16:00:00+00:00,lstm_regression,0.0
G00010,2022-01-15 17:00:00+00:00,lstm_regression,0.0
G00010,2022-01-15 18:00:00+00:00,lstm_regression,0.0
G00010,2022-01-15 19:00:00+00:00,lstm_regression,0.0
G00010,2022-01-15 20:00:00+00:00,lstm_regression,0.036607347
G00010,2022-01-15 21:00:00+00:00,lstm_regression,0.24531643
G00010,2022-01-15 22:00:00+00:00,lstm_regression,0.37349105
G00010,2022-01-15 23:00:00+00:00,lstm_regression,0.32976198
G00010,2022-01-16 00:00:00+00:00,lstm_regression,0.39652696
G00010,2022-01-16 01:00:00+00:00,lstm_regression,0.4810645
G00010,2022-01-16 02:00:00+00:00,lstm_regression,0.38384876
G00010,2022-01-16 03:00:00+00:00,lstm_regression,0.5365555
G00010,2022-01-16 04:00:00+00:00,lstm_regression,0.1976061
G00010,2022-01-16 05:00:00+00:00,lstm_regression,0.32693288
G00010,2022-01-16 06:00:00+00:00,lstm_regression,0.21977158
G00010,2022-01-16 07:00:00+00:00,lstm_regression,0.27217162
G00010,2022-01-16 08:00:00+00:00,lstm_regression,0.21141471
G00010,2022-01-16 09:00:00+00:00,lstm_regression,0.2612704
G00010,2022-01-16 10:00:00+00:00,lstm_regression,0.53644323
G00010,2022-01-16 11:00:00+00:00,lstm_regression,0.27721548
G00010,2022-01-16 12:00:00+00:00,lstm_regression,0.4197062
G00010,2022-01-16 13:00:00+00:00,lstm_regression,0.7393946
G00010,2022-01-16 14:00:00+00:00,lstm_regression,0.83934814
G00010,2022-01-16 15:00:00+00:00,lstm_regression,0.7889557
G00010,2022-01-16 16:00:00+00:00,lstm_regression,0.7470188
G00010,2022-01-16 17:00:00+00:00,lstm_regression,0.4651032
G00010,2022-01-16 18:00:00+00:00,lstm_regression,0.77300805
G00010,2022-01-16 19:00:00+00:00,lstm_regression,0.7937341
G00010,2022-01-16 20:00:00+00:00,lstm_regression,0.6851816
G00010,2022-01-16 21:00:00+00:00,lstm_regression,0.505076
G00010,2022-01-16 22:00:00+00:00,lstm_regression,0.25545385
G00010,2022-01-16 23:00:00+00:00,lstm_regression,0.48506445
G00010,2022-01-17 00:00:00+00:00,lstm_regression,0.7041207
G00010,2022-01-17 01:00:00+00:00,lstm_regression,0.5164942
G00010,2022-01-17 02:00:00+00:00,lstm_regression,0.51365215
G00010,2022-01-17 03:00:00+00:00,lstm_regression,0.1928382
G00010,2022-01-17 04:00:00+00:00,lstm_regression,0.28088748
G00010,2022-01-17 05:00:00+00:00,lstm_regression,0.10775226
G00010,2022-01-17 06:00:00+00:00,lstm_regression,0.37760592
G00010,2022-01-17 07:00:00+00:00,lstm_regression,0.45611453
G00010,2022-01-17 08:00:00+00:00,lstm_regression,0.188771
G00010,2022-01-17 09:00:00+00:00,lstm_regression,0.23806567
G00010,2022-01-17 10:00:00+00:00,lstm_regression,0.4244297
G00010,2022-01-17 11:00:00+00:00,lstm_regression,0.36596265
G00010,2022-01-17 12:00:00+00:00,lstm_regression,0.30684376
G00010,2022-01-17 13:00:00+00:00,lstm_regression,0.062907204
G00010,2022-01-17 14:00:00+00:00,lstm_regression,0.0
G00010,2022-01-17 15:00:00+00:00,lstm_regression,0.34915227
G00010,2022-01-17 16:00:00+00:00,lstm_regression,0.2762074
G00010,2022-01-17 17:00:00+00:00,lstm_regression,0.19278961
G00010,2022-01-17 18:00:00+00:00,lstm_regression,0.010860937
G00010,2022-01-17 19:00:00+00:00,lstm_regression,0.1922508
G00010,2022-01-17 20:00:00+00:00,lstm_regression,0.12604828
G00010,2022-01-17 21:00:00+00:00,lstm_regression,0.30218104
G00010,2022-01-17 22:00:00+00:00,lstm_regression,0.24664332
G00010,2022-01-17 23:00:00+00:00,lstm_regression,0.28392422
G00010,2022-01-18 00:00:00+00:00,lstm_regression,0.6189698
G00010,2022-01-18 01:00:00+00:00,lstm_regression,0.49753886
G00010,2022-01-18 02:00:00+00:00,lstm_regression,0.46989113
G00010,2022-01-18 03:00:00+00:00,lstm_regression,0.38781542
G00010,2022-01-18 04:00:00+00:00,lstm_regression,0.27169126
G00010,2022-01-18 05:00:00+00:00,lstm_regression,0.0
G00010,2022-01-18 06:00:00+00:00,lstm_regression,0.19398567
G00010,2022-01-18 07:00:00+00:00,lstm_regression,0.066709824
G00010,2022-01-18 08:00:00+00:00,lstm_regression,0.0
G00010,2022-01-18 09:00:00+00:00,lstm_regression,0.13944624
G00010,2022-01-18 10:00:00+00:00,lstm_regression,0.06006696
G00010,2022-01-18 11:00:00+00:00,lstm_regression,0.0
G00010,2022-01-18 12:00:00+00:00,lstm_regression,0.07351471
G00010,2022-01-18 13:00:00+00:00,lstm_regression,0.18754417
G00010,2022-01-18 14:00:00+00:00,lstm_regression,0.20872988
G00010,2022-01-18 15:00:00+00:00,lstm_regression,0.11429968
G00010,2022-01-18 16:00:00+00:00,lstm_regression,0.10902839
G00010,2022-01-18 17:00:00+00:00,lstm_regression,0.0025385972
G00010,2022-01-18 18:00:00+00:00,lstm_regression,0.0
G00010,2022-01-18 19:00:00+00:00,lstm_regression,0.28524035
G00010,2022-01-18 20:00:00+00:00,lstm_regression,0.43089378
G00010,2022-01-18 21:00:00+00:00,lstm_regression,0.29626238
G00010,2022-01-18 22:00:00+00:00,lstm_regression,0.3891077
G00010,2022-01-18 23:00:00+00:00,lstm_regression,0.04418052
G00010,2022-01-19 00:00:00+00:00,lstm_regression,0.14088209
G00010,2022-01-19 01:00:00+00:00,lstm_regression,0.16907738
G00010,2022-01-19 02:00:00+00:00,lstm_regression,0.15407722
G00010,2022-01-19 03:00:00+00:00,lstm_regression,0.14653823
G00010,2022-01-19 04:00:00+00:00,lstm_regression,0.17725845
G00010,2022-01-19 05:00:00+00:00,lstm_regression,0.13730052
G00010,2022-01-19 06:00:00+00:00,lstm_regression,0.0
G00010,2022-01-19 07:00:00+00:00,lstm_regression,0.18637075
G00010,2022-01-19 08:00:00+00:00,lstm_regression,0.22033344
G00010,2022-01-19 09:00:00+00:00,lstm_regression,0.13249753
G00010,2022-01-19 10:00:00+00:00,lstm_regression,0.14608608
G00010,2022-01-19 11:00:00+00:00,lstm_regression,0.54760236
G00010,2022-01-19 12:00:00+00:00,lstm_regression,0.39261407
G00010,2022-01-19 15:00:00+00:00,lstm_regression,0.21317719
G00010,2022-01-19 17:00:00+00:00,lstm_regression,0.21199776
G00010,2022-01-19 18:00:00+00:00,lstm_regression,0.1839504
G00010,2022-01-19 20:00:00+00:00,lstm_regression,0.3874501
G00010,2022-01-19 21:00:00+00:00,lstm_regression,0.26102838
G00010,2022-01-19 22:00:00+00:00,lstm_regression,0.43720394
G00010,2022-01-19 23:00:00+00:00,lstm_regression,0.51496154
G00010,2022-01-20 00:00:00+00:00,lstm_regression,0.6522141
G00010,2022-01-20 02:00:00+00:00,lstm_regression,0.41850537
G00010,2022-01-20 03:00:00+00:00,lstm_regression,0.0
G00010,2022-01-20 04:00:00+00:00,lstm_regression,0.0
G00010,2022-01-20 05:00:00+00:00,lstm_regression,0.034712262
G00010,2022-01-20 06:00:00+00:00,lstm_regression,0.17063908
G00010,2022-01-20 07:00:00+00:00,lstm_regression,0.21588294
G00010,2022-01-20 08:00:00+00:00,lstm_regression,0.24406247
G00010,2022-01-20 09:00:00+00:00,lstm_regression,0.40281335
G00010,2022-01-20 10:00:00+00:00,lstm_regression,0.08247692
G00010,2022-01-20 11:00:00+00:00,lstm_regression,0.13135381
G00010,2022-01-20 12:00:00+00:00,lstm_regression,0.15834972
G00010,2022-01-20 14:00:00+00:00,lstm_regression,0.060069166
G00010,2022-01-20 15:00:00+00:00,lstm_regression,0.0
G00010,2022-01-20 16:00:00+00:00,lstm_regression,0.069195874
G00010,2022-01-20 17:00:00+00:00,lstm_regression,0.34575388
G00010,2022-01-20 18:00:00+00:00,lstm_regression,0.21006022
G00010,2022-01-20 19:00:00+00:00,lstm_regression,0.41116256
G00010,2022-01-20 20:00:00+00:00,lstm_regression,0.40523392
G00010,2022-01-20 21:00:00+00:00,lstm_regression,0.24191426
G00010,2022-01-20 22:00:00+00:00,lstm_regression,0.2954115
G00010,2022-01-20 23:00:00+00:00,lstm_regression,0.3524139
G00010,2022-01-21 00:00:00+00:00,lstm_regression,0.40331072
G00010,2022-01-21 01:00:00+00:00,lstm_regression,0.4486693
G00010,2022-01-21 02:00:00+00:00,lstm_regression,0.6379569
G00010,2022-01-21 03:00:00+00:00,lstm_regression,0.44234616
G00010,2022-01-21 04:00:00+00:00,lstm_regression,0.6120912
G00010,2022-01-21 05:00:00+00:00,lstm_regression,0.21475385
G00010,2022-01-21 06:00:00+00:00,lstm_regression,0.11719447
G00010,2022-01-21 07:00:00+00:00,lstm_regression,0.0046063047
G00010,2022-01-21 08:00:00+00:00,lstm_regression,0.116474725
G00010,2022-01-21 09:00:00+00:00,lstm_regression,0.3265132
G00010,2022-01-21 10:00:00+00:00,lstm_regression,0.26423022
G00010,2022-01-21 11:00:00+00:00,lstm_regression,0.28471464
G00010,2022-01-21 12:00:00+00:00,lstm_regression,0.37726748
G00010,2022-01-21 13:00:00+00:00,lstm_regression,0.33301076
G00010,2022-01-21 14:00:00+00:00,lstm_regression,0.3656465
G00010,2022-01-21 15:00:00+00:00,lstm_regression,0.24877433
G00010,2022-01-21 16:00:00+00:00,lstm_regression,0.16474137
G00010,2022-01-21 17:00:00+00:00,lstm_regression,0.26340488
G00011,2022-01-02 01:00:00+00:00,lstm_regression,0.2378984
G00011,2022-01-02 03:00:00+00:00,lstm_regression,0.18850677
G00011,2022-01-02 04:00:00+00:00,lstm_regression,0.061837427
G00011,2022-01-02 06:00:00+00:00,lstm_regression,0.013795571
G00011,2022-01-02 07:00:00+00:00,lstm_regression,0.0
G00011,2022-01-02 08:00:00+00:00,lstm_regression,0.0
G00011,2022-01-02 09:00:00+00:00,lstm_regression,0.0
G00011,2022-01-02 10:00:00+00:00,lstm_regression,0.052059166
G00011,2022-01-02 12:00:00+00:00,lstm_regression,0.017216848
G00011,2022-01-02 13:00:00+00:00,lstm_regression,0.11054475
G00011,2022-01-02 14:00:00+00:00,lstm_regression,0.0
G00011,2022-01-02 15:00:00+00:00,lstm_regression,0.0
G00011,2022-01-02 16:00:00+00:00,lstm_regression,0.21555988
G00011,2022-01-02 17:00:00+00:00,lstm_regression,0.44047785
G00011,2022-01-02 18:00:00+00:00,lstm_regression,0.38973144
G00011,2022-01-02 19:00:00+00:00,lstm_regression,0.347907
G00011,2022-01-02 20:00:00+00:00,lstm_regression,0.31245247
G00011,2022-01-02 21:00:00+00:00,lstm_regression,0.06897713
G00011,2022-01-02 22:00:00+00:00,lstm_regression,0.24864875
G00011,2022-01-03 00:00:00+00:00,lstm_regression,0.16571656
G00011,2022-01-03 01:00:00+00:00,lstm_regression,0.25655645
G00011,2022-01-03 02:00:00+00:00,lstm_regression,0.31109595
G00011,2022-01-03 03:00:00+00:00,lstm_regression,0.4120435
G00011,2022-01-03 04:00:00+00:00,lstm_regression,0.4516832
G00011,2022-01-03 07:00:00+00:00,lstm_regression,0.39388075
G00011,2022-01-03 09:00:00+00:00,lstm_regression,0.43203798
G00011,2022-01-03 10:00:00+00:00,lstm_regression,0.42568165
G00011,2022-01-03 12:00:00+00:00,lstm_regression,0.34118176
G00011,2022-01-03 13:00:00+00:00,lstm_regression,0.0
G00011,2022-01-03 14:00:00+00:00,lstm_regression,0.15344726
G00011,2022-01-03 15:00:00+00:00,lstm_regression,0.29497528
G00011,2022-01-03 16:00:00+00:00,lstm_regression,0.12697253
G00011,2022-01-03 18:00:00+00:00,lstm_regression,0.0
G00011,2022-01-03 19:00:00+00:00,lstm_regression,0.0
G00011,2022-01-03 20:00:00+00:00,lstm_regression,0.0
G00011,2022-01-03 21:00:00+00:00,lstm_regression,0.23273362
G00011,2022-01-03 22:00:00+00:00,lstm_regression,0.51520103
G00011,2022-01-03 23:00:00+00:00,lstm_regression,0.61379457
G00011,2022-01-04 00:00:00+00:00,lstm_regression,0.160882
G00011,2022-01-04 01:00:00+00:00,lstm_regression,0.28118604
G00011,2022-01-04 02:00:00+00:00,lstm_regression,0.29057246
G00011,2022-01-04 03:00:00+00:00,lstm_regression,0.19892316
G00011,2022-01-04 04:00:00+00:00,lstm_regression,0.27019277
G00011,2022-01-04 06:00:00+00:00,lstm_regression,0.13879393
G00011,2022-01-04 07:00:00+00:00,lstm_regression,0.0478262
G00011,2022-01-04 08:00:00+00:00,lstm_regression,0.045392305
G00011,2022-01-04 09:00:00+00:00,lstm_regression,0.18784292
G00011,2022-01-04 10:00:00+00:00,lstm_regression,0.0
G00011,2022-01-04 11:00:00+00:00,lstm_regression,0.020787796
G00011,2022-01-04 12:00:00+00:00,lstm_regression,0.0
G00011,2022-01-04 13:00:00+00:00,lstm_regression,0.038493037
G00011,2022-01-04 14:00:00+00:00,lstm_regression,0.09223074
G00011,2022-01-04 15:00:00+00:00,lstm_regression,0.446477
G00011,2022-01-04 16:00:00+00:00,lstm_regression,0.32685137
G00011,2022-01-04 17:00:00+00:00,lstm_regression,0.53510714
G00011,2022-01-04 18:00:00+00:00,lstm_regression,0.26606277
G00011,2022-01-04 19:00:00+00:00,lstm_regression,0.16241021
G00011,2022-01-04 20:00:00+00:00,lstm_regression,0.12417906
G00011,2022-01-04 21:00:00+00:00,lstm_regression,0.20600586
G00011,2022-01-04 22:00:00+00:00,lstm_regression,0.39890873
G00011,2022-01-04 23:00:00+00:00,lstm_regression,0.5873415
G00011,2022-01-05 02:00:00+00:00,lstm_regression,0.5874985
G00011,2022-01-05 04:00:00+00:00,lstm_regression,0.1414379
G00011,2022-01-05 05:00:00+00:00,lstm_regression,0.20151703
G00011,2022-01-05 07:00:00+00:00,lstm_regression,0.05502156
G00011,2022-01-05 08:00:00+00:00,lstm_regression,0.0
G00011,2022-01-05 09:00:00+00:00,lstm_regression,0.0
G00011,2022-01-05 10:00:00+00:00,lstm_regression,0.0
G00011,2022-01-05 11:00:00+00:00,lstm_regression,0.004666971
G00011,2022-01-05 13:00:00+00:00,lstm_regression,0.0027895141
G00011,2022-01-05 14:00:00+00:00,lstm_regression,0.15646118
G00011,2022-01-05 15:00:00+00:00,lstm_regression,0.17729063
G00011,2022-01-05 16:00:00+00:00,lstm_regression,0.36982715
G00011,2022-01-05 17:00:00+00:00,lstm_regression,0.2711158
G00011,2022-01-05 18:00:00+00:00,lstm_regression,0.2676667
G00011,2022-01-05 19:00:00+00:00,lstm_regression,0.2048984
G00011,2022-01-05 20:00:00+00:00,lstm_regression,0.0
G00011,2022-01-05 21:00:00+00:00,lstm_regression,0.053341612
G00011,2022-01-05 22:00:00+00:00,lstm_regression,0.0
G00011,2022-01-05 23:00:00+00:00,lstm_regression,0.050754443
G00011,2022-01-06 01:00:00+00:00,lstm_regression,0.05080565
G00011,2022-01-06 02:00:00+00:00,lstm_regression,0.0
G00011,2022-01-06 03:00:00+00:00,lstm_regression,0.1311477
G00011,2022-01-06 04:00:00+00:00,lstm_regression,0.0654533
G00011,2022-01-06 05:00:00+00:00,lstm_regression,0.0
G00011,2022-01-06 06:00:00+00:00,lstm_regression,0.014856597
G00011,2022-01-06 07:00:00+00:00,lstm_regression,0.0
G00011,2022-01-06 08:00:00+00:00,lstm_regression,0.12725365
G00011,2022-01-06 09:00:00+00:00,lstm_regression,0.31075868
G00011,2022-01-06 10:00:00+00:00,lstm_regression,0.13972674
G00011,2022-01-06 11:00:00+00:00,lstm_regression,0.049007706
G00011,2022-01-06 12:00:00+00:00,lstm_regression,0.0
G00011,2022-01-06 13:00:00+00:00,lstm_regression,0.15687025
G00011,2022-01-06 14:00:00+00:00,lstm_regression,0.16999424
G00011,2022-01-06 15:00:00+00:00,lstm_regression,0.061759666
G00011,2022-01-06 16:00:00+00:00,lstm_regression,0.028527154
G00011,2022-01-06 17:00:00+00:00,lstm_regression,0.084307075
G00011,2022-01-06 18:00:00+00:00,lstm_regression,0.18138291
G00011,2022-01-06 19:00:00+00:00,lstm_regression,0.21202697
G00011,2022-01-06 20:00:00+00:00,lstm_regression,0.052043647
G00011,2022-01-06 21:00:00+00:00,lstm_regression,0.11753201
G00011,2022-01-06 22:00:00+00:00,lstm_regression,0.10644472
G00011,2022-01-06 23:00:00+00:00,lstm_regression,0.17154108
G00011,2022-01-07 00:00:00+00:00,lstm_regression,0.23558147
G00011,2022-01-07 01:00:00+00:00,lstm_regression,0.23525797
G00011,2022-01-07 02:00:00+00:00,lstm_regression,0.33218485
G00011,2022-01-07 03:00:00+00:00,lstm_regression,0.2868936
G00011,2022-01-07 04:00:00+00:00,lstm_regression,0.24507226
G00011,2022-01-07 05:00:00+00:00,lstm_regression,0.062405653
G00011,2022-01-07 06:00:00+00:00,lstm_regression,0.238068
G00011,2022-01-07 07:00:00+00:00,lstm_regression,0.20260471
G00011,2022-01-07 08:00:00+00:00,lstm_regression,0.10833032
G00011,2022-01-07 09:00:00+00:00,lstm_regression,0.13065548
G00011,2022-01-07 10:00:00+00:00,lstm_regression,0.15677431
G00011,2022-01-07 11:00:00+00:00,lstm_regression,0.0
G00011,2022-01-07 12:00:00+00:00,lstm_regression,0.1610834
G00011,2022-01-07 13:00:00+00:00,lstm_regression,0.3834586
G00011,2022-01-07 14:00:00+00:00,lstm_regression,0.41414338
G00011,2022-01-07 15:00:00+00:00,lstm_regression,0.4436497
G00011,2022-01-07 16:00:00+00:00,lstm_regression,0.69582415
G00011,2022-01-07 17:00:00+00:00,lstm_regression,0.94614094
G00011,2022-01-07 18:00:00+00:00,lstm_regression,1.3490689
G00011,2022-01-07 19:00:00+00:00,lstm_regression,1.0421219
G00011,2022-01-07 20:00:00+00:00,lstm_regression,0.37913957
G00011,2022-01-07 21:00:00+00:00,lstm_regression,0.29145175
G00011,2022-01-07 22:00:00+00:00,lstm_regression,0.34088415
G00011,2022-01-07 23:00:00+00:00,lstm_regression,0.41136503
G00011,2022-01-08 00:00:00+00:00,lstm_regression,0.44439855
G00011,2022-01-08 01:00:00+00:00,lstm_regression,0.035924777
G00011,2022-01-08 02:00:00+00:00,lstm_regression,0.0
G00011,2022-01-08 03:00:00+00:00,lstm_regression,0.04057262
G00011,2022-01-08 06:00:00+00:00,lstm_regression,0.060066015
G00011,2022-01-08 08:00:00+00:00,lstm_regression,0.026019698
G00011,2022-01-08 09:00:00+00:00,lstm_regression,0.0
G00011,2022-01-08 11:00:00+00:00,lstm_regression,0.25818688
G00011,2022-01-08 12:00:00+00:00,lstm_regression,0.29259157
G00011,2022-01-08 13:00:00+00:00,lstm_regression,0.6285526
G00011,2022-01-08 14:00:00+00:00,lstm_regression,1.0025201
G00011,2022-01-08 15:00:00+00:00,lstm_regression,1.398144
G00011,2022-01-08 17:00:00+00:00,lstm_regression,1.2225661
G00011,2022-01-08 18:00:00+00:00,lstm_regression,1.1153095
G00011,2022-01-08 19:00:00+00:00,lstm_regression,0.84761757
G00011,2022-01-08 20:00:00+00:00,lstm_regression,1.1673858
G00011,2022-01-08 21:00:00+00:00,lstm_regression,1.5237039
G00011,2022-01-08 22:00:00+00:00,lstm_regression,1.2906451
G00011,2022-01-08 23:00:00+00:00,lstm_regression,0.70382524
G00011,2022-01-09 00:00:00+00:00,lstm_regression,0.5466308
G00011,2022-01-09 01:00:00+00:00,lstm_regression,0.44786724
G00011,2022-01-09 02:00:00+00:00,lstm_regression,0.58548135
G00011,2022-01-09 03:00:00+00:00,lstm_regression,0.60361433
G00011,2022-01-09 05:00:00+00:00,lstm_regression,0.52883035
G00011,2022-01-09 06:00:00+00:00,lstm_regression,0.44715303
G00011,2022-01-09 07:00:00+00:00,lstm_regression,0.18231492
G00011,2022-01-09 08:00:00+00:00,lstm_regression,0.25403056
G00011,2022-01-09 09:00:00+00:00,lstm_regression,0.49669468
G00011,2022-01-09 10:00:00+00:00,lstm_regression,0.4479195
G00011,2022-01-09 11:00:00+00:00,lstm_regression,0.67259467
G00011,2022-01-09 12:00:00+00:00,lstm_regression,0.6617436
G00011,2022-01-09 13:00:00+00:00,lstm_regression,0.9035285
G00011,2022-01-09 14:00:00+00:00,lstm_regression,0.82918394
G00011,2022-01-09 15:00:00+00:00,lstm_regression,0.828718
G00011,2022-01-09 16:00:00+00:00,lstm_regression,0.81862944
G00011,2022-01-09 17:00:00+00:00,lstm_regression,0.43784523
G00011,2022-01-09 18:00:00+00:00,lstm_regression,0.26130873
G00011,2022-01-09 19:00:00+00:00,lstm_regression,0.013458399
G00011,2022-01-09 20:00:00+00:00,lstm_regression,0.055761926
G00011,2022-01-09 21:00:00+00:00,lstm_regression,0.09021111
G00011,2022-01-09 22:00:00+00:00,lstm_regression,0.21563862
G00011,2022-01-09 23:00:00+00:00,lstm_regression,0.26083413
G00011,2022-01-10 00:00:00+00:00,lstm_regression,0.27339715
G00011,2022-01-10 01:00:00+00:00,lstm_regression,0.12479865
G00011,2022-01-10 02:00:00+00:00,lstm_regression,0.21998958
G00011,2022-01-10 03:00:00+00:00,lstm_regression,0.27958417
G00011,2022-01-10 04:00:00+00:00,lstm_regression,0.32273093
G00011,2022-01-10 05:00:00+00:00,lstm_regression,0.40360487
G00011,2022-01-10 06:00:00+00:00,lstm_regression,0.3989387
G00011,2022-01-10 07:00:00+00:00,lstm_regression,0.6757316
G00011,2022-01-10 08:00:00+00:00,lstm_regression,0.87852824
G00011,2022-01-10 09:00:00+00:00,lstm_regression,1.6524428
G00011,2022-01-10 10:00:00+00:00,lstm_regression,2.1177423
G00011,2022-01-10 11:00:00+00:00,lstm_regression,1.8150961
G00011,2022-01-10 12:00:00+00:00,lstm_regression,0.406932
G00011,2022-01-10 13:00:00+00:00,lstm_regression,0.19004753
G00011,2022-01-10 14:00:00+00:00,lstm_regression,0.19866554
G00011,2022-01-10 15:00:00+00:00,lstm_regression,0.28436583
G00011,2022-01-10 16:00:00+00:00,lstm_regression,0.3195927
G00011,2022-01-10 17:00:00+00:00,lstm_regression,0.241601
G00011,2022-01-10 18:00:00+00:00,lstm_regression,0.23055294
G00011,2022-01-10 19:00:00+00:00,lstm_regression,0.11317391
G00011,2022-01-10 20:00:00+00:00,lstm_regression,0.033529833
G00011,2022-01-10 21:00:00+00:00,lstm_regression,0.39935488
G00011,2022-01-10 22:00:00+00:00,lstm_regression,0.3702996
G00011,2022-01-10 23:00:00+00:00,lstm_regression,0.0
G00011,2022-01-11 00:00:00+00:00,lstm_regression,0.062391423
G00011,2022-01-11 01:00:00+00:00,lstm_regression,0.28616488
G00011,2022-01-11 02:00:00+00:00,lstm_regression,0.19042729
G00011,2022-01-11 03:00:00+00:00,lstm_regression,0.13329567
G00011,2022-01-11 04:00:00+00:00,lstm_regression,0.23837437
G00011,2022-01-11 05:00:00+00:00,lstm_regression,0.43952218
G00011,2022-01-11 06:00:00+00:00,lstm_regression,0.85916364
G00011,2022-01-11 07:00:00+00:00,lstm_regression,0.41089603
G00011,2022-01-11 08:00:00+00:00,lstm_regression,0.2910835
G00011,2022-01-11 09:00:00+00:00,lstm_regression,0.3186407
G00011,2022-01-11 10:00:00+00:00,lstm_regression,0.20450477
G00011,2022-01-11 11:00:00+00:00,lstm_regression,0.85005426
G00011,2022-01-11 12:00:00+00:00,lstm_regression,1.2195618
G00011,2022-01-11 13:00:00+00:00,lstm_regression,1.553421
G00011,2022-01-11 14:00:00+00:00,lstm_regression,1.0707769
G00011,2022-01-11 15:00:00+00:00,lstm_regression,0.5941222
G00011,2022-01-11 16:00:00+00:00,lstm_regression,0.37066585
G00011,2022-01-11 17:00:00+00:00,lstm_regression,0.41972497
G00011,2022-01-11 18:00:00+00:00,lstm_regression,0.56578445
G00011,2022-01-11 19:00:00+00:00,lstm_regression,0.33966196
G00011,2022-01-11 20:00:00+00:00,lstm_regression,0.46992582
G00011,2022-01-11 21:00:00+00:00,lstm_regression,0.5473984
G00011,2022-01-11 22:00:00+00:00,lstm_regression,0.55683345
G00011,2022-01-11 23:00:00+00:00,lstm_regression,0.7358883
G00011,2022-01-12 00:00:00+00:00,lstm_regression,0.9783669
G00011,2022-01-12 01:00:00+00:00,lstm_regression,0.6176796
G00011,2022-01-12 02:00:00+00:00,lstm_regression,0.29368117
G00011,2022-01-12 03:00:00+00:00,lstm_regression,0.56139064
G00011,2022-01-12 04:00:00+00:00,lstm_regression,0.5579538
G00011,2022-01-12 05:00:00+00:00,lstm_regression,0.57430935
G00011,2022-01-12 06:00:00+00:00,lstm_regression,0.36265332
G00011,2022-01-12 07:00:00+00:00,lstm_regression,0.53588325
G00011,2022-01-12 08:00:00+00:00,lstm_regression,0.9957016
G00011,2022-01-12 09:00:00+00:00,lstm_regression,1.1790018
G00011,2022-01-12 10:00:00+00:00,lstm_regression,0.8839703
G00011,2022-01-12 11:00:00+00:00,lstm_regression,0.90886635
G00011,2022-01-12 12:00:00+00:00,lstm_regression,0.36633754
G00011,2022-01-12 13:00:00+00:00,lstm_regression,0.17051718
G00011,2022-01-12 14:00:00+00:00,lstm_regression,0.5173864
G00011,2022-01-12 15:00:00+00:00,lstm_regression,0.16444652
G00011,2022-01-12 16:00:00+00:00,lstm_regression,0.61381906
G00011,2022-01-12 17:00:00+00:00,lstm_regression,0.39611092
G00011,2022-01-12 18:00:00+00:00,lstm_regression,0.4228673
G00011,2022-01-12 19:00:00+00:00,lstm_regression,0.7218405
G00011,2022-01-12 20:00:00+00:00,lstm_regression,0.8832362
G00011,2022-01-12 21:00:00+00:00,lstm_regression,0.1859982
G00011,2022-01-12 22:00:00+00:00,lstm_regression,0.08597461
G00011,2022-01-12 23:00:00+00:00,lstm_regression,0.062500656
G00011,2022-01-13 00:00:00+00:00,lstm_regression,0.4042681
G00011,2022-01-13 01:00:00+00:00,lstm_regression,0.5448666
G00011,2022-01-13 02:00:00+00:00,lstm_regression,0.49537414
G00011,2022-01-13 03:00:00+00:00,lstm_regression,0.10614754
G00011,2022-01-13 04:00:00+00:00,lstm_regression,0.0
G00011,2022-01-13 05:00:00+00:00,lstm_regression,0.0
G00011,2022-01-13 06:00:00+00:00,lstm_regression,0.11180592
G00011,2022-01-13 07:00:00+00:00,lstm_regression,0.0
G00011,2022-01-13 08:00:00+00:00,lstm_regression,0.089087345
G00011,2022-01-13 09:00:00+00:00,lstm_regression,0.26712298
G00011,2022-01-13 10:00:00+00:00,lstm_regression,0.3589183
G00011,2022-01-13 11:00:00+00:00,lstm_regression,0.8127518
G00011,2022-01-13 12:00:00+00:00,lstm_regression,1.0857401
G00011,2022-01-13 13:00:00+00:00,lstm_regression,1.3912835
G00011,2022-01-13 14:00:00+00:00,lstm_regression,0.8182391
G00011,2022-01-13 15:00:00+00:00,lstm_regression,0.52077895
G00011,2022-01-13 16:00:00+00:00,lstm_regression,0.5636767
G00011,2022-01-13 17:00:00+00:00,lstm_regression,0.76375633
G00011,2022-01-13 18:00:00+00:00,lstm_regression,0.82090235
G00011,2022-01-13 19:00:00+00:00,lstm_regression,0.895914
G00011,2022-01-13 20:00:00+00:00,lstm_regression,0.6784845
G00011,2022-01-13 21:00:00+00:00,lstm_regression,0.49242574
G00011,2022-01-13 22:00:00+00:00,lstm_regression,0.27663752
G00011,2022-01-13 23:00:00+00:00,lstm_regression,0.0
G00011,2022-01-14 00:00:00+00:00,lstm_regression,0.16532277
G00011,2022-01-14 01:00:00+00:00,lstm_regression,0.43554524
G00011,2022-01-14 02:00:00+00:00,lstm_regression,0.21192257
G00011,2022-01-14 03:00:00+00:00,lstm_regression,0.20971778
G00011,2022-01-14 04:00:00+00:00,lstm_regression,0.030171486
G00011,2022-01-14 05:00:00+00:00,lstm_regression,0.0
G00011,2022-01-14 06:00:00+00:00,lstm_regression,0.0
G00011,2022-01-14 07:00:00+00:00,lstm_regression,0.0
G00011,2022-01-14 08:00:00+00:00,lstm_regression,0.041337408
G00011,2022-01-14 09:00:00+00:00,lstm_regression,0.05919049
G00011,2022-01-14 10:00:00+00:00,lstm_regression,0.029781787
G00011,2022-01-14 11:00:00+00:00,lstm_regression,0.12369212
G00011,2022-01-14 12:00:00+00:00,lstm_regression,0.5749582
G00011,2022-01-14 13:00:00+00:00,lstm_regression,0.3708329
G00011,2022-01-14 14:00:00+00:00,lstm_regression,0.30640453
G00011,2022-01-14 15:00:00+00:00,lstm_regression,0.46464527
G00011,2022-01-14 16:00:00+00:00,lstm_regression,0.4496523
G00011,2022-01-14 17:00:00+00:00,lstm_regression,0.24761172
G00011,2022-01-14 18:00:00+00:00,lstm_regression,0.26889402
G00011,2022-01-14 19:00:00+00:00,lstm_regression,0.024344036
G00011,2022-01-14 20:00:00+00:00,lstm_regression,0.17230305
G00011,2022-01-14 21:00:00+00:00,lstm_regression,0.061597057
G00011,2022-01-14 22:00:00+00:00,lstm_regression,0.038871847
G00011,2022-01-14 23:00:00+00:00,lstm_regression,0.29198778
G00011,2022-01-15 00:00:00+00:00,lstm_regression,0.39199704
G00011,2022-01-15 01:00:00+00:00,lstm_regression,0.39144492
G00011,2022-01-15 02:00:00+00:00,lstm_regression,0.4841894
G00011,2022-01-15 03:00:00+00:00,lstm_regression,0.033976987
G00011,2022-01-15 04:00:00+00:00,lstm_regression,0.097356
G00011,2022-01-15 05:00:00+00:00,lstm_regression,0.022421738
G00011,2022-01-15 06:00:00+00:00,lstm_regression,0.324026
G00011,2022-01-15 07:00:00+00:00,lstm_regression,0.22225575
G00011,2022-01-15 08:00:00+00:00,lstm_regression,0.35858688
G00011,2022-01-15 09:00:00+00:00,lstm_regression,0.48695284
G00011,2022-01-15 10:00:00+00:00,lstm_regression,1.0581962
G00011,2022-01-15 11:00:00+00:00,lstm_regression,1.0520355
G00011,2022-01-15 12:00:00+00:00,lstm_regression,1.3265547
G00011,2022-01-15 13:00:00+00:00,lstm_regression,0.5567451
G00011,2022-01-15 14:00:00+00:00,lstm_regression,0.15439989
G00011,2022-01-15 15:00:00+00:00,lstm_regression,0.0
G00011,2022-01-15 16:00:00+00:00,lstm_regression,0.0138710495
G00011,2022-01-15 17:00:00+00:00,lstm_regression,0.13317049
G00011,2022-01-15 18:00:00+00:00,lstm_regression,0.0
G00011,2022-01-15 19:00:00+00:00,lstm_regression,0.0
G00011,2022-01-15 20:00:00+00:00,lstm_regression,0.0
G00011,2022-01-15 21:00:00+00:00,lstm_regression,0.0
G00011,2022-01-15 22:00:00+00:00,lstm_regression,0.0
G00011,2022-01-15 23:00:00+00:00,lstm_regression,0.038747266
G00011,2022-01-16 00:00:00+00:00,lstm_regression,0.08118072
G00011,2022-01-16 01:00:00+00:00,lstm_regression,0.248165
G00011,2022-01-16 02:00:00+00:00,lstm_regression,0.5145691
G00011,2022-01-16 03:00:00+00:00,lstm_regression,0.5615609
G00011,2022-01-16 04:00:00+00:00,lstm_regression,0.79277796
G00011,2022-01-16 05:00:00+00:00,lstm_regression,0.92216
G00011,2022-01-16 06:00:00+00:00,lstm_regression,0.82240546
G00011,2022-01-16 07:00:00+00:00,lstm_regression,1.2505763
G00011,2022-01-16 08:00:00+00:00,lstm_regression,1.4424908
G00011,2022-01-16 09:00:00+00:00,lstm_regression,1.5253723
G00011,2022-01-16 10:00:00+00:00,lstm_regression,1.1885666
G00011,2022-01-16 11:00:00+00:00,lstm_regression,0.5584437
G00011,2022-01-16 12:00:00+00:00,lstm_regression,0.09704436
G00011,2022-01-16 13:00:00+00:00,lstm_regression,0.029287128
G00011,2022-01-16 14:00:00+00:00,lstm_regression,0.027309937
G00011,2022-01-16 15:00:00+00:00,lstm_regression,0.02097754
G00011,2022-01-16 16:00:00+00:00,lstm_regression,0.365008
G00011,2022-01-16 17:00:00+00:00,lstm_regression,0.30860364
G00011,2022-01-16 20:00:00+00:00,lstm_regression,0.12788492
G00011,2022-01-16 22:00:00+00:00,lstm_regression,0.14748876
G00011,2022-01-16 23:00:00+00:00,lstm_regression,0.16520125
G00011,2022-01-17 01:00:00+00:00,lstm_regression,0.2493171
G00011,2022-01-17 02:00:00+00:00,lstm_regression,0.3571682
G00011,2022-01-17 03:00:00+00:00,lstm_regression,0.46967524
G00011,2022-01-17 04:00:00+00:00,lstm_regression,0.24161033
G00011,2022-01-17 05:00:00+00:00,lstm_regression,0.20119393
G00011,2022-01-17 07:00:00+00:00,lstm_regression,0.0032500383
G00011,2022-01-17 08:00:00+00:00,lstm_regression,0.0
G00011,2022-01-17 09:00:00+00:00,lstm_regression,0.10267625
G00011,2022-01-17 10:00:00+00:00,lstm_regression,0.0
G00011,2022-01-17 11:00:00+00:00,lstm_regression,0.2357725
G00011,2022-01-17 12:00:00+00:00,lstm_regression,0.50645524
G00011,2022-01-17 13:00:00+00:00,lstm_regression,0.3325208
G00011,2022-01-17 14:00:00+00:00,lstm_regression,0.3274039
G00011,2022-01-17 15:00:00+00:00,lstm_regression,0.42499268
G00011,2022-01-17 16:00:00+00:00,lstm_regression,0.38346037
G00011,2022-01-17 17:00:00+00:00,lstm_regression,0.3253203
G00011,2022-01-17 19:00:00+00:00,lstm_regression,0.31649467
G00011,2022-01-17 20:00:00+00:00,lstm_regression,0.15127549
G00011,2022-01-17 21:00:00+00:00,lstm_regression,0.005843876
G00011,2022-01-17 22:00:00+00:00,lstm_regression,0.0
G00011,2022-01-17 23:00:00+00:00,lstm_regression,0.0
G00011,2022-01-18 00:00:00+00:00,lstm_regression,0.042381905
G00011,2022-01-18 01:00:00+00:00,lstm_regression,0.0
G00011,2022-01-18 02:00:00+00:00,lstm_regression,0.0
G00011,2022-01-18 03:00:00+00:00,lstm_regression,0.024013726
G00011,2022-01-18 04:00:00+00:00,lstm_regression,0.19228353
G00011,2022-01-18 05:00:00+00:00,lstm_regression,0.0
G00011,2022-01-18 06:00:00+00:00,lstm_regression,0.019058077
G00011,2022-01-18 07:00:00+00:00,lstm_regression,0.0
G00011,2022-01-18 08:00:00+00:00,lstm_regression,0.0
G00011,2022-01-18 09:00:00+00:00,lstm_regression,0.14335509
G00011,2022-01-18 10:00:00+00:00,lstm_regression,0.5198206
G00011,2022-01-18 11:00:00+00:00,lstm_regression,0.7976255
G00011,2022-01-18 12:00:00+00:00,lstm_regression,1.0984759
G00011,2022-01-18 13:00:00+00:00,lstm_regression,1.3102124
G00011,2022-01-18 14:00:00+00:00,lstm_regression,1.5056493
G00011,2022-01-18 15:00:00+00:00,lstm_regression,1.1824926
G00011,2022-01-18 16:00:00+00:00,lstm_regression,1.3944912
G00011,2022-01-18 17:00:00+00:00,lstm_regression,0.71850955
G00011,2022-01-18 18:00:00+00:00,lstm_regression,0.37675294
G00011,2022-01-18 19:00:00+00:00,lstm_regression,0.18732171
G00011,2022-01-18 20:00:00+00:00,lstm_regression,0.0
G00011,2022-01-18 21:00:00+00:00,lstm_regression,0.0
G00011,2022-01-18 22:00:00+00:00,lstm_regression,0.039549492
G00011,2022-01-18 23:00:00+00:00,lstm_regression,0.20244165
G00011,2022-01-19 00:00:00+00:00,lstm_regression,0.57442135
G00011,2022-01-19 01:00:00+00:00,lstm_regression,0.47636458
G00011,2022-01-19 02:00:00+00:00,lstm_regression,0.632122
G00011,2022-01-19 03:00:00+00:00,lstm_regression,0.28782752
G00011,2022-01-19 04:00:00+00:00,lstm_regression,0.3077362
G00011,2022-01-19 05:00:00+00:00,lstm_regression,0.18946776
G00011,2022-01-19 06:00:00+00:00,lstm_regression,0.19462754
G00011,2022-01-19 07:00:00+00:00,lstm_regression,0.18195714
G00011,2022-01-19 08:00:00+00:00,lstm_regression,0.3044003
G00011,2022-01-19 09:00:00+00:00,lstm_regression,0.3412942
G00011,2022-01-19 14:00:00+00:00,lstm_regression,0.21553962
G00011,2022-01-19 17:00:00+00:00,lstm_regression,0.10284931
G00011,2022-01-19 19:00:00+00:00,lstm_regression,0.30070883
G00011,2022-01-19 20:00:00+00:00,lstm_regression,0.6733089
G00011,2022-01-19 21:00:00+00:00,lstm_regression,0.7389547
G00011,2022-01-19 23:00:00+00:00,lstm_regression,0.7822839
G00011,2022-01-20 01:00:00+00:00,lstm_regression,0.7777218
G00011,2022-01-20 02:00:00+00:00,lstm_regression,0.8303054
G00011,2022-01-20 03:00:00+00:00,lstm_regression,0.69248074
G00011,2022-01-20 04:00:00+00:00,lstm_regression,0.4344053
G00011,2022-01-20 05:00:00+00:00,lstm_regression,0.5055618
G00011,2022-01-20 06:00:00+00:00,lstm_regression,0.5455849
G00011,2022-01-20 07:00:00+00:00,lstm_regression,0.38685971
G00011,2022-01-20 08:00:00+00:00,lstm_regression,0.84350103
G00011,2022-01-20 09:00:00+00:00,lstm_regression,0.3460014
G00011,2022-01-20 11:00:00+00:00,lstm_regression,0.42238787
G00011,2022-01-20 13:00:00+00:00,lstm_regression,0.5829528
G00011,2022-01-20 14:00:00+00:00,lstm_regression,0.15352696
G00011,2022-01-20 15:00:00+00:00,lstm_regression,0.25621212
G00011,2022-01-20 16:00:00+00:00,lstm_regression,0.48243266
G00011,2022-01-20 17:00:00+00:00,lstm_regression,0.49697095
G00011,2022-01-20 18:00:00+00:00,lstm_regression,0.40001166
G00011,2022-01-20 19:00:00+00:00,lstm_regression,0.6851496
G00011,2022-01-20 20:00:00+00:00,lstm_regression,0.3535128
G00011,2022-01-20 21:00:00+00:00,lstm_regression,0.0
G00011,2022-01-20 22:00:00+00:00,lstm_regression,0.16543703
G00011,2022-01-20 23:00:00+00:00,lstm_regression,0.32389027
G00011,2022-01-21 00:00:00+00:00,lstm_regression,0.6148589
G00011,2022-01-21 01:00:00+00:00,lstm_regression,0.3266298
G00011,2022-01-21 02:00:00+00:00,lstm_regression,0.33414
G00011,2022-01-21 03:00:00+00:00,lstm_regression,0.49895638
G00011,2022-01-21 04:00:00+00:00,lstm_regression,0.5438803
G00011,2022-01-21 05:00:00+00:00,lstm_regression,0.30271688
G00011,2022-01-21 06:00:00+00:00,lstm_regression,0.2133358
G00011,2022-01-21 07:00:00+00:00,lstm_regression,0.30101696
G00011,2022-01-21 08:00:00+00:00,lstm_regression,0.23974325
G00011,2022-01-21 09:00:00+00:00,lstm_regression,0.15263003
G00011,2022-01-21 10:00:00+00:00,lstm_regression,0.2182951
G00011,2022-01-21 11:00:00+00:00,lstm_regression,0.24420981
G00011,2022-01-21 12:00:00+00:00,lstm_regression,0.37103927
G00011,2022-01-21 13:00:00+00:00,lstm_regression,0.2521783
G00011,2022-01-21 14:00:00+00:00,lstm_regression,0.34595
G00011,2022-01-21 15:00:00+00:00,lstm_regression,0.20130314
G00011,2022-01-21 16:00:00+00:00,lstm_regression,0.0
G00011,2022-01-21 17:00:00+00:00,lstm_regression,0.0
G00011,2022-01-21 18:00:00+00:00,lstm_regression,0.019505618
G00011,2022-01-21 19:00:00+00:00,lstm_regression,0.0
G00012,2022-01-02 00:00:00+00:00,lstm_regression,0.0
G00012,2022-01-02 01:00:00+00:00,lstm_regression,0.18540178
G00012,2022-01-02 02:00:00+00:00,lstm_regression,0.29643503
G00012,2022-01-02 03:00:00+00:00,lstm_regression,0.42702365
G00012,2022-01-02 04:00:00+00:00,lstm_regression,0.35077748
G00012,2022-01-02 05:00:00+00:00,lstm_regression,0.4032996
G00012,2022-01-02 06:00:00+00:00,lstm_regression,0.048888877
G00012,2022-01-02 07:00:00+00:00,lstm_regression,0.04142557
G00012,2022-01-02 08:00:00+00:00,lstm_regression,0.011525655
G00012,2022-01-02 09:00:00+00:00,lstm_regression,0.06720672
G00012,2022-01-02 10:00:00+00:00,lstm_regression,0.11445319
G00012,2022-01-02 11:00:00+00:00,lstm_regression,0.0
G00012,2022-01-02 12:00:00+00:00,lstm_regression,0.0
G00012,2022-01-02 13:00:00+00:00,lstm_regression,0.008618096
G00012,2022-01-02 14:00:00+00:00,lstm_regression,0.10454129
G00012,2022-01-02 15:00:00+00:00,lstm_regression,0.18665181
G00012,2022-01-02 16:00:00+00:00,lstm_regression,0.31853122
G00012,2022-01-02 17:00:00+00:00,lstm_regression,0.09354796
G00012,2022-01-02 18:00:00+00:00,lstm_regression,0.0
G00012,2022-01-02 19:00:00+00:00,lstm_regression,0.0
G00012,2022-01-02 20:00:00+00:00,lstm_regression,0.0
G00012,2022-01-02 21:00:00+00:00,lstm_regression,0.23856388
G00012,2022-01-02 22:00:00+00:00,lstm_regression,0.13481288
G00012,2022-01-02 23:00:00+00:00,lstm_regression,0.04183296
G00012,2022-01-03 00:00:00+00:00,lstm_regression,0.25730625
G00012,2022-01-03 01:00:00+00:00,lstm_regression,0.34005433
G00012,2022-01-03 02:00:00+00:00,lstm_regression,0.4570703
G00012,2022-01-03 03:00:00+00:00,lstm_regression,0.51473874
G00012,2022-01-03 04:00:00+00:00,lstm_regression,0.52338254
G00012,2022-01-03 05:00:00+00:00,lstm_regression,0.5476125
G00012,2022-01-03 06:00:00+00:00,lstm_regression,0.37739295
G00012,2022-01-03 07:00:00+00:00,lstm_regression,0.19212125
G00012,2022-01-03 08:00:00+00:00,lstm_regression,0.36275154
G00012,2022-01-03 09:00:00+00:00,lstm_regression,0.7234292
G00012,2022-01-03 10:00:00+00:00,lstm_regression,0.8217315
G00012,2022-01-03 11:00:00+00:00,lstm_regression,0.4904034
G00012,2022-01-03 12:00:00+00:00,lstm_regression,0.50200576
G00012,2022-01-03 13:00:00+00:00,lstm_regression,0.24323459
G00012,2022-01-03 14:00:00+00:00,lstm_regression,0.32559907
G00012,2022-01-03 15:00:00+00:00,lstm_regression,0.5168182
G00012,2022-01-03 16:00:00+00:00,lstm_regression,0.63490313
G00012,2022-01-03 17:00:00+00:00,lstm_regression,0.47853193
G00012,2022-01-03 18:00:00+00:00,lstm_regression,0.5512292
G00012,2022-01-03 19:00:00+00:00,lstm_regression,0.64152974
G00012,2022-01-03 20:00:00+00:00,lstm_regression,0.8463076
G00012,2022-01-03 21:00:00+00:00,lstm_regression,0.8573491
G00012,2022-01-03 22:00:00+00:00,lstm_regression,1.0153408
G00012,2022-01-03 23:00:00+00:00,lstm_regression,0.9898009
G00012,2022-01-04 00:00:00+00:00,lstm_regression,1.3744173
G00012,2022-01-04 01:00:00+00:00,lstm_regression,1.0813107
G00012,2022-01-04 02:00:00+00:00,lstm_regression,0.446501
G00012,2022-01-04 03:00:00+00:00,lstm_regression,0.2504937
G00012,2022-01-04 04:00:00+00:00,lstm_regression,0.13021879
G00012,2022-01-04 05:00:00+00:00,lstm_regression,0.31687444
G00012,2022-01-04 06:00:00+00:00,lstm_regression,0.3042059
G00012,2022-01-04 07:00:00+00:00,lstm_regression,0.32920256
G00012,2022-01-04 08:00:00+00:00,lstm_regression,0.2702268
G00012,2022-01-04 09:00:00+00:00,lstm_regression,0.4077545
G00012,2022-01-04 10:00:00+00:00,lstm_regression,0.78646666
G00012,2022-01-04 11:00:00+00:00,lstm_regression,0.97684115
G00012,2022-01-04 12:00:00+00:00,lstm_regression,1.5458623
G00012,2022-01-04 13:00:00+00:00,lstm_regression,0.80257654
G00012,2022-01-04 14:00:00+00:00,lstm_regression,0.5299681
G00012,2022-01-04 15:00:00+00:00,lstm_regression,0.36002892
G00012,2022-01-04 16:00:00+00:00,lstm_regression,0.44957614
G00012,2022-01-04 17:00:00+00:00,lstm_regression,0.5837164
G00012,2022-01-04 18:00:00+00:00,lstm_regression,0.37813368
G00012,2022-01-04 19:00:00+00:00,lstm_regression,0.35525733
G00012,2022-01-04 20:00:00+00:00,lstm_regression,0.48615116
G00012,2022-01-04 21:00:00+00:00,lstm_regression,0.5185974
G00012,2022-01-04 22:00:00+00:00,lstm_regression,0.72438985
G00012,2022-01-04 23:00:00+00:00,lstm_regression,0.6902328
G00012,2022-01-05 00:00:00+00:00,lstm_regression,0.73121434
G00012,2022-01-05 01:00:00+00:00,lstm_regression,0.9923983
G00012,2022-01-05 02:00:00+00:00,lstm_regression,0.3883308
G00012,2022-01-05 03:00:00+00:00,lstm_regression,0.0026051346
G00012,2022-01-05 04:00:00+00:00,lstm_regression,0.0
G00012,2022-01-05 05:00:00+00:00,lstm_regression,0.085489176
G00012,2022-01-05 06:00:00+00:00,lstm_regression,0.03792405
G00012,2022-01-05 09:00:00+00:00,lstm_regression,0.10760466
G00012,2022-01-05 11:00:00+00:00,lstm_regression,0.08339408
G00012,2022-01-05 12:00:00+00:00,lstm_regression,0.0
G00012,2022-01-05 14:00:00+00:00,lstm_regression,0.08532374
G00012,2022-01-05 15:00:00+00:00,lstm_regression,0.0
G00012,2022-01-05 16:00:00+00:00,lstm_regression,0.03725648
G00012,2022-01-05 17:00:00+00:00,lstm_regression,0.07987436
G00012,2022-01-05 18:00:00+00:00,lstm_regression,0.21012025
G00012,2022-01-05 20:00:00+00:00,lstm_regression,0.09182537
G00012,2022-01-05 21:00:00+00:00,lstm_regression,0.0
G00012,2022-01-05 22:00:00+00:00,lstm_regression,0.0
G00012,2022-01-05 23:00:00+00:00,lstm_regression,0.0
G00012,2022-01-06 00:00:00+00:00,lstm_regression,0.09156563
G00012,2022-01-06 01:00:00+00:00,lstm_regression,0.0
G00012,2022-01-06 02:00:00+00:00,lstm_regression,0.04436022
G00012,2022-01-06 03:00:00+00:00,lstm_regression,0.007187536
G00012,2022-01-06 04:00:00+00:00,lstm_regression,0.0
G00012,2022-01-06 05:00:00+00:00,lstm_regression,0.13057806
G00012,2022-01-06 06:00:00+00:00,lstm_regression,0.110654496
G00012,2022-01-06 08:00:00+00:00,lstm_regression,0.0
G00012,2022-01-06 09:00:00+00:00,lstm_regression,0.26445553
G00012,2022-01-06 10:00:00+00:00,lstm_regression,0.20277049
G00012,2022-01-06 11:00:00+00:00,lstm_regression,0.07031095
G00012,2022-01-06 12:00:00+00:00,lstm_regression,0.0964149
G00012,2022-01-06 13:00:00+00:00,lstm_regression,0.21186455
G00012,2022-01-06 14:00:00+00:00,lstm_regression,0.24582605
G00012,2022-01-06 15:00:00+00:00,lstm_regression,0.6220285
G00012,2022-01-06 16:00:00+00:00,lstm_regression,0.083112724
G00012,2022-01-06 17:00:00+00:00,lstm_regression,0.05195623
G00012,2022-01-06 18:00:00+00:00,lstm_regression,0.0
G00012,2022-01-06 19:00:00+00:00,lstm_regression,0.35392913
G00012,2022-01-06 20:00:00+00:00,lstm_regression,0.33281744
G00012,2022-01-06 21:00:00+00:00,lstm_regression,0.19739291
G00012,2022-01-06 22:00:00+00:00,lstm_regression,0.0
G00012,2022-01-06 23:00:00+00:00,lstm_regression,0.0
G00012,2022-01-07 00:00:00+00:00,lstm_regression,0.0
G00012,2022-01-07 01:00:00+00:00,lstm_regression,0.0035716202
G00012,2022-01-07 02:00:00+00:00,lstm_regression,0.18503226
G00012,2022-01-07 03:00:00+00:00,lstm_regression,0.09929622
G00012,2022-01-07 04:00:00+00:00,lstm_regression,0.18791158
G00012,2022-01-07 05:00:00+00:00,lstm_regression,0.44628608
G00012,2022-01-07 06:00:00+00:00,lstm_regression,0.7880592
G00012,2022-01-07 07:00:00+00:00,lstm_regression,0.9280475
G00012,2022-01-07 08:00:00+00:00,lstm_regression,1.0849048
G00012,2022-01-07 09:00:00+00:00,lstm_regression,1.1021174
G00012,2022-01-07 10:00:00+00:00,lstm_regression,0.20570485
G00012,2022-01-07 11:00:00+00:00,lstm_regression,0.42294446
G00012,2022-01-07 12:00:00+00:00,lstm_regression,0.0438404
G00012,2022-01-07 13:00:00+00:00,lstm_regression,0.0
G00012,2022-01-07 14:00:00+00:00,lstm_regression,0.0
G00012,2022-01-07 15:00:00+00:00,lstm_regression,0.0
G00012,2022-01-07 16:00:00+00:00,lstm_regression,0.0
G00012,2022-01-07 17:00:00+00:00,lstm_regression,0.20286705
G00012,2022-01-07 18:00:00+00:00,lstm_regression,0.03316787
G00012,2022-01-07 19:00:00+00:00,lstm_regression,0.11671416
G00012,2022-01-07 20:00:00+00:00,lstm_regression,0.14306183
G00012,2022-01-07 21:00:00+00:00,lstm_regression,0.12910482
G00012,2022-01-07 22:00:00+00:00,lstm_regression,0.21430701
G00012,2022-01-07 23:00:00+00:00,lstm_regression,0.24371971
G00012,2022-01-08 00:00:00+00:00,lstm_regression,0.39552718
G00012,2022-01-08 01:00:00+00:00,lstm_regression,0.34023824
G00012,2022-01-08 02:00:00+00:00,lstm_regression,0.397259
G00012,2022-01-08 03:00:00+00:00,lstm_regression,0.21263379
G00012,2022-01-08 04:00:00+00:00,lstm_regression,0.39944032
G00012,2022-01-08 05:00:00+00:00,lstm_regression,0.2069081
G00012,2022-01-08 06:00:00+00:00,lstm_regression,0.037247233
G00012,2022-01-08 07:00:00+00:00,lstm_regression,0.1289139
G00012,2022-01-08 08:00:00+00:00,lstm_regression,0.0
G00012,2022-01-08 09:00:00+00:00,lstm_regression,0.0
G00012,2022-01-08 10:00:00+00:00,lstm_regression,0.0
G00012,2022-01-08 11:00:00+00:00,lstm_regression,0.0
G00012,2022-01-08 12:00:00+00:00,lstm_regression,0.0
G00012,2022-01-08 13:00:00+00:00,lstm_regression,0.0056288093
G00012,2022-01-08 14:00:00+00:00,lstm_regression,0.0
G00012,2022-01-08 15:00:00+00:00,lstm_regression,0.0
G00012,2022-01-08 16:00:00+00:00,lstm_regression,0.0
G00012,2022-01-08 17:00:00+00:00,lstm_regression,0.0
G00012,2022-01-08 18:00:00+00:00,lstm_regression,0.0
G00012,2022-01-08 19:00:00+00:00,lstm_regression,0.0
G00012,2022-01-08 20:00:00+00:00,lstm_regression,0.0
G00012,2022-01-08 21:00:00+00:00,lstm_regression,0.032043315
G00012,2022-01-08 22:00:00+00:00,lstm_regression,0.0
G00012,2022-01-08 23:00:00+00:00,lstm_regression,0.0
G00012,2022-01-09 00:00:00+00:00,lstm_regression,0.0
G00012,2022-01-09 01:00:00+00:00,lstm_regression,0.0
G00012,2022-01-09 02:00:00+00:00,lstm_regression,0.08890987
G00012,2022-01-09 03:00:00+00:00,lstm_regression,0.33052135
G00012,2022-01-09 04:00:00+00:00,lstm_regression,0.42885458
G00012,2022-01-09 05:00:00+00:00,lstm_regression,0.49486655
G00012,2022-01-09 06:00:00+00:00,lstm_regression,0.54912174
G00012,2022-01-09 07:00:00+00:00,lstm_regression,0.691921
G00012,2022-01-09 08:00:00+00:00,lstm_regression,0.61894894
G00012,2022-01-09 09:00:00+00:00,lstm_regression,0.36853027
G00012,2022-01-09 10:00:00+00:00,lstm_regression,0.0
G00012,2022-01-09 11:00:00+00:00,lstm_regression,0.0
G00012,2022-01-09 12:00:00+00:00,lstm_regression,0.0
G00012,2022-01-09 13:00:00+00:00,lstm_regression,0.08123482
G00012,2022-01-09 14:00:00+00:00,lstm_regression,0.10673934
G00012,2022-01-09 15:00:00+00:00,lstm_regression,0.0344441
G00012,2022-01-09 16:00:00+00:00,lstm_regression,0.07442886
G00012,2022-01-09 17:00:00+00:00,lstm_regression,0.2073225
G00012,2022-01-09 18:00:00+00:00,lstm_regression,0.28910074
G00012,2022-01-09 19:00:00+00:00,lstm_regression,0.6714142
G00012,2022-01-09 20:00:00+00:00,lstm_regression,0.8526055
G00012,2022-01-09 21:00:00+00:00,lstm_regression,0.956006
G00012,2022-01-09 22:00:00+00:00,lstm_regression,0.952149
G00012,2022-01-09 23:00:00+00:00,lstm_regression,1.0171759
G00012,2022-01-10 00:00:00+00:00,lstm_regression,0.66104513
G00012,2022-01-10 01:00:00+00:00,lstm_regression,0.49131495
G00012,2022-01-10 02:00:00+00:00,lstm_regression,0.22385523
G00012,2022-01-10 03:00:00+00:00,lstm_regression,0.41163886
G00012,2022-01-10 04:00:00+00:00,lstm_regression,0.6375146
G00012,2022-01-10 05:00:00+00:00,lstm_regression,0.31710446
G00012,2022-01-10 06:00:00+00:00,lstm_regression,0.2565586
G00012,2022-01-10 07:00:00+00:00,lstm_regression,0.28710896
G00012,2022-01-10 08:00:00+00:00,lstm_regression,0.29828823
G00012,2022-01-10 09:00:00+00:00,lstm_regression,0.38915107
G00012,2022-01-10 10:00:00+00:00,lstm_regression,0.683028
G00012,2022-01-10 11:00:00+00:00,lstm_regression,0.28575078
G00012,2022-01-10 12:00:00+00:00,lstm_regression,1.0355961
G00012,2022-01-10 13:00:00+00:00,lstm_regression,0.45050877
G00012,2022-01-10 14:00:00+00:00,lstm_regression,0.40175247
G00012,2022-01-10 15:00:00+00:00,lstm_regression,0.40527147
G00012,2022-01-10 16:00:00+00:00,lstm_regression,0.27749664
G00012,2022-01-10 19:00:00+00:00,lstm_regression,0.15700144
G00012,2022-01-10 21:00:00+00:00,lstm_regression,0.087287225
G00012,2022-01-10 22:00:00+00:00,lstm_regression,0.0
G00012,2022-01-11 00:00:00+00:00,lstm_regression,0.058896482
G00012,2022-01-11 01:00:00+00:00,lstm_regression,0.113431774
G00012,2022-01-11 02:00:00+00:00,lstm_regression,0.2459823
G00012,2022-01-11 03:00:00+00:00,lstm_regression,0.25261912
G00012,2022-01-11 04:00:00+00:00,lstm_regression,0.16698937
G00012,2022-01-11 06:00:00+00:00,lstm_regression,0.47667313
G00012,2022-01-11 07:00:00+00:00,lstm_regression,0.696719
G00012,2022-01-11 08:00:00+00:00,lstm_regression,0.6816871
G00012,2022-01-11 09:00:00+00:00,lstm_regression,1.1310524
G00012,2022-01-11 10:00:00+00:00,lstm_regression,0.98215383
G00012,2022-01-11 11:00:00+00:00,lstm_regression,0.82687503
G00012,2022-01-11 12:00:00+00:00,lstm_regression,1.5007244
G00012,2022-01-11 13:00:00+00:00,lstm_regression,0.36338082
G00012,2022-01-11 14:00:00+00:00,lstm_regression,0.082805716
G00012,2022-01-11 15:00:00+00:00,lstm_regression,0.0
G00012,2022-01-11 16:00:00+00:00,lstm_regression,0.011550134
G00012,2022-01-11 18:00:00+00:00,lstm_regression,0.058204316
G00012,2022-01-11 19:00:00+00:00,lstm_regression,0.10002839
G00012,2022-01-11 20:00:00+00:00,lstm_regression,0.28632158
G00012,2022-01-11 21:00:00+00:00,lstm_regression,0.33405396
G00012,2022-01-11 22:00:00+00:00,lstm_regression,0.53344494
G00012,2022-01-11 23:00:00+00:00,lstm_regression,0.8930554
G00012,2022-01-12 00:00:00+00:00,lstm_regression,1.075204
G00012,2022-01-12 01:00:00+00:00,lstm_regression,1.125248
G00012,2022-01-12 02:00:00+00:00,lstm_regression,1.1111976
G00012,2022-01-12 03:00:00+00:00,lstm_regression,1.387171
G00012,2022-01-12 04:00:00+00:00,lstm_regression,0.6631457
G00012,2022-01-12 05:00:00+00:00,lstm_regression,0.22542094
G00012,2022-01-12 06:00:00+00:00,lstm_regression,0.022779783
G00012,2022-01-12 07:00:00+00:00,lstm_regression,0.4005423
G00012,2022-01-12 08:00:00+00:00,lstm_regression,0.3718359
G00012,2022-01-12 09:00:00+00:00,lstm_regression,0.54968935
G00012,2022-01-12 10:00:00+00:00,lstm_regression,0.87949485
G00012,2022-01-12 11:00:00+00:00,lstm_regression,0.6033116
G00012,2022-01-12 12:00:00+00:00,lstm_regression,0.5931345
G00012,2022-01-12 13:00:00+00:00,lstm_regression,1.0962029
G00012,2022-01-12 14:00:00+00:00,lstm_regression,1.1413579
G00012,2022-01-12 15:00:00+00:00,lstm_regression,1.1645181
G00012,2022-01-12 16:00:00+00:00,lstm_regression,0.9654882
G00012,2022-01-12 17:00:00+00:00,lstm_regression,0.931608
G00012,2022-01-12 20:00:00+00:00,lstm_regression,0.8970073
G00012,2022-01-12 22:00:00+00:00,lstm_regression,0.98099214
G00012,2022-01-12 23:00:00+00:00,lstm_regression,0.30958968
G00012,2022-01-13 01:00:00+00:00,lstm_regression,0.38373917
G00012,2022-01-13 02:00:00+00:00,lstm_regression,0.3703251
G00012,2022-01-13 03:00:00+00:00,lstm_regression,0.30209625
G00012,2022-01-13 04:00:00+00:00,lstm_regression,0.45392978
G00012,2022-01-13 05:00:00+00:00,lstm_regression,0.22009435
G00012,2022-01-13 07:00:00+00:00,lstm_regression,0.092354044
G00012,2022-01-13 08:00:00+00:00,lstm_regression,0.116204046
G00012,2022-01-13 09:00:00+00:00,lstm_regression,0.32967955
G00012,2022-01-13 10:00:00+00:00,lstm_regression,0.7691897
G00012,2022-01-13 11:00:00+00:00,lstm_regression,0.39320916
G00012,2022-01-13 12:00:00+00:00,lstm_regression,0.21016629
G00012,2022-01-13 13:00:00+00:00,lstm_regression,0.083616376
G00012,2022-01-13 14:00:00+00:00,lstm_regression,0.5330572
G00012,2022-01-13 15:00:00+00:00,lstm_regression,0.18700133
G00012,2022-01-13 16:00:00+00:00,lstm_regression,0.0663014
G00012,2022-01-13 17:00:00+00:00,lstm_regression,0.0328859
G00012,2022-01-13 19:00:00+00:00,lstm_regression,0.0
G00012,2022-01-13 20:00:00+00:00,lstm_regression,0.0025954004
G00012,2022-01-13 21:00:00+00:00,lstm_regression,0.1823086
G00012,2022-01-13 22:00:00+00:00,lstm_regression,0.32297355
G00012,2022-01-13 23:00:00+00:00,lstm_regression,0.268843
G00012,2022-01-14 00:00:00+00:00,lstm_regression,0.4127051
G00012,2022-01-14 01:00:00+00:00,lstm_regression,0.3230541
G00012,2022-01-14 02:00:00+00:00,lstm_regression,0.22347693
G00012,2022-01-14 03:00:00+00:00,lstm_regression,0.031016594
G00012,2022-01-14 04:00:00+00:00,lstm_regression,0.09237349
G00012,2022-01-14 05:00:00+00:00,lstm_regression,0.052318193
G00012,2022-01-14 06:00:00+00:00,lstm_regression,0.0
G00012,2022-01-14 07:00:00+00:00,lstm_regression,0.13381408
G00012,2022-01-14 08:00:00+00:00,lstm_regression,0.09996752
G00012,2022-01-14 09:00:00+00:00,lstm_regression,0.28492934
G00012,2022-01-14 10:00:00+00:00,lstm_regression,0.48526186
G00012,2022-01-14 11:00:00+00:00,lstm_regression,0.48147976
G00012,2022-01-14 12:00:00+00:00,lstm_regression,0.57357043
G00012,2022-01-14 13:00:00+00:00,lstm_regression,0.49018478
G00012,2022-01-14 14:00:00+00:00,lstm_regression,0.31881395
G00012,2022-01-14 15:00:00+00:00,lstm_regression,0.48534822
G00012,2022-01-14 16:00:00+00:00,lstm_regression,0.5452903
G00012,2022-01-14 17:00:00+00:00,lstm_regression,0.57144
G00012,2022-01-14 18:00:00+00:00,lstm_regression,0.7717843
G00012,2022-01-14 19:00:00+00:00,lstm_regression,0.60023916
G00012,2022-01-14 20:00:00+00:00,lstm_regression,0.46434182
G00012,2022-01-14 21:00:00+00:00,lstm_regression,0.206569
G00012,2022-01-14 22:00:00+00:00,lstm_regression,0.21743818
G00012,2022-01-14 23:00:00+00:00,lstm_regression,0.348596
G00012,2022-01-15 00:00:00+00:00,lstm_regression,0.3370131
G00012,2022-01-15 01:00:00+00:00,lstm_regression,0.6057444
G00012,2022-01-15 02:00:00+00:00,lstm_regression,0.40458065
G00012,2022-01-15 03:00:00+00:00,lstm_regression,0.2531735
G00012,2022-01-15 04:00:00+00:00,lstm_regression,0.39215642
G00012,2022-01-15 05:00:00+00:00,lstm_regression,0.4094225
G00012,2022-01-15 06:00:00+00:00,lstm_regression,0.44319466
G00012,2022-01-15 07:00:00+00:00,lstm_regression,0.46878368
G00012,2022-01-15 08:00:00+00:00,lstm_regression,0.6135331
G00012,2022-01-15 09:00:00+00:00,lstm_regression,0.47244993
G00012,2022-01-15 10:00:00+00:00,lstm_regression,0.0
G00012,2022-01-15 11:00:00+00:00,lstm_regression,0.31141657
G00012,2022-01-15 12:00:00+00:00,lstm_regression,0.38204134
G00012,2022-01-15 13:00:00+00:00,lstm_regression,0.57041943
G00012,2022-01-15 14:00:00+00:00,lstm_regression,0.46614322
G00012,2022-01-15 15:00:00+00:00,lstm_regression,0.30956206
G00012,2022-01-15 16:00:00+00:00,lstm_regression,0.30013317
G00012,2022-01-15 17:00:00+00:00,lstm_regression,0.41881925
G00012,2022-01-15 18:00:00+00:00,lstm_regression,0.3961214
G00012,2022-01-15 19:00:00+00:00,lstm_regression,0.4938329
G00012,2022-01-15 20:00:00+00:00,lstm_regression,0.37364092
G00012,2022-01-15 21:00:00+00:00,lstm_regression,0.26388747
G00012,2022-01-15 22:00:00+00:00,lstm_regression,0.24166517
G00012,2022-01-15 23:00:00+00:00,lstm_regression,0.32776815
G00012,2022-01-16 00:00:00+00:00,lstm_regression,0.22350073
G00012,2022-01-16 01:00:00+00:00,lstm_regression,0.19913597
G00012,2022-01-16 02:00:00+00:00,lstm_regression,0.1305226
G00012,2022-01-16 03:00:00+00:00,lstm_regression,0.0
G00012,2022-01-16 04:00:00+00:00,lstm_regression,0.06297483
G00012,2022-01-16 05:00:00+00:00,lstm_regression,0.11607035
G00012,2022-01-16 06:00:00+00:00,lstm_regression,0.27450538
G00012,2022-01-16 07:00:00+00:00,lstm_regression,0.10915085
G00012,2022-01-16 08:00:00+00:00,lstm_regression,0.22176509
G00012,2022-01-16 09:00:00+00:00,lstm_regression,0.17006455
G00012,2022-01-16 10:00:00+00:00,lstm_regression,0.3236234
G00012,2022-01-16 11:00:00+00:00,lstm_regression,0.49831837
G00012,2022-01-16 12:00:00+00:00,lstm_regression,0.43340725
G00012,2022-01-16 13:00:00+00:00,lstm_regression,0.55803746
G00012,2022-01-16 14:00:00+00:00,lstm_regression,0.45459747
G00012,2022-01-16 15:00:00+00:00,lstm_regression,0.4359341
G00012,2022-01-16 16:00:00+00:00,lstm_regression,0.17009926
G00012,2022-01-16 17:00:00+00:00,lstm_regression,0.29762864
G00012,2022-01-16 18:00:00+00:00,lstm_regression,0.11937638
G00012,2022-01-16 19:00:00+00:00,lstm_regression,0.0
G00012,2022-01-16 20:00:00+00:00,lstm_regression,0.0
G00012,2022-01-16 21:00:00+00:00,lstm_regression,0.0
G00012,2022-01-16 22:00:00+00:00,lstm_regression,0.0
G00012,2022-01-16 23:00:00+00:00,lstm_regression,0.0
G00012,2022-01-17 00:00:00+00:00,lstm_regression,0.0
G00012,2022-01-17 01:00:00+00:00,lstm_regression,0.0
G00012,2022-01-17 02:00:00+00:00,lstm_regression,0.0
G00012,2022-01-17 03:00:00+00:00,lstm_regression,0.0
G00012,2022-01-17 04:00:00+00:00,lstm_regression,0.0
G00012,2022-01-17 05:00:00+00:00,lstm_regression,0.0
G00012,2022-01-17 06:00:00+00:00,lstm_regression,0.0689721
G00012,2022-01-17 07:00:00+00:00,lstm_regression,0.11658003
G00012,2022-01-17 08:00:00+00:00,lstm_regression,0.016803822
G00012,2022-01-17 09:00:00+00:00,lstm_regression,0.114104085
G00012,2022-01-17 10:00:00+00:00,lstm_regression,0.19237293
G00012,2022-01-17 11:00:00+00:00,lstm_regression,0.124802805
G00012,2022-01-17 12:00:00+00:00,lstm_regression,0.0
G00012,2022-01-17 13:00:00+00:00,lstm_regression,0.33474478
G00012,2022-01-17 14:00:00+00:00,lstm_regression,0.30082792
G00012,2022-01-17 15:00:00+00:00,lstm_regression,0.36206156
G00012,2022-01-17 16:00:00+00:00,lstm_regression,0.10292136
G00012,2022-01-17 17:00:00+00:00,lstm_regression,0.2643492
G00012,2022-01-17 18:00:00+00:00,lstm_regression,0.0
G00012,2022-01-17 19:00:00+00:00,lstm_regression,0.0
G00012,2022-01-17 20:00:00+00:00,lstm_regression,0.0
G00012,2022-01-17 21:00:00+00:00,lstm_regression,0.0
G00012,2022-01-17 22:00:00+00:00,lstm_regression,0.12998419
G00012,2022-01-17 23:00:00+00:00,lstm_regression,0.35470796
G00012,2022-01-18 00:00:00+00:00,lstm_regression,0.5790167
G00012,2022-01-18 01:00:00+00:00,lstm_regression,0.111348055
G00012,2022-01-18 02:00:00+00:00,lstm_regression,0.020325867
G00012,2022-01-18 03:00:00+00:00,lstm_regression,0.22688243
G00012,2022-01-18 04:00:00+00:00,lstm_regression,0.1305574
G00012,2022-01-18 05:00:00+00:00,lstm_regression,0.16792218
G00012,2022-01-18 06:00:00+00:00,lstm_regression,0.16742451
G00012,2022-01-18 07:00:00+00:00,lstm_regression,0.1120364
G00012,2022-01-18 08:00:00+00:00,lstm_regression,0.13771105
G00012,2022-01-18 09:00:00+00:00,lstm_regression,0.38731372
G00012,2022-01-18 10:00:00+00:00,lstm_regression,0.4220907
G00012,2022-01-18 11:00:00+00:00,lstm_regression,0.6528308
G00012,2022-01-18 12:00:00+00:00,lstm_regression,0.7960013
G00012,2022-01-18 13:00:00+00:00,lstm_regression,0.80560523
G00012,2022-01-18 14:00:00+00:00,lstm_regression,0.8239462
G00012,2022-01-18 15:00:00+00:00,lstm_regression,0.9591942
G00012,2022-01-18 16:00:00+00:00,lstm_regression,1.0911489
G00012,2022-01-18 17:00:00+00:00,lstm_regression,1.3326398
G00012,2022-01-18 18:00:00+00:00,lstm_regression,1.3447748
G00012,2022-01-18 19:00:00+00:00,lstm_regression,1.5391712
G00012,2022-01-18 20:00:00+00:00,lstm_regression,1.3172054
G00012,2022-01-18 21:00:00+00:00,lstm_regression,1.2871035
G00012,2022-01-18 22:00:00+00:00,lstm_regression,1.434828
G00012,2022-01-18 23:00:00+00:00,lstm_regression,1.6011232
G00012,2022-01-19 00:00:00+00:00,lstm_regression,1.5188615
G00012,2022-01-19 01:00:00+00:00,lstm_regression,1.6456035
G00012,2022-01-19 02:00:00+00:00,lstm_regression,1.3547522
G00012,2022-01-19 03:00:00+00:00,lstm_regression,1.4702917
G00012,2022-01-19 04:00:00+00:00,lstm_regression,1.4298182
G00012,2022-01-19 05:00:00+00:00,lstm_regression,0.96313375
G00012,2022-01-19 06:00:00+00:00,lstm_regression,0.6128573
G00012,2022-01-19 07:00:00+00:00,lstm_regression,0.077348165
G00012,2022-01-19 08:00:00+00:00,lstm_regression,0.7122422
G00012,2022-01-19 09:00:00+00:00,lstm_regression,0.72961193
G00012,2022-01-19 10:00:00+00:00,lstm_regression,0.6325564
G00012,2022-01-19 11:00:00+00:00,lstm_regression,0.50505954
G00012,2022-01-19 12:00:00+00:00,lstm_regression,0.6660847
G00012,2022-01-19 13:00:00+00:00,lstm_regression,0.5342203
G00012,2022-01-19 14:00:00+00:00,lstm_regression,0.6137953
G00012,2022-01-19 15:00:00+00:00,lstm_regression,0.33720118
G00012,2022-01-19 16:00:00+00:00,lstm_regression,0.1036076
G00012,2022-01-19 17:00:00+00:00,lstm_regression,0.0
G00012,2022-01-19 18:00:00+00:00,lstm_regression,0.0
G00012,2022-01-19 19:00:00+00:00,lstm_regression,0.12096294
G00012,2022-01-19 20:00:00+00:00,lstm_regression,0.07527273
G00012,2022-01-19 21:00:00+00:00,lstm_regression,0.04493749
G00012,2022-01-19 22:00:00+00:00,lstm_regression,0.17676342
G00012,2022-01-19 23:00:00+00:00,lstm_regression,0.18430571
G00012,2022-01-20 00:00:00+00:00,lstm_regression,0.39743644
G00012,2022-01-20 01:00:00+00:00,lstm_regression,0.34388396
G00012,2022-01-20 02:00:00+00:00,lstm_regression,0.2494633
G00012,2022-01-20 03:00:00+00:00,lstm_regression,0.3157728
G00012,2022-01-20 04:00:00+00:00,lstm_regression,0.45685917
G00012,2022-01-20 05:00:00+00:00,lstm_regression,0.4743847
G00012,2022-01-20 06:00:00+00:00,lstm_regression,0.56032056
G00012,2022-01-20 07:00:00+00:00,lstm_regression,0.7492683
G00012,2022-01-20 08:00:00+00:00,lstm_regression,0.69880354
G00012,2022-01-20 09:00:00+00:00,lstm_regression,0.7037176
G00012,2022-01-20 10:00:00+00:00,lstm_regression,0.70290357
G00012,2022-01-20 11:00:00+00:00,lstm_regression,0.8981166
G00012,2022-01-20 12:00:00+00:00,lstm_regression,0.9092948
G00012,2022-01-20 13:00:00+00:00,lstm_regression,0.9374434
G00012,2022-01-20 14:00:00+00:00,lstm_regression,0.73215425
G00012,2022-01-20 15:00:00+00:00,lstm_regression,0.590942
G00012,2022-01-20 16:00:00+00:00,lstm_regression,0.30487433
G00012,2022-01-20 17:00:00+00:00,lstm_regression,0.26677257
G00012,2022-01-20 18:00:00+00:00,lstm_regression,0.20432873
G00012,2022-01-20 19:00:00+00:00,lstm_regression,0.17450958
G00012,2022-01-20 20:00:00+00:00,lstm_regression,0.22101428
G00012,2022-01-20 21:00:00+00:00,lstm_regression,0.0
G00012,2022-01-20 22:00:00+00:00,lstm_regression,0.0
G00012,2022-01-20 23:00:00+00:00,lstm_regression,0.0
G00012,2022-01-21 00:00:00+00:00,lstm_regression,0.0
G00012,2022-01-21 01:00:00+00:00,lstm_regression,0.0
G00012,2022-01-21 02:00:00+00:00,lstm_regression,0.0
G00012,2022-01-21 03:00:00+00:00,lstm_regression,0.0
G00012,2022-01-21 04:00:00+00:00,lstm_regression,0.0
G00012,2022-01-21 05:00:00+00:00,lstm_regression,0.0
G00012,2022-01-21 06:00:00+00:00,lstm_regression,0.28458756
G00012,2022-01-21 07:00:00+00:00,lstm_regression,0.45281306
G00012,2022-01-21 08:00:00+00:00,lstm_regression,0.46612817
G00012,2022-01-21 09:00:00+00:00,lstm_regression,0.38194633
G00012,2022-01-21 10:00:00+00:00,lstm_regression,0.6913167
G00012,2022-01-21 11:00:00+00:00,lstm_regression,0.5185769
G00012,2022-01-21 12:00:00+00:00,lstm_regression,0.28335533
G00012,2022-01-21 13:00:00+00:00,lstm_regression,0.4023971
G00012,2022-01-21 14:00:00+00:00,lstm_regression,0.2793953
G00012,2022-01-21 15:00:00+00:00,lstm_regression,0.4103294
G00012,2022-01-21 16:00:00+00:00,lstm_regression,0.0
G00012,2022-01-21 17:00:00+00:00,lstm_regression,0.0
G00012,2022-01-21 18:00:00+00:00,lstm_regression,0.0
G00012,2022-01-21 19:00:00+00:00,lstm_regression,0.07230502
G00013,2022-01-02 00:00:00+00:00,lstm_regression,0.13097577
G00013,2022-01-02 01:00:00+00:00,lstm_regression,0.21669087
G00013,2022-01-02 02:00:00+00:00,lstm_regression,0.20390658
G00013,2022-01-02 03:00:00+00:00,lstm_regression,0.12315095
G00013,2022-01-02 04:00:00+00:00,lstm_regression,0.18715005
G00013,2022-01-02 05:00:00+00:00,lstm_regression,0.2065527
G00013,2022-01-02 06:00:00+00:00,lstm_regression,0.15393113
G00013,2022-01-02 07:00:00+00:00,lstm_regression,0.1294292
G00013,2022-01-02 08:00:00+00:00,lstm_regression,0.4377358
G00013,2022-01-02 09:00:00+00:00,lstm_regression,0.4534921
G00013,2022-01-02 10:00:00+00:00,lstm_regression,0.69513196
G00013,2022-01-02 11:00:00+00:00,lstm_regression,0.99716705
G00013,2022-01-02 12:00:00+00:00,lstm_regression,0.5118968
G00013,2022-01-02 13:00:00+00:00,lstm_regression,0.3404268
G00013,2022-01-02 14:00:00+00:00,lstm_regression,0.27816653
G00013,2022-01-02 15:00:00+00:00,lstm_regression,0.17611279
G00013,2022-01-02 16:00:00+00:00,lstm_regression,0.23462813
G00013,2022-01-02 17:00:00+00:00,lstm_regression,0.64472175
G00013,2022-01-02 18:00:00+00:00,lstm_regression,0.4701237
G00013,2022-01-02 19:00:00+00:00,lstm_regression,0.40300292
G00013,2022-01-02 20:00:00+00:00,lstm_regression,0.1890568
G00013,2022-01-02 21:00:00+00:00,lstm_regression,0.391148
G00013,2022-01-02 22:00:00+00:00,lstm_regression,0.0
G00013,2022-01-02 23:00:00+00:00,lstm_regression,0.0
G00013,2022-01-03 00:00:00+00:00,lstm_regression,0.042881466
G00013,2022-01-03 01:00:00+00:00,lstm_regression,0.0
G00013,2022-01-03 02:00:00+00:00,lstm_regression,0.0
G00013,2022-01-03 03:00:00+00:00,lstm_regression,0.0
G00013,2022-01-03 04:00:00+00:00,lstm_regression,0.0
G00013,2022-01-03 05:00:00+00:00,lstm_regression,0.0
G00013,2022-01-03 06:00:00+00:00,lstm_regression,0.0
G00013,2022-01-03 07:00:00+00:00,lstm_regression,0.23427905
G00013,2022-01-03 08:00:00+00:00,lstm_regression,0.17760718
G00013,2022-01-03 09:00:00+00:00,lstm_regression,0.44791028
G00013,2022-01-03 10:00:00+00:00,lstm_regression,0.68389815
G00013,2022-01-03 11:00:00+00:00,lstm_regression,0.36200985
G00013,2022-01-03 12:00:00+00:00,lstm_regression,0.5344256
G00013,2022-01-03 13:00:00+00:00,lstm_regression,0.82518965
G00013,2022-01-03 14:00:00+00:00,lstm_regression,0.80731124
G00013,2022-01-03 15:00:00+00:00,lstm_regression,1.1793606
G00013,2022-01-03 16:00:00+00:00,lstm_regression,0.34179676
G00013,2022-01-03 17:00:00+00:00,lstm_regression,0.14530969
G00013,2022-01-03 18:00:00+00:00,lstm_regression,0.17626244
G00013,2022-01-03 19:00:00+00:00,lstm_regression,0.45617902
G00013,2022-01-03 20:00:00+00:00,lstm_regression,0.57619613
G00013,2022-01-03 21:00:00+00:00,lstm_regression,0.86127824
G00013,2022-01-03 22:00:00+00:00,lstm_regression,0.46768945
G00013,2022-01-03 23:00:00+00:00,lstm_regression,0.36257547
G00013,2022-01-04 00:00:00+00:00,lstm_regression,0.40319642
G00013,2022-01-04 01:00:00+00:00,lstm_regression,0.5748442
G00013,2022-01-04 02:00:00+00:00,lstm_regression,0.60204405
G00013,2022-01-04 03:00:00+00:00,lstm_regression,0.7458285
G00013,2022-01-04 04:00:00+00:00,lstm_regression,1.0266783
G00013,2022-01-04 05:00:00+00:00,lstm_regression,0.6132161
G00013,2022-01-04 06:00:00+00:00,lstm_regression,0.6543341
G00013,2022-01-04 07:00:00+00:00,lstm_regression,0.7422146
G00013,2022-01-04 08:00:00+00:00,lstm_regression,1.1280713
G00013,2022-01-04 09:00:00+00:00,lstm_regression,1.070646
G00013,2022-01-04 10:00:00+00:00,lstm_regression,1.6785103
G00013,2022-01-04 11:00:00+00:00,lstm_regression,1.0732225
G00013,2022-01-04 12:00:00+00:00,lstm_regression,0.9278934
G00013,2022-01-04 13:00:00+00:00,lstm_regression,1.0033665
G00013,2022-01-04 14:00:00+00:00,lstm_regression,1.1804993
G00013,2022-01-04 15:00:00+00:00,lstm_regression,1.5926495
G00013,2022-01-04 16:00:00+00:00,lstm_regression,1.1364896
G00013,2022-01-04 17:00:00+00:00,lstm_regression,0.9807776
G00013,2022-01-04 18:00:00+00:00,lstm_regression,0.17913973
G00013,2022-01-04 19:00:00+00:00,lstm_regression,0.08677024
G00013,2022-01-04 20:00:00+00:00,lstm_regression,0.09660116
G00013,2022-01-04 21:00:00+00:00,lstm_regression,0.19407849
G00013,2022-01-04 22:00:00+00:00,lstm_regression,0.11966332
G00013,2022-01-04 23:00:00+00:00,lstm_regression,0.015022872
G00013,2022-01-05 00:00:00+00:00,lstm_regression,0.103154
G00013,2022-01-05 01:00:00+00:00,lstm_regression,0.0
G00013,2022-01-05 02:00:00+00:00,lstm_regression,0.0
G00013,2022-01-05 03:00:00+00:00,lstm_regression,0.0
G00013,2022-01-05 04:00:00+00:00,lstm_regression,0.12834813
G00013,2022-01-05 05:00:00+00:00,lstm_regression,0.14789237
G00013,2022-01-05 06:00:00+00:00,lstm_regression,0.25562525
G00013,2022-01-05 07:00:00+00:00,lstm_regression,0.13370894
G00013,2022-01-05 08:00:00+00:00,lstm_regression,0.28769398
G00013,2022-01-05 09:00:00+00:00,lstm_regression,0.15385157
G00013,2022-01-05 10:00:00+00:00,lstm_regression,0.090775125
G00013,2022-01-05 11:00:00+00:00,lstm_regression,0.064363316
G00013,2022-01-05 12:00:00+00:00,lstm_regression,0.079179235
G00013,2022-01-05 13:00:00+00:00,lstm_regression,0.040173247
G00013,2022-01-05 14:00:00+00:00,lstm_regression,0.2866757
G00013,2022-01-05 15:00:00+00:00,lstm_regression,0.50709885
G00013,2022-01-05 16:00:00+00:00,lstm_regression,0.8874764
G00013,2022-01-05 17:00:00+00:00,lstm_regression,0.8921447
G00013,2022-01-05 18:00:00+00:00,lstm_regression,0.89259404
G00013,2022-01-05 19:00:00+00:00,lstm_regression,1.2252946
G00013,2022-01-05 20:00:00+00:00,lstm_regression,0.86272097
G00013,2022-01-05 21:00:00+00:00,lstm_regression,0.19814003
G00013,2022-01-05 22:00:00+00:00,lstm_regression,0.024833573
G00013,2022-01-05 23:00:00+00:00,lstm_regression,0.071025126
G00013,2022-01-06 00:00:00+00:00,lstm_regression,0.2078339
G00013,2022-01-06 01:00:00+00:00,lstm_regression,0.3824079
G00013,2022-01-06 02:00:00+00:00,lstm_regression,0.22217856
G00013,2022-01-06 03:00:00+00:00,lstm_regression,0.29495192
G00013,2022-01-06 04:00:00+00:00,lstm_regression,0.19801153
G00013,2022-01-06 05:00:00+00:00,lstm_regression,0.09920698
G00013,2022-01-06 06:00:00+00:00,lstm_regression,0.45063463
G00013,2022-01-06 07:00:00+00:00,lstm_regression,0.32370755
G00013,2022-01-06 08:00:00+00:00,lstm_regression,0.22083317
G00013,2022-01-06 09:00:00+00:00,lstm_regression,0.2647349
G00013,2022-01-06 10:00:00+00:00,lstm_regression,0.23662056
G00013,2022-01-06 11:00:00+00:00,lstm_regression,0.8189122
G00013,2022-01-06 12:00:00+00:00,lstm_regression,0.62183553
G00013,2022-01-06 13:00:00+00:00,lstm_regression,0.47395518
G00013,2022-01-06 14:00:00+00:00,lstm_regression,0.91741234
G00013,2022-01-06 15:00:00+00:00,lstm_regression,0.80496186
G00013,2022-01-06 16:00:00+00:00,lstm_regression,0.43820888
G00013,2022-01-06 17:00:00+00:00,lstm_regression,0.0029847827
G00013,2022-01-06 18:00:00+00:00,lstm_regression,0.03188221
G00013,2022-01-06 19:00:00+00:00,lstm_regression,0.0
G00013,2022-01-06 20:00:00+00:00,lstm_regression,0.0
G00013,2022-01-06 21:00:00+00:00,lstm_regression,0.0
G00013,2022-01-06 22:00:00+00:00,lstm_regression,0.090493895
G00013,2022-01-06 23:00:00+00:00,lstm_regression,0.077698566
G00013,2022-01-07 00:00:00+00:00,lstm_regression,0.056133807
G00013,2022-01-07 01:00:00+00:00,lstm_regression,0.0
G00013,2022-01-07 02:00:00+00:00,lstm_regression,0.11691182
G00013,2022-01-07 03:00:00+00:00,lstm_regression,0.15548891
G00013,2022-01-07 04:00:00+00:00,lstm_regression,0.051732846
G00013,2022-01-07 05:00:00+00:00,lstm_regression,0.0
G00013,2022-01-07 06:00:00+00:00,lstm_regression,0.034719273
G00013,2022-01-07 07:00:00+00:00,lstm_regression,0.0
G00013,2022-01-07 08:00:00+00:00,lstm_regression,0.3738028
G00013,2022-01-07 09:00:00+00:00,lstm_regression,0.757394
G00013,2022-01-07 10:00:00+00:00,lstm_regression,0.6093605
G00013,2022-01-07 11:00:00+00:00,lstm_regression,0.6603413
G00013,2022-01-07 12:00:00+00:00,lstm_regression,0.7026541
G00013,2022-01-07 13:00:00+00:00,lstm_regression,0.5464447
G00013,2022-01-07 14:00:00+00:00,lstm_regression,0.5846993
G00013,2022-01-07 15:00:00+00:00,lstm_regression,0.8509821
G00013,2022-01-07 16:00:00+00:00,lstm_regression,0.56972104
G00013,2022-01-07 17:00:00+00:00,lstm_regression,0.017839143
G00013,2022-01-07 18:00:00+00:00,lstm_regression,0.0
G00013,2022-01-07 19:00:00+00:00,lstm_regression,0.076405756
G00013,2022-01-07 20:00:00+00:00,lstm_regression,0.24301879
G00013,2022-01-07 21:00:00+00:00,lstm_regression,0.34960324
G00013,2022-01-07 22:00:00+00:00,lstm_regression,0.21010162
G00013,2022-01-07 23:00:00+00:00,lstm_regression,0.22771883
G00013,2022-01-08 00:00:00+00:00,lstm_regression,0.5511482
G00013,2022-01-08 01:00:00+00:00,lstm_regression,0.6836029
G00013,2022-01-08 02:00:00+00:00,lstm_regression,0.2047799
G00013,2022-01-08 03:00:00+00:00,lstm_regression,0.0
G00013,2022-01-08 04:00:00+00:00,lstm_regression,0.0
G00013,2022-01-08 05:00:00+00:00,lstm_regression,0.15032108
G00013,2022-01-08 06:00:00+00:00,lstm_regression,0.3477929
G00013,2022-01-08 07:00:00+00:00,lstm_regression,0.25841206
G00013,2022-01-08 08:00:00+00:00,lstm_regression,0.5452181
G00013,2022-01-08 09:00:00+00:00,lstm_regression,0.8592159
G00013,2022-01-08 10:00:00+00:00,lstm_regression,0.9778421
G00013,2022-01-08 11:00:00+00:00,lstm_regression,1.7393997
G00013,2022-01-08 12:00:00+00:00,lstm_regression,1.8046694
G00013,2022-01-08 13:00:00+00:00,lstm_regression,1.038516
G00013,2022-01-08 14:00:00+00:00,lstm_regression,0.31930643
G00013,2022-01-08 15:00:00+00:00,lstm_regression,0.14908837
G00013,2022-01-08 16:00:00+00:00,lstm_regression,0.2797539
G00013,2022-01-08 17:00:00+00:00,lstm_regression,0.48457366
G00013,2022-01-08 18:00:00+00:00,lstm_regression,0.6466805
G00013,2022-01-08 19:00:00+00:00,lstm_regression,0.6589568
G00013,2022-01-08 20:00:00+00:00,lstm_regression,0.50254625
G00013,2022-01-08 21:00:00+00:00,lstm_regression,0.7624256
G00013,2022-01-08 22:00:00+00:00,lstm_regression,1.1685377
G00013,2022-01-08 23:00:00+00:00,lstm_regression,0.6623282
G00013,2022-01-09 00:00:00+00:00,lstm_regression,0.5025288
G00013,2022-01-09 01:00:00+00:00,lstm_regression,0.098789416
G00013,2022-01-09 02:00:00+00:00,lstm_regression,0.38031748
G00013,2022-01-09 03:00:00+00:00,lstm_regression,0.36413026
G00013,2022-01-09 04:00:00+00:00,lstm_regression,0.5005658
G00013,2022-01-09 05:00:00+00:00,lstm_regression,0.7327858
G00013,2022-01-09 06:00:00+00:00,lstm_regression,0.8311359
G00013,2022-01-09 07:00:00+00:00,lstm_regression,1.023977
G00013,2022-01-09 08:00:00+00:00,lstm_regression,0.7837389
G00013,2022-01-09 09:00:00+00:00,lstm_regression,0.8955277
G00013,2022-01-09 10:00:00+00:00,lstm_regression,1.1761868
G00013,2022-01-09 11:00:00+00:00,lstm_regression,1.2726742
G00013,2022-01-09 12:00:00+00:00,lstm_regression,1.5167286
G00013,2022-01-09 13:00:00+00:00,lstm_regression,1.3680931
G00013,2022-01-09 14:00:00+00:00,lstm_regression,1.9349203
G00013,2022-01-09 15:00:00+00:00,lstm_regression,1.6304511
G00013,2022-01-09 16:00:00+00:00,lstm_regression,0.44110188
G00013,2022-01-09 17:00:00+00:00,lstm_regression,0.2698658
G00013,2022-01-09 18:00:00+00:00,lstm_regression,0.09188495
G00013,2022-01-09 19:00:00+00:00,lstm_regression,0.042075865
G00013,2022-01-09 20:00:00+00:00,lstm_regression,0.3559885
G00013,2022-01-09 21:00:00+00:00,lstm_regression,0.44299287
G00013,2022-01-09 22:00:00+00:00,lstm_regression,0.5403195
G00013,2022-01-09 23:00:00+00:00,lstm_regression,0.88517475
G00013,2022-01-10 00:00:00+00:00,lstm_regression,1.2295237
G00013,2022-01-10 01:00:00+00:00,lstm_regression,0.51486546
G00013,2022-01-10 02:00:00+00:00,lstm_regression,0.27664733
G00013,2022-01-10 03:00:00+00:00,lstm_regression,0.0
G00013,2022-01-10 04:00:00+00:00,lstm_regression,0.070761934
G00013,2022-01-10 05:00:00+00:00,lstm_regression,0.0
G00013,2022-01-10 06:00:00+00:00,lstm_regression,0.0
G00013,2022-01-10 07:00:00+00:00,lstm_regression,0.15411782
G00013,2022-01-10 08:00:00+00:00,lstm_regression,0.2620706
G00013,2022-01-10 09:00:00+00:00,lstm_regression,0.56079286
G00013,2022-01-10 10:00:00+00:00,lstm_regression,0.64978856
G00013,2022-01-10 11:00:00+00:00,lstm_regression,0.9484344
G00013,2022-01-10 12:00:00+00:00,lstm_regression,1.0759946
G00013,2022-01-10 13:00:00+00:00,lstm_regression,0.6434735
G00013,2022-01-10 14:00:00+00:00,lstm_regression,0.18012936
G00013,2022-01-10 15:00:00+00:00,lstm_regression,0.30788937
G00013,2022-01-10 16:00:00+00:00,lstm_regression,0.45649254
G00013,2022-01-10 17:00:00+00:00,lstm_regression,0.28943098
G00013,2022-01-10 18:00:00+00:00,lstm_regression,0.0
G00013,2022-01-10 19:00:00+00:00,lstm_regression,0.0
G00013,2022-01-10 20:00:00+00:00,lstm_regression,0.0
G00013,2022-01-10 21:00:00+00:00,lstm_regression,0.0
G00013,2022-01-11 00:00:00+00:00,lstm_regression,0.0
G00013,2022-01-11 02:00:00+00:00,lstm_regression,0.0
G00013,2022-01-11 03:00:00+00:00,lstm_regression,0.0071444567
G00013,2022-01-11 05:00:00+00:00,lstm_regression,0.09806447
G00013,2022-01-11 06:00:00+00:00,lstm_regression,0.2150134
G00013,2022-01-11 07:00:00+00:00,lstm_regression,0.35191748
G00013,2022-01-11 08:00:00+00:00,lstm_regression,0.6337927
G00013,2022-01-11 09:00:00+00:00,lstm_regression,1.1160423
G00013,2022-01-11 11:00:00+00:00,lstm_regression,0.17503582
G00013,2022-01-11 12:00:00+00:00,lstm_regression,0.0
G00013,2022-01-11 13:00:00+00:00,lstm_regression,0.0
G00013,2022-01-11 14:00:00+00:00,lstm_regression,0.0
G00013,2022-01-11 15:00:00+00:00,lstm_regression,0.0
G00013,2022-01-11 16:00:00+00:00,lstm_regression,0.0378986
G00013,2022-01-11 17:00:00+00:00,lstm_regression,0.08528265
G00013,2022-01-11 18:00:00+00:00,lstm_regression,0.20400883
G00013,2022-01-11 19:00:00+00:00,lstm_regression,0.07693597
G00013,2022-01-11 20:00:00+00:00,lstm_regression,0.0
G00013,2022-01-11 21:00:00+00:00,lstm_regression,0.0061458703
G00013,2022-01-11 23:00:00+00:00,lstm_regression,0.0
G00013,2022-01-12 00:00:00+00:00,lstm_regression,0.18796559
G00013,2022-01-12 01:00:00+00:00,lstm_regression,0.0
G00013,2022-01-12 02:00:00+00:00,lstm_regression,0.021900205
G00013,2022-01-12 03:00:00+00:00,lstm_regression,0.0
G00013,2022-01-12 04:00:00+00:00,lstm_regression,0.07423654
G00013,2022-01-12 05:00:00+00:00,lstm_regression,0.056192614
G00013,2022-01-12 06:00:00+00:00,lstm_regression,0.18656327
G00013,2022-01-12 07:00:00+00:00,lstm_regression,0.10080413
G00013,2022-01-12 08:00:00+00:00,lstm_regression,0.101811625
G00013,2022-01-12 09:00:00+00:00,lstm_regression,0.106364526
G00013,2022-01-12 10:00:00+00:00,lstm_regression,0.0
G00013,2022-01-12 11:00:00+00:00,lstm_regression,0.21879733
G00013,2022-01-12 12:00:00+00:00,lstm_regression,0.25685078
G00013,2022-01-12 13:00:00+00:00,lstm_regression,0.16999543
G00013,2022-01-12 14:00:00+00:00,lstm_regression,0.23304294
G00013,2022-01-12 15:00:00+00:00,lstm_regression,0.054065496
G00013,2022-01-12 16:00:00+00:00,lstm_regression,0.0
G00013,2022-01-12 17:00:00+00:00,lstm_regression,0.0
G00013,2022-01-12 18:00:00+00:00,lstm_regression,0.099872015
G00013,2022-01-12 19:00:00+00:00,lstm_regression,0.021784624
G00013,2022-01-12 20:00:00+00:00,lstm_regression,0.031514883
G00013,2022-01-12 21:00:00+00:00,lstm_regression,0.0
G00013,2022-01-12 22:00:00+00:00,lstm_regression,0.0
G00013,2022-01-12 23:00:00+00:00,lstm_regression,0.076798625
G00013,2022-01-13 00:00:00+00:00,lstm_regression,0.18965922
G00013,2022-01-13 01:00:00+00:00,lstm_regression,0.38917655
G00013,2022-01-13 02:00:00+00:00,lstm_regression,0.4483663
G00013,2022-01-13 03:00:00+00:00,lstm_regression,0.5688709
G00013,2022-01-13 04:00:00+00:00,lstm_regression,0.36327958
G00013,2022-01-13 05:00:00+00:00,lstm_regression,0.14744556
G00013,2022-01-13 06:00:00+00:00,lstm_regression,0.12284344
G00013,2022-01-13 07:00:00+00:00,lstm_regression,0.2909253
G00013,2022-01-13 08:00:00+00:00,lstm_regression,0.416723
G00013,2022-01-13 09:00:00+00:00,lstm_regression,0.5662715
G00013,2022-01-13 10:00:00+00:00,lstm_regression,0.47313535
G00013,2022-01-13 11:00:00+00:00,lstm_regression,0.77748686
G00013,2022-01-13 12:00:00+00:00,lstm_regression,0.7539593
G00013,2022-01-13 13:00:00+00:00,lstm_regression,1.2042233
G00013,2022-01-13 14:00:00+00:00,lstm_regression,0.9748098
G00013,2022-01-13 15:00:00+00:00,lstm_regression,0.79139405
G00013,2022-01-13 16:00:00+00:00,lstm_regression,0.09816739
G00013,2022-01-13 17:00:00+00:00,lstm_regression,0.0
G00013,2022-01-13 18:00:00+00:00,lstm_regression,0.023384897
G00013,2022-01-13 19:00:00+00:00,lstm_regression,0.0
G00013,2022-01-13 20:00:00+00:00,lstm_regression,0.0
G00013,2022-01-13 21:00:00+00:00,lstm_regression,0.0
G00013,2022-01-13 22:00:00+00:00,lstm_regression,0.025133392
G00013,2022-01-13 23:00:00+00:00,lstm_regression,0.0
G00013,2022-01-14 00:00:00+00:00,lstm_regression,0.0140044
G00013,2022-01-14 01:00:00+00:00,lstm_regression,0.109175436
G00013,2022-01-14 02:00:00+00:00,lstm_regression,0.0
G00013,2022-01-14 03:00:00+00:00,lstm_regression,0.0
G00013,2022-01-14 04:00:00+00:00,lstm_regression,0.0808726
G00013,2022-01-14 05:00:00+00:00,lstm_regression,0.0
G00013,2022-01-14 06:00:00+00:00,lstm_regression,0.0
G00013,2022-01-14 07:00:00+00:00,lstm_regression,0.11097195
G00013,2022-01-14 08:00:00+00:00,lstm_regression,0.18073069
G00013,2022-01-14 09:00:00+00:00,lstm_regression,0.052678145
G00013,2022-01-14 10:00:00+00:00,lstm_regression,0.47998327
G00013,2022-01-14 11:00:00+00:00,lstm_regression,0.31762868
G00013,2022-01-14 12:00:00+00:00,lstm_regression,0.13976584
G00013,2022-01-14 13:00:00+00:00,lstm_regression,0.0
G00013,2022-01-14 14:00:00+00:00,lstm_regression,0.0
G00013,2022-01-14 15:00:00+00:00,lstm_regression,0.0
G00013,2022-01-14 16:00:00+00:00,lstm_regression,0.09005099
G00013,2022-01-14 17:00:00+00:00,lstm_regression,0.15937202
G00013,2022-01-14 18:00:00+00:00,lstm_regression,0.13507746
G00013,2022-01-14 19:00:00+00:00,lstm_regression,0.0
G00013,2022-01-14 20:00:00+00:00,lstm_regression,0.0
G00013,2022-01-14 21:00:00+00:00,lstm_regression,0.0
G00013,2022-01-14 22:00:00+00:00,lstm_regression,0.0
G00013,2022-01-14 23:00:00+00:00,lstm_regression,0.0
G00013,2022-01-15 00:00:00+00:00,lstm_regression,0.07055799
G00013,2022-01-15 01:00:00+00:00,lstm_regression,0.0
G00013,2022-01-15 02:00:00+00:00,lstm_regression,0.0
G00013,2022-01-15 03:00:00+00:00,lstm_regression,0.14478025
G00013,2022-01-15 04:00:00+00:00,lstm_regression,0.12335084
G00013,2022-01-15 05:00:00+00:00,lstm_regression,0.121819906
G00013,2022-01-15 06:00:00+00:00,lstm_regression,0.29227337
G00013,2022-01-15 07:00:00+00:00,lstm_regression,0.40625244
G00013,2022-01-15 08:00:00+00:00,lstm_regression,0.37781522
G00013,2022-01-15 09:00:00+00:00,lstm_regression,0.19281803
G00013,2022-01-15 10:00:00+00:00,lstm_regression,0.14454158
G00013,2022-01-15 11:00:00+00:00,lstm_regression,0.2552848
G00013,2022-01-15 12:00:00+00:00,lstm_regression,0.37185848
G00013,2022-01-15 13:00:00+00:00,lstm_regression,0.77727747
G00013,2022-01-15 14:00:00+00:00,lstm_regression,0.9325063
G00013,2022-01-15 15:00:00+00:00,lstm_regression,0.80166465
G00013,2022-01-15 16:00:00+00:00,lstm_regression,0.43662685
G00013,2022-01-15 17:00:00+00:00,lstm_regression,0.16915683
G00013,2022-01-15 18:00:00+00:00,lstm_regression,0.08432936
G00013,2022-01-15 19:00:00+00:00,lstm_regression,0.23233226
G00013,2022-01-15 20:00:00+00:00,lstm_regression,0.3665766
G00013,2022-01-15 21:00:00+00:00,lstm_regression,0.43367094
G00013,2022-01-15 22:00:00+00:00,lstm_regression,0.4081201
G00013,2022-01-15 23:00:00+00:00,lstm_regression,0.28618172
G00013,2022-01-16 00:00:00+00:00,lstm_regression,0.38954622
G00013,2022-01-16 01:00:00+00:00,lstm_regression,0.45316958
G00013,2022-01-16 02:00:00+00:00,lstm_regression,0.376768
G00013,2022-01-16 03:00:00+00:00,lstm_regression,0.42636913
G00013,2022-01-16 06:00:00+00:00,lstm_regression,0.98410684
G00013,2022-01-16 08:00:00+00:00,lstm_regression,1.3453655
G00013,2022-01-16 11:00:00+00:00,lstm_regression,0.35993773
G00013,2022-01-16 13:00:00+00:00,lstm_regression,0.548246
G00013,2022-01-16 14:00:00+00:00,lstm_regression,0.16968913
G00013,2022-01-16 17:00:00+00:00,lstm_regression,0.35474607
G00013,2022-01-16 18:00:00+00:00,lstm_regression,0.42891705
G00013,2022-01-16 19:00:00+00:00,lstm_regression,0.45799068
G00013,2022-01-16 20:00:00+00:00,lstm_regression,0.5602146
G00013,2022-01-16 22:00:00+00:00,lstm_regression,0.1828656
G00013,2022-01-16 23:00:00+00:00,lstm_regression,0.14560203
G00013,2022-01-17 00:00:00+00:00,lstm_regression,0.5188323
G00013,2022-01-17 01:00:00+00:00,lstm_regression,0.60980666
G00013,2022-01-17 02:00:00+00:00,lstm_regression,0.47090337
G00013,2022-01-17 03:00:00+00:00,lstm_regression,0.72864157
G00013,2022-01-17 05:00:00+00:00,lstm_regression,0.8020439
G00013,2022-01-17 06:00:00+00:00,lstm_regression,0.51031166
G00013,2022-01-17 07:00:00+00:00,lstm_regression,0.124749236
G00013,2022-01-17 08:00:00+00:00,lstm_regression,0.20807661
G00013,2022-01-17 10:00:00+00:00,lstm_regression,0.057442956
G00013,2022-01-17 11:00:00+00:00,lstm_regression,0.38073578
G00013,2022-01-17 12:00:00+00:00,lstm_regression,0.5446065
G00013,2022-01-17 13:00:00+00:00,lstm_regression,0.61966294
G00013,2022-01-17 14:00:00+00:00,lstm_regression,0.9412944
G00013,2022-01-17 17:00:00+00:00,lstm_regression,0.5408039
G00013,2022-01-17 19:00:00+00:00,lstm_regression,0.3977692
G00013,2022-01-17 20:00:00+00:00,lstm_regression,0.19603251
G00013,2022-01-17 22:00:00+00:00,lstm_regression,0.26737428
G00013,2022-01-17 23:00:00+00:00,lstm_regression,0.12362429
G00013,2022-01-18 00:00:00+00:00,lstm_regression,0.031166008
G00013,2022-01-18 01:00:00+00:00,lstm_regression,0.0
G00013,2022-01-18 02:00:00+00:00,lstm_regression,0.0443864
G00013,2022-01-18 04:00:00+00:00,lstm_regression,0.2096027
G00013,2022-01-18 05:00:00+00:00,lstm_regression,0.26834536
G00013,2022-01-18 06:00:00+00:00,lstm_regression,0.4968254
G00013,2022-01-18 07:00:00+00:00,lstm_regression,0.56221324
G00013,2022-01-18 08:00:00+00:00,lstm_regression,0.7804879
G00013,2022-01-18 09:00:00+00:00,lstm_regression,0.78990346
G00013,2022-01-18 10:00:00+00:00,lstm_regression,0.82249683
G00013,2022-01-18 11:00:00+00:00,lstm_regression,0.9625339
G00013,2022-01-18 12:00:00+00:00,lstm_regression,0.8279382
G00013,2022-01-18 13:00:00+00:00,lstm_regression,0.44591513
G00013,2022-01-18 14:00:00+00:00,lstm_regression,0.5348512
G00013,2022-01-18 16:00:00+00:00,lstm_regression,0.23994772
G00013,2022-01-18 17:00:00+00:00,lstm_regression,0.05805604
G00013,2022-01-18 18:00:00+00:00,lstm_regression,0.19825907
G00013,2022-01-18 19:00:00+00:00,lstm_regression,0.27298513
G00013,2022-01-18 20:00:00+00:00,lstm_regression,0.14539959
G00013,2022-01-18 21:00:00+00:00,lstm_regression,0.032673396
G00013,2022-01-18 22:00:00+00:00,lstm_regression,0.091875196
G00013,2022-01-18 23:00:00+00:00,lstm_regression,0.02974231
G00013,2022-01-19 00:00:00+00:00,lstm_regression,0.20099266
G00013,2022-01-19 01:00:00+00:00,lstm_regression,0.29454023
G00013,2022-01-19 02:00:00+00:00,lstm_regression,0.34043157
G00013,2022-01-19 03:00:00+00:00,lstm_regression,0.51888984
G00013,2022-01-19 04:00:00+00:00,lstm_regression,0.7645321
G00013,2022-01-19 05:00:00+00:00,lstm_regression,1.0823473
G00013,2022-01-19 06:00:00+00:00,lstm_regression,1.131469
G00013,2022-01-19 07:00:00+00:00,lstm_regression,0.9833515
G00013,2022-01-19 08:00:00+00:00,lstm_regression,1.0365963
G00013,2022-01-19 09:00:00+00:00,lstm_regression,0.7615419
G00013,2022-01-19 10:00:00+00:00,lstm_regression,1.0506098
G00013,2022-01-19 11:00:00+00:00,lstm_regression,0.4620011
G00013,2022-01-19 12:00:00+00:00,lstm_regression,0.25443298
G00013,2022-01-19 13:00:00+00:00,lstm_regression,0.32178593
G00013,2022-01-19 14:00:00+00:00,lstm_regression,0.053980716
G00013,2022-01-19 15:00:00+00:00,lstm_regression,0.17137049
G00013,2022-01-19 16:00:00+00:00,lstm_regression,0.046537496
G00013,2022-01-19 17:00:00+00:00,lstm_regression,0.20387511
G00013,2022-01-19 18:00:00+00:00,lstm_regression,0.21375789
G00013,2022-01-19 19:00:00+00:00,lstm_regression,0.23869227
G00013,2022-01-19 20:00:00+00:00,lstm_regression,0.28788933
G00013,2022-01-19 21:00:00+00:00,lstm_regression,0.31954196
G00013,2022-01-19 22:00:00+00:00,lstm_regression,0.41458374
G00013,2022-01-19 23:00:00+00:00,lstm_regression,0.36846948
G00013,2022-01-20 00:00:00+00:00,lstm_regression,0.68929535
G00013,2022-01-20 01:00:00+00:00,lstm_regression,0.4644732
G00013,2022-01-20 02:00:00+00:00,lstm_regression,0.91321534
G00013,2022-01-20 03:00:00+00:00,lstm_regression,0.48544288
G00013,2022-01-20 04:00:00+00:00,lstm_regression,0.39025033
G00013,2022-01-20 05:00:00+00:00,lstm_regression,0.6608429
G00013,2022-01-20 06:00:00+00:00,lstm_regression,0.42634156
G00013,2022-01-20 07:00:00+00:00,lstm_regression,0.6345115
G00013,2022-01-20 08:00:00+00:00,lstm_regression,0.734981
G00013,2022-01-20 09:00:00+00:00,lstm_regression,0.5068342
G00013,2022-01-20 10:00:00+00:00,lstm_regression,0.35610133
G00013,2022-01-20 11:00:00+00:00,lstm_regression,0.47160095
G00013,2022-01-20 12:00:00+00:00,lstm_regression,0.7312595
G00013,2022-01-20 13:00:00+00:00,lstm_regression,0.56853807
G00013,2022-01-20 14:00:00+00:00,lstm_regression,0.31339824
G00013,2022-01-20 15:00:00+00:00,lstm_regression,0.35753238
G00013,2022-01-20 16:00:00+00:00,lstm_regression,0.26416624
G00013,2022-01-20 17:00:00+00:00,lstm_regression,0.18504654
G00013,2022-01-20 18:00:00+00:00,lstm_regression,0.33885667
G00013,2022-01-20 19:00:00+00:00,lstm_regression,0.4697079
G00013,2022-01-20 20:00:00+00:00,lstm_regression,0.46429175
G00013,2022-01-20 21:00:00+00:00,lstm_regression,0.48916852
G00013,2022-01-20 22:00:00+00:00,lstm_regression,0.49923128
G00013,2022-01-20 23:00:00+00:00,lstm_regression,0.43648177
G00013,2022-01-21 00:00:00+00:00,lstm_regression,0.49697745
G00013,2022-01-21 01:00:00+00:00,lstm_regression,0.46022093
G00013,2022-01-21 02:00:00+00:00,lstm_regression,0.18199681
G00013,2022-01-21 03:00:00+00:00,lstm_regression,0.077537835
G00013,2022-01-21 04:00:00+00:00,lstm_regression,0.061480872
G00013,2022-01-21 05:00:00+00:00,lstm_regression,0.3043257
G00013,2022-01-21 06:00:00+00:00,lstm_regression,0.54289883
G00013,2022-01-21 07:00:00+00:00,lstm_regression,0.8782431
G00013,2022-01-21 08:00:00+00:00,lstm_regression,0.996141
G00013,2022-01-21 09:00:00+00:00,lstm_regression,1.4047482
G00013,2022-01-21 10:00:00+00:00,lstm_regression,1.0366445
G00013,2022-01-21 11:00:00+00:00,lstm_regression,0.77971566
G00013,2022-01-21 12:00:00+00:00,lstm_regression,0.43968618
G00013,2022-01-21 13:00:00+00:00,lstm_regression,0.3318329
G00013,2022-01-21 14:00:00+00:00,lstm_regression,0.29195058
G00013,2022-01-21 15:00:00+00:00,lstm_regression,0.30006093
G00013,2022-01-21 16:00:00+00:00,lstm_regression,0.32147712
G00013,2022-01-21 17:00:00+00:00,lstm_regression,0.32119766
G00013,2022-01-21 18:00:00+00:00,lstm_regression,0.21707807
G00013,2022-01-21 19:00:00+00:00,lstm_regression,0.27079523
G00014,2022-01-02 01:00:00+00:00,lstm_regression,0.68147314
G00014,2022-01-02 02:00:00+00:00,lstm_regression,0.8212546
G00014,2022-01-02 03:00:00+00:00,lstm_regression,0.4840619
G00014,2022-01-02 04:00:00+00:00,lstm_regression,0.16192053
G00014,2022-01-02 05:00:00+00:00,lstm_regression,0.2492616
G00014,2022-01-02 06:00:00+00:00,lstm_regression,0.0
G00014,2022-01-02 07:00:00+00:00,lstm_regression,0.0
G00014,2022-01-02 08:00:00+00:00,lstm_regression,0.08919353
G00014,2022-01-02 09:00:00+00:00,lstm_regression,0.0
G00014,2022-01-02 10:00:00+00:00,lstm_regression,0.20649467
G00014,2022-01-02 11:00:00+00:00,lstm_regression,0.20955285
G00014,2022-01-02 13:00:00+00:00,lstm_regression,0.4484197
G00014,2022-01-02 14:00:00+00:00,lstm_regression,0.64963543
G00014,2022-01-02 15:00:00+00:00,lstm_regression,0.47055224
G00014,2022-01-02 16:00:00+00:00,lstm_regression,0.34385863
G00014,2022-01-02 17:00:00+00:00,lstm_regression,0.20013024
G00014,2022-01-02 18:00:00+00:00,lstm_regression,0.03704095
G00014,2022-01-02 19:00:00+00:00,lstm_regression,0.07736367
G00014,2022-01-02 20:00:00+00:00,lstm_regression,0.23387809
G00014,2022-01-02 21:00:00+00:00,lstm_regression,0.16325052
G00014,2022-01-02 22:00:00+00:00,lstm_regression,0.0
G00014,2022-01-02 23:00:00+00:00,lstm_regression,0.17185126
G00014,2022-01-03 00:00:00+00:00,lstm_regression,0.035475723
G00014,2022-01-03 01:00:00+00:00,lstm_regression,0.092925005
G00014,2022-01-03 02:00:00+00:00,lstm_regression,0.003032228
G00014,2022-01-03 03:00:00+00:00,lstm_regression,0.0
G00014,2022-01-03 04:00:00+00:00,lstm_regression,0.0
G00014,2022-01-03 05:00:00+00:00,lstm_regression,0.0
G00014,2022-01-03 06:00:00+00:00,lstm_regression,0.022923304
G00014,2022-01-03 07:00:00+00:00,lstm_regression,0.06712079
G00014,2022-01-03 08:00:00+00:00,lstm_regression,0.1395599
G00014,2022-01-03 09:00:00+00:00,lstm_regression,0.31969732
G00014,2022-01-03 10:00:00+00:00,lstm_regression,0.47957855
G00014,2022-01-03 11:00:00+00:00,lstm_regression,0.47010958
G00014,2022-01-03 12:00:00+00:00,lstm_regression,0.3860851
G00014,2022-01-03 13:00:00+00:00,lstm_regression,0.31796286
G00014,2022-01-03 14:00:00+00:00,lstm_regression,0.30924046
G00014,2022-01-03 15:00:00+00:00,lstm_regression,0.0992806
G00014,2022-01-03 16:00:00+00:00,lstm_regression,0.07671443
G00014,2022-01-03 17:00:00+00:00,lstm_regression,0.0
G00014,2022-01-03 18:00:00+00:00,lstm_regression,0.0
G00014,2022-01-03 19:00:00+00:00,lstm_regression,0.0
G00014,2022-01-03 20:00:00+00:00,lstm_regression,0.0
G00014,2022-01-03 21:00:00+00:00,lstm_regression,0.0
G00014,2022-01-03 22:00:00+00:00,lstm_regression,0.0
G00014,2022-01-03 23:00:00+00:00,lstm_regression,0.0
G00014,2022-01-04 00:00:00+00:00,lstm_regression,0.21027546
G00014,2022-01-04 01:00:00+00:00,lstm_regression,0.4274525
G00014,2022-01-04 02:00:00+00:00,lstm_regression,0.21771653
G00014,2022-01-04 03:00:00+00:00,lstm_regression,0.20072193
G00014,2022-01-04 04:00:00+00:00,lstm_regression,0.25930226
G00014,2022-01-04 05:00:00+00:00,lstm_regression,0.62162566
G00014,2022-01-04 06:00:00+00:00,lstm_regression,0.41650304
G00014,2022-01-04 07:00:00+00:00,lstm_regression,0.35503185
G00014,2022-01-04 08:00:00+00:00,lstm_regression,0.2065948
G00014,2022-01-04 11:00:00+00:00,lstm_regression,0.20613289
G00014,2022-01-04 13:00:00+00:00,lstm_regression,0.0
G00014,2022-01-04 14:00:00+00:00,lstm_regression,0.0
G00014,2022-01-04 16:00:00+00:00,lstm_regression,0.23021705
G00014,2022-01-04 17:00:00+00:00,lstm_regression,0.19494726
G00014,2022-01-04 18:00:00+00:00,lstm_regression,0.23388018
G00014,2022-01-04 19:00:00+00:00,lstm_regression,0.24124534
G00014,2022-01-04 20:00:00+00:00,lstm_regression,0.2677893
G00014,2022-01-04 22:00:00+00:00,lstm_regression,0.08777672
G00014,2022-01-04 23:00:00+00:00,lstm_regression,0.16747083
G00014,2022-01-05 00:00:00+00:00,lstm_regression,0.0
G00014,2022-01-05 01:00:00+00:00,lstm_regression,0.0
G00014,2022-01-05 02:00:00+00:00,lstm_regression,0.0
G00014,2022-01-05 03:00:00+00:00,lstm_regression,0.18254258
G00014,2022-01-05 04:00:00+00:00,lstm_regression,0.23919164
G00014,2022-01-05 05:00:00+00:00,lstm_regression,0.4215242
G00014,2022-01-05 06:00:00+00:00,lstm_regression,0.31466442
G00014,2022-01-05 07:00:00+00:00,lstm_regression,0.59786695
G00014,2022-01-05 08:00:00+00:00,lstm_regression,1.0251346
G00014,2022-01-05 10:00:00+00:00,lstm_regression,1.6857893
G00014,2022-01-05 11:00:00+00:00,lstm_regression,1.5419636
G00014,2022-01-05 12:00:00+00:00,lstm_regression,1.572335
G00014,2022-01-05 13:00:00+00:00,lstm_regression,0.63493776
G00014,2022-01-05 14:00:00+00:00,lstm_regression,0.23621537
G00014,2022-01-05 15:00:00+00:00,lstm_regression,0.08582603
G00014,2022-01-05 16:00:00+00:00,lstm_regression,0.11425581
G00014,2022-01-05 17:00:00+00:00,lstm_regression,0.27132618
G00014,2022-01-05 18:00:00+00:00,lstm_regression,0.06788293
G00014,2022-01-05 19:00:00+00:00,lstm_regression,0.0
G00014,2022-01-05 20:00:00+00:00,lstm_regression,0.0
G00014,2022-01-05 21:00:00+00:00,lstm_regression,0.0
G00014,2022-01-05 22:00:00+00:00,lstm_regression,0.0
G00014,2022-01-05 23:00:00+00:00,lstm_regression,0.0
G00014,2022-01-06 00:00:00+00:00,lstm_regression,0.0
G00014,2022-01-06 01:00:00+00:00,lstm_regression,0.0
G00014,2022-01-06 02:00:00+00:00,lstm_regression,0.0
G00014,2022-01-06 03:00:00+00:00,lstm_regression,0.0
G00014,2022-01-06 04:00:00+00:00,lstm_regression,0.25518456
G00014,2022-01-06 05:00:00+00:00,lstm_regression,0.05707886
G00014,2022-01-06 06:00:00+00:00,lstm_regression,0.0
G00014,2022-01-06 07:00:00+00:00,lstm_regression,0.01412232
G00014,2022-01-06 08:00:00+00:00,lstm_regression,0.0
G00014,2022-01-06 09:00:00+00:00,lstm_regression,0.0
G00014,2022-01-06 10:00:00+00:00,lstm_regression,0.0
G00014,2022-01-06 11:00:00+00:00,lstm_regression,0.016595686
G00014,2022-01-06 12:00:00+00:00,lstm_regression,0.0
G00014,2022-01-06 13:00:00+00:00,lstm_regression,0.0
G00014,2022-01-06 14:00:00+00:00,lstm_regression,0.0
G00014,2022-01-06 15:00:00+00:00,lstm_regression,0.0
G00014,2022-01-06 16:00:00+00:00,lstm_regression,0.044246465
G00014,2022-01-06 19:00:00+00:00,lstm_regression,0.060194813
G00014,2022-01-06 21:00:00+00:00,lstm_regression,0.12918557
G00014,2022-01-06 22:00:00+00:00,lstm_regression,0.13300581
G00014,2022-01-07 00:00:00+00:00,lstm_regression,0.09404228
G00014,2022-01-07 01:00:00+00:00,lstm_regression,0.30084768
G00014,2022-01-07 02:00:00+00:00,lstm_regression,0.40132692
G00014,2022-01-07 03:00:00+00:00,lstm_regression,0.5186507
G00014,2022-01-07 04:00:00+00:00,lstm_regression,0.6569527
G00014,2022-01-07 06:00:00+00:00,lstm_regression,0.9362585
G00014,2022-01-07 07:00:00+00:00,lstm_regression,1.1462592
G00014,2022-01-07 08:00:00+00:00,lstm_regression,1.5577617
G00014,2022-01-07 09:00:00+00:00,lstm_regression,0.78835243
G00014,2022-01-07 10:00:00+00:00,lstm_regression,0.25638044
G00014,2022-01-07 11:00:00+00:00,lstm_regression,0.1981953
G00014,2022-01-07 12:00:00+00:00,lstm_regression,0.079442576
G00014,2022-01-07 13:00:00+00:00,lstm_regression,0.0403603
G00014,2022-01-07 14:00:00+00:00,lstm_regression,0.11915674
G00014,2022-01-07 15:00:00+00:00,lstm_regression,0.0
G00014,2022-01-07 16:00:00+00:00,lstm_regression,0.0045711827
G00014,2022-01-07 18:00:00+00:00,lstm_regression,0.15359652
G00014,2022-01-07 19:00:00+00:00,lstm_regression,0.43791568
G00014,2022-01-07 20:00:00+00:00,lstm_regression,0.8138723
G00014,2022-01-07 21:00:00+00:00,lstm_regression,0.81228036
G00014,2022-01-07 22:00:00+00:00,lstm_regression,0.45769393
G00014,2022-01-07 23:00:00+00:00,lstm_regression,0.28106964
G00014,2022-01-08 00:00:00+00:00,lstm_regression,0.21305418
G00014,2022-01-08 01:00:00+00:00,lstm_regression,0.19446263
G00014,2022-01-08 02:00:00+00:00,lstm_regression,0.11227762
G00014,2022-01-08 03:00:00+00:00,lstm_regression,0.19987805
G00014,2022-01-08 04:00:00+00:00,lstm_regression,0.087054215
G00014,2022-01-08 05:00:00+00:00,lstm_regression,0.23092587
G00014,2022-01-08 06:00:00+00:00,lstm_regression,0.38521257
G00014,2022-01-08 07:00:00+00:00,lstm_regression,0.27786937
G00014,2022-01-08 08:00:00+00:00,lstm_regression,0.42622966
G00014,2022-01-08 09:00:00+00:00,lstm_regression,0.5768637
G00014,2022-01-08 10:00:00+00:00,lstm_regression,0.85320073
G00014,2022-01-08 11:00:00+00:00,lstm_regression,0.9501046
G00014,2022-01-08 12:00:00+00:00,lstm_regression,0.8315402
G00014,2022-01-08 13:00:00+00:00,lstm_regression,0.9928569
G00014,2022-01-08 14:00:00+00:00,lstm_regression,0.5784919
G00014,2022-01-08 15:00:00+00:00,lstm_regression,0.0048414636
G00014,2022-01-08 16:00:00+00:00,lstm_regression,0.055366166
G00014,2022-01-08 17:00:00+00:00,lstm_regression,0.0
G00014,2022-01-08 18:00:00+00:00,lstm_regression,0.0
G00014,2022-01-08 19:00:00+00:00,lstm_regression,0.0
G00014,2022-01-08 20:00:00+00:00,lstm_regression,0.0
G00014,2022-01-08 21:00:00+00:00,lstm_regression,0.03438472
G00014,2022-01-08 22:00:00+00:00,lstm_regression,0.13329749
G00014,2022-01-08 23:00:00+00:00,lstm_regression,0.0
G00014,2022-01-09 00:00:00+00:00,lstm_regression,0.0
G00014,2022-01-09 01:00:00+00:00,lstm_regression,0.03875698
G00014,2022-01-09 02:00:00+00:00,lstm_regression,0.21809126
G00014,2022-01-09 03:00:00+00:00,lstm_regression,0.1613274
G00014,2022-01-09 04:00:00+00:00,lstm_regression,0.061653957
G00014,2022-01-09 05:00:00+00:00,lstm_regression,0.18642981
G00014,2022-01-09 06:00:00+00:00,lstm_regression,0.30219203
G00014,2022-01-09 07:00:00+00:00,lstm_regression,0.430179
G00014,2022-01-09 08:00:00+00:00,lstm_regression,0.7221812
G00014,2022-01-09 09:00:00+00:00,lstm_regression,0.6915104
G00014,2022-01-09 10:00:00+00:00,lstm_regression,1.2120968
G00014,2022-01-09 11:00:00+00:00,lstm_regression,1.1702108
G00014,2022-01-09 12:00:00+00:00,lstm_regression,0.6892878
G00014,2022-01-09 13:00:00+00:00,lstm_regression,0.6375533
G00014,2022-01-09 14:00:00+00:00,lstm_regression,1.0646842
G00014,2022-01-09 15:00:00+00:00,lstm_regression,0.17568178
G00014,2022-01-09 16:00:00+00:00,lstm_regression,0.041382894
G00014,2022-01-09 19:00:00+00:00,lstm_regression,0.0
G00014,2022-01-09 21:00:00+00:00,lstm_regression,0.14060022
G00014,2022-01-09 22:00:00+00:00,lstm_regression,0.0
G00014,2022-01-10 00:00:00+00:00,lstm_regression,0.06287607
G00014,2022-01-10 01:00:00+00:00,lstm_regression,0.4469498
G00014,2022-01-10 02:00:00+00:00,lstm_regression,0.5976334
G00014,2022-01-10 03:00:00+00:00,lstm_regression,0.77893406
G00014,2022-01-10 04:00:00+00:00,lstm_regression,0.6381658
G00014,2022-01-10 06:00:00+00:00,lstm_regression,0.7706178
G00014,2022-01-10 07:00:00+00:00,lstm_regression,1.023221
G00014,2022-01-10 08:00:00+00:00,lstm_regression,1.1118152
G00014,2022-01-10 09:00:00+00:00,lstm_regression,0.58582485
G00014,2022-01-10 10:00:00+00:00,lstm_regression,0.22922291
G00014,2022-01-10 11:00:00+00:00,lstm_regression,0.25752974
G00014,2022-01-10 12:00:00+00:00,lstm_regression,0.6568127
G00014,2022-01-10 13:00:00+00:00,lstm_regression,0.92436457
G00014,2022-01-10 14:00:00+00:00,lstm_regression,0.76781565
G00014,2022-01-10 15:00:00+00:00,lstm_regression,0.53325963
G00014,2022-01-10 16:00:00+00:00,lstm_regression,0.54886097
G00014,2022-01-10 18:00:00+00:00,lstm_regression,0.34561002
G00014,2022-01-10 19:00:00+00:00,lstm_regression,0.3677512
G00014,2022-01-10 20:00:00+00:00,lstm_regression,0.09750269
G00014,2022-01-10 21:00:00+00:00,lstm_regression,0.25779906
G00014,2022-01-10 22:00:00+00:00,lstm_regression,0.5432334
G00014,2022-01-10 23:00:00+00:00,lstm_regression,0.43740857
G00014,2022-01-11 00:00:00+00:00,lstm_regression,0.62776697
G00014,2022-01-11 01:00:00+00:00,lstm_regression,0.6050566
G00014,2022-01-11 02:00:00+00:00,lstm_regression,0.8952955
G00014,2022-01-11 03:00:00+00:00,lstm_regression,1.2620448
G00014,2022-01-11 04:00:00+00:00,lstm_regression,1.2383955
G00014,2022-01-11 05:00:00+00:00,lstm_regression,1.1603374
G00014,2022-01-11 06:00:00+00:00,lstm_regression,1.8107363
G00014,2022-01-11 07:00:00+00:00,lstm_regression,1.2143872
G00014,2022-01-11 08:00:00+00:00,lstm_regression,0.7394021
G00014,2022-01-11 09:00:00+00:00,lstm_regression,0.8074679
G00014,2022-01-11 10:00:00+00:00,lstm_regression,1.1925942
G00014,2022-01-11 11:00:00+00:00,lstm_regression,0.715009
G00014,2022-01-11 12:00:00+00:00,lstm_regression,0.57471794
G00014,2022-01-11 13:00:00+00:00,lstm_regression,0.15873824
G00014,2022-01-11 14:00:00+00:00,lstm_regression,0.06836785
G00014,2022-01-11 15:00:00+00:00,lstm_regression,0.19668676
G00014,2022-01-11 16:00:00+00:00,lstm_regression,0.28428656
G00014,2022-01-11 17:00:00+00:00,lstm_regression,0.29735672
G00014,2022-01-11 18:00:00+00:00,lstm_regression,0.13559403
G00014,2022-01-11 19:00:00+00:00,lstm_regression,0.16978262
G00014,2022-01-11 20:00:00+00:00,lstm_regression,0.29248413
G00014,2022-01-11 21:00:00+00:00,lstm_regression,0.41539213
G00014,2022-01-11 22:00:00+00:00,lstm_regression,0.48573238
G00014,2022-01-11 23:00:00+00:00,lstm_regression,0.68226844
G00014,2022-01-12 00:00:00+00:00,lstm_regression,1.0420036
G00014,2022-01-12 01:00:00+00:00,lstm_regression,1.4955878
G00014,2022-01-12 02:00:00+00:00,lstm_regression,1.626224
G00014,2022-01-12 03:00:00+00:00,lstm_regression,1.0546436
G00014,2022-01-12 04:00:00+00:00,lstm_regression,0.8018961
G00014,2022-01-12 05:00:00+00:00,lstm_regression,0.7482601
G00014,2022-01-12 06:00:00+00:00,lstm_regression,1.143301
G00014,2022-01-12 07:00:00+00:00,lstm_regression,1.5716646
G00014,2022-01-12 08:00:00+00:00,lstm_regression,2.085271
G00014,2022-01-12 09:00:00+00:00,lstm_regression,2.6198719
G00014,2022-01-12 10:00:00+00:00,lstm_regression,1.3472235
G00014,2022-01-12 11:00:00+00:00,lstm_regression,0.5601772
G00014,2022-01-12 12:00:00+00:00,lstm_regression,0.36296973
G00014,2022-01-12 13:00:00+00:00,lstm_regression,0.2101993
G00014,2022-01-12 14:00:00+00:00,lstm_regression,0.34707704
G00014,2022-01-12 15:00:00+00:00,lstm_regression,0.3169635
G00014,2022-01-12 16:00:00+00:00,lstm_regression,0.3880886
G00014,2022-01-12 17:00:00+00:00,lstm_regression,0.3732436
G00014,2022-01-12 18:00:00+00:00,lstm_regression,0.44483823
G00014,2022-01-12 19:00:00+00:00,lstm_regression,0.18376537
G00014,2022-01-12 20:00:00+00:00,lstm_regression,0.13241251
G00014,2022-01-12 21:00:00+00:00,lstm_regression,0.32641488
G00014,2022-01-12 22:00:00+00:00,lstm_regression,0.032527365
G00014,2022-01-12 23:00:00+00:00,lstm_regression,0.3428312
G00014,2022-01-13 00:00:00+00:00,lstm_regression,0.1996475
G00014,2022-01-13 01:00:00+00:00,lstm_regression,0.039322294
G00014,2022-01-13 02:00:00+00:00,lstm_regression,0.37778097
G00014,2022-01-13 03:00:00+00:00,lstm_regression,0.34501323
G00014,2022-01-13 04:00:00+00:00,lstm_regression,0.5868458
G00014,2022-01-13 05:00:00+00:00,lstm_regression,0.61436015
G00014,2022-01-13 06:00:00+00:00,lstm_regression,0.6264329
G00014,2022-01-13 07:00:00+00:00,lstm_regression,0.6996282
G00014,2022-01-13 08:00:00+00:00,lstm_regression,1.3178496
G00014,2022-01-13 09:00:00+00:00,lstm_regression,0.6103191
G00014,2022-01-13 10:00:00+00:00,lstm_regression,0.56783795
G00014,2022-01-13 11:00:00+00:00,lstm_regression,0.37621325
G00014,2022-01-13 12:00:00+00:00,lstm_regression,0.5225317
G00014,2022-01-13 13:00:00+00:00,lstm_regression,0.31083444
G00014,2022-01-13 14:00:00+00:00,lstm_regression,0.05270274
G00014,2022-01-13 15:00:00+00:00,lstm_regression,0.21911654
G00014,2022-01-13 16:00:00+00:00,lstm_regression,0.0
G00014,2022-01-13 17:00:00+00:00,lstm_regression,0.05881904
G00014,2022-01-13 18:00:00+00:00,lstm_regression,0.0919469
G00014,2022-01-13 19:00:00+00:00,lstm_regression,0.18993641
G00014,2022-01-13 20:00:00+00:00,lstm_regression,0.0
G00014,2022-01-13 21:00:00+00:00,lstm_regression,0.0
G00014,2022-01-13 22:00:00+00:00,lstm_regression,0.24476422
G00014,2022-01-13 23:00:00+00:00,lstm_regression,0.31439212
G00014,2022-01-14 00:00:00+00:00,lstm_regression,0.5584888
G00014,2022-01-14 01:00:00+00:00,lstm_regression,0.29091138
G00014,2022-01-14 02:00:00+00:00,lstm_regression,0.2911749
G00014,2022-01-14 03:00:00+00:00,lstm_regression,0.23994617
G00014,2022-01-14 04:00:00+00:00,lstm_regression,0.021417005
G00014,2022-01-14 05:00:00+00:00,lstm_regression,0.011764592
G00014,2022-01-14 06:00:00+00:00,lstm_regression,0.20644495
G00014,2022-01-14 07:00:00+00:00,lstm_regression,0.16119419
G00014,2022-01-14 08:00:00+00:00,lstm_regression,0.31100842
G00014,2022-01-14 09:00:00+00:00,lstm_regression,0.6688806
G00014,2022-01-14 10:00:00+00:00,lstm_regression,1.032779
G00014,2022-01-14 11:00:00+00:00,lstm_regression,1.5997989
G00014,2022-01-14 12:00:00+00:00,lstm_regression,1.8811092
G00014,2022-01-14 13:00:00+00:00,lstm_regression,1.2870075
G00014,2022-01-14 14:00:00+00:00,lstm_regression,0.6345461
G00014,2022-01-14 15:00:00+00:00,lstm_regression,0.30695376
G00014,2022-01-14 16:00:00+00:00,lstm_regression,0.36935133
G00014,2022-01-14 17:00:00+00:00,lstm_regression,0.16420619
G00014,2022-01-14 18:00:00+00:00,lstm_regression,0.05792526
G00014,2022-01-14 19:00:00+00:00,lstm_regression,0.08457514
G00014,2022-01-14 20:00:00+00:00,lstm_regression,0.10012392
G00014,2022-01-14 21:00:00+00:00,lstm_regression,0.21199736
G00014,2022-01-14 22:00:00+00:00,lstm_regression,0.11813285
G00014,2022-01-14 23:00:00+00:00,lstm_regression,0.116630144
G00014,2022-01-15 00:00:00+00:00,lstm_regression,0.21760273
G00014,2022-01-15 01:00:00+00:00,lstm_regression,0.10359673
G00014,2022-01-15 02:00:00+00:00,lstm_regression,0.11327637
G00014,2022-01-15 03:00:00+00:00,lstm_regression,0.18375506
G00014,2022-01-15 04:00:00+00:00,lstm_regression,0.32894364
G00014,2022-01-15 05:00:00+00:00,lstm_regression,0.22488898
G00014,2022-01-15 06:00:00+00:00,lstm_regression,0.53065485
G00014,2022-01-15 07:00:00+00:00,lstm_regression,0.9766608
G00014,2022-01-15 08:00:00+00:00,lstm_regression,1.3418185
G00014,2022-01-15 09:00:00+00:00,lstm_regression,1.603545
G00014,2022-01-15 10:00:00+00:00,lstm_regression,1.3822277
G00014,2022-01-15 11:00:00+00:00,lstm_regression,1.2680798
G00014,2022-01-15 12:00:00+00:00,lstm_regression,1.1944971
G00014,2022-01-15 13:00:00+00:00,lstm_regression,0.6296208
G00014,2022-01-15 14:00:00+00:00,lstm_regression,0.3935914
G00014,2022-01-15 15:00:00+00:00,lstm_regression,0.35988238
G00014,2022-01-15 16:00:00+00:00,lstm_regression,0.23181926
G00014,2022-01-15 17:00:00+00:00,lstm_regression,0.13966872
G00014,2022-01-15 18:00:00+00:00,lstm_regression,0.14836185
G00014,2022-01-15 19:00:00+00:00,lstm_regression,0.002284579
G00014,2022-01-15 20:00:00+00:00,lstm_regression,0.12901068
G00014,2022-01-15 21:00:00+00:00,lstm_regression,0.0033146162
G00014,2022-01-15 22:00:00+00:00,lstm_regression,0.041851394
G00014,2022-01-15 23:00:00+00:00,lstm_regression,0.0
G00014,2022-01-16 00:00:00+00:00,lstm_regression,0.2242949
G00014,2022-01-16 01:00:00+00:00,lstm_regression,0.03851638
G00014,2022-01-16 02:00:00+00:00,lstm_regression,0.29906142
G00014,2022-01-16 03:00:00+00:00,lstm_regression,0.22546701
G00014,2022-01-16 04:00:00+00:00,lstm_regression,0.19597067
G00014,2022-01-16 05:00:00+00:00,lstm_regression,0.3848583
G00014,2022-01-16 06:00:00+00:00,lstm_regression,0.25381565
G00014,2022-01-16 07:00:00+00:00,lstm_regression,0.21500118
G00014,2022-01-16 08:00:00+00:00,lstm_regression,0.39919585
G00014,2022-01-16 09:00:00+00:00,lstm_regression,0.4140464
G00014,2022-01-16 10:00:00+00:00,lstm_regression,0.115599684
G00014,2022-01-16 11:00:00+00:00,lstm_regression,0.18346615
G00014,2022-01-16 12:00:00+00:00,lstm_regression,0.003780542
G00014,2022-01-16 13:00:00+00:00,lstm_regression,0.101503305
G00014,2022-01-16 14:00:00+00:00,lstm_regression,0.12127086
G00014,2022-01-16 15:00:00+00:00,lstm_regression,0.0862233
G00014,2022-01-16 16:00:00+00:00,lstm_regression,0.0
G00014,2022-01-16 17:00:00+00:00,lstm_regression,0.203938
G00014,2022-01-16 18:00:00+00:00,lstm_regression,0.0005086865
G00014,2022-01-16 19:00:00+00:00,lstm_regression,0.17958967
G00014,2022-01-16 20:00:00+00:00,lstm_regression,0.1308697
G00014,2022-01-16 21:00:00+00:00,lstm_regression,0.2093126
G00014,2022-01-16 22:00:00+00:00,lstm_regression,0.18083917
G00014,2022-01-16 23:00:00+00:00,lstm_regression,0.021107813
G00014,2022-01-17 00:00:00+00:00,lstm_regression,0.0
G00014,2022-01-17 01:00:00+00:00,lstm_regression,0.0
G00014,2022-01-17 02:00:00+00:00,lstm_regression,0.0
G00014,2022-01-17 03:00:00+00:00,lstm_regression,0.028331613
G00014,2022-01-17 04:00:00+00:00,lstm_regression,0.0
G00014,2022-01-17 05:00:00+00:00,lstm_regression,0.0
G00014,2022-01-17 06:00:00+00:00,lstm_regression,0.041319087
G00014,2022-01-17 07:00:00+00:00,lstm_regression,0.28505123
G00014,2022-01-17 08:00:00+00:00,lstm_regression,0.20013501
G00014,2022-01-17 09:00:00+00:00,lstm_regression,0.35262907
G00014,2022-01-17 10:00:00+00:00,lstm_regression,0.43800804
G00014,2022-01-17 11:00:00+00:00,lstm_regression,0.41457346
G00014,2022-01-17 12:00:00+00:00,lstm_regression,0.18580745
G00014,2022-01-17 13:00:00+00:00,lstm_regression,0.14169031
G00014,2022-01-17 14:00:00+00:00,lstm_regression,0.020647394
G00014,2022-01-17 15:00:00+00:00,lstm_regression,0.12602673
G00014,2022-01-17 16:00:00+00:00,lstm_regression,0.0
G00014,2022-01-17 17:00:00+00:00,lstm_regression,0.16271609
G00014,2022-01-17 18:00:00+00:00,lstm_regression,0.1090584
G00014,2022-01-17 19:00:00+00:00,lstm_regression,0.0
G00014,2022-01-17 20:00:00+00:00,lstm_regression,0.19989769
G00014,2022-01-17 21:00:00+00:00,lstm_regression,0.15857983
G00014,2022-01-17 22:00:00+00:00,lstm_regression,0.14598179
G00014,2022-01-17 23:00:00+00:00,lstm_regression,0.04716666
G00014,2022-01-18 00:00:00+00:00,lstm_regression,0.22080746
G00014,2022-01-18 01:00:00+00:00,lstm_regression,0.34272388
G00014,2022-01-18 02:00:00+00:00,lstm_regression,0.27016988
G00014,2022-01-18 03:00:00+00:00,lstm_regression,0.47949862
G00014,2022-01-18 04:00:00+00:00,lstm_regression,0.5213258
G00014,2022-01-18 05:00:00+00:00,lstm_regression,0.7221795
G00014,2022-01-18 06:00:00+00:00,lstm_regression,0.8051451
G00014,2022-01-18 07:00:00+00:00,lstm_regression,1.0085206
G00014,2022-01-18 08:00:00+00:00,lstm_regression,0.81812876
G00014,2022-01-18 09:00:00+00:00,lstm_regression,0.9209174
G00014,2022-01-18 10:00:00+00:00,lstm_regression,0.945887
G00014,2022-01-18 11:00:00+00:00,lstm_regression,0.43344766
G00014,2022-01-18 12:00:00+00:00,lstm_regression,0.16258387
G00014,2022-01-18 13:00:00+00:00,lstm_regression,0.0
G00014,2022-01-18 14:00:00+00:00,lstm_regression,0.0
G00014,2022-01-18 15:00:00+00:00,lstm_regression,0.21963409
G00014,2022-01-18 16:00:00+00:00,lstm_regression,0.18094082
G00014,2022-01-18 17:00:00+00:00,lstm_regression,0.37450162
G00014,2022-01-18 18:00:00+00:00,lstm_regression,0.3997532
G00014,2022-01-18 19:00:00+00:00,lstm_regression,0.38680002
G00014,2022-01-18 20:00:00+00:00,lstm_regression,0.60124433
G00014,2022-01-18 21:00:00+00:00,lstm_regression,0.613943
G00014,2022-01-18 22:00:00+00:00,lstm_regression,1.0164737
G00014,2022-01-18 23:00:00+00:00,lstm_regression,0.89387715
G00014,2022-01-19 00:00:00+00:00,lstm_regression,1.3449876
G00014,2022-01-19 01:00:00+00:00,lstm_regression,1.1518936
G00014,2022-01-19 02:00:00+00:00,lstm_regression,0.9443601
G00014,2022-01-19 03:00:00+00:00,lstm_regression,0.8595308
G00014,2022-01-19 04:00:00+00:00,lstm_regression,0.7009467
G00014,2022-01-19 05:00:00+00:00,lstm_regression,0.91145915
G00014,2022-01-19 06:00:00+00:00,lstm_regression,0.8100637
G00014,2022-01-19 07:00:00+00:00,lstm_regression,0.59234804
G00014,2022-01-19 08:00:00+00:00,lstm_regression,0.74261993
G00014,2022-01-19 09:00:00+00:00,lstm_regression,0.79477626
G00014,2022-01-19 10:00:00+00:00,lstm_regression,1.0444922
G00014,2022-01-19 11:00:00+00:00,lstm_regression,0.8035371
G00014,2022-01-19 12:00:00+00:00,lstm_regression,0.27045286
G00014,2022-01-19 13:00:00+00:00,lstm_regression,0.041405804
G00014,2022-01-19 14:00:00+00:00,lstm_regression,0.06864207
G00014,2022-01-19 15:00:00+00:00,lstm_regression,0.29668507
G00014,2022-01-19 16:00:00+00:00,lstm_regression,0.122447334
G00014,2022-01-19 17:00:00+00:00,lstm_regression,0.10666047
G00014,2022-01-19 18:00:00+00:00,lstm_regression,0.06189844
G00014,2022-01-19 19:00:00+00:00,lstm_regression,0.18005082
G00014,2022-01-19 20:00:00+00:00,lstm_regression,0.3419052
G00014,2022-01-19 21:00:00+00:00,lstm_regression,0.1829165
G00014,2022-01-19 22:00:00+00:00,lstm_regression,0.3803729
G00014,2022-01-19 23:00:00+00:00,lstm_regression,0.47121358
G00014,2022-01-20 00:00:00+00:00,lstm_regression,0.38519537
G00014,2022-01-20 01:00:00+00:00,lstm_regression,0.41398513
G00014,2022-01-20 02:00:00+00:00,lstm_regression,0.07766799
G00014,2022-01-20 03:00:00+00:00,lstm_regression,0.0
G00014,2022-01-20 04:00:00+00:00,lstm_regression,0.109047584
G00014,2022-01-20 05:00:00+00:00,lstm_regression,0.06682866
G00014,2022-01-20 06:00:00+00:00,lstm_regression,0.27369085
G00014,2022-01-20 07:00:00+00:00,lstm_regression,0.26430017
G00014,2022-01-20 08:00:00+00:00,lstm_regression,0.43931013
G00014,2022-01-20 09:00:00+00:00,lstm_regression,0.8210555
G00014,2022-01-20 10:00:00+00:00,lstm_regression,1.2380333
G00014,2022-01-20 11:00:00+00:00,lstm_regression,1.1561668
G00014,2022-01-20 12:00:00+00:00,lstm_regression,1.3671286
G00014,2022-01-20 13:00:00+00:00,lstm_regression,1.0995562
G00014,2022-01-20 14:00:00+00:00,lstm_regression,0.8601283
G00014,2022-01-20 15:00:00+00:00,lstm_regression,0.56323045
G00014,2022-01-20 16:00:00+00:00,lstm_regression,0.64724
G00014,2022-01-20 17:00:00+00:00,lstm_regression,0.66235965
G00014,2022-01-20 18:00:00+00:00,lstm_regression,0.5427963
G00014,2022-01-20 19:00:00+00:00,lstm_regression,0.49564683
G00014,2022-01-20 20:00:00+00:00,lstm_regression,0.33519286
G00014,2022-01-20 21:00:00+00:00,lstm_regression,0.3122946
G00014,2022-01-20 22:00:00+00:00,lstm_regression,0.3935011
G00014,2022-01-20 23:00:00+00:00,lstm_regression,0.28973034
G00014,2022-01-21 00:00:00+00:00,lstm_regression,0.37411946
G00014,2022-01-21 01:00:00+00:00,lstm_regression,0.39938626
G00014,2022-01-21 02:00:00+00:00,lstm_regression,0.41026288
G00014,2022-01-21 03:00:00+00:00,lstm_regression,0.541548
G00014,2022-01-21 04:00:00+00:00,lstm_regression,0.23744099
G00014,2022-01-21 05:00:00+00:00,lstm_regression,0.34834957
G00014,2022-01-21 06:00:00+00:00,lstm_regression,0.5701309
G00014,2022-01-21 07:00:00+00:00,lstm_regression,0.71431696
G00014,2022-01-21 08:00:00+00:00,lstm_regression,0.47956717
G00014,2022-01-21 09:00:00+00:00,lstm_regression,0.6277681
G00014,2022-01-21 10:00:00+00:00,lstm_regression,0.22257805
G00014,2022-01-21 11:00:00+00:00,lstm_regression,0.28200817
G00014,2022-01-21 12:00:00+00:00,lstm_regression,0.0
G00014,2022-01-21 13:00:00+00:00,lstm_regression,0.26488063
G00014,2022-01-21 14:00:00+00:00,lstm_regression,0.22394907
G00014,2022-01-21 15:00:00+00:00,lstm_regression,0.10341463
G00014,2022-01-21 16:00:00+00:00,lstm_regression,0.0
G00014,2022-01-21 17:00:00+00:00,lstm_regression,0.0
G00014,2022-01-21 18:00:00+00:00,lstm_regression,0.0
G00015,2022-01-02 00:00:00+00:00,lstm_regression,0.0
G00015,2022-01-02 01:00:00+00:00,lstm_regression,0.010201948
G00015,2022-01-02 02:00:00+00:00,lstm_regression,0.0
G00015,2022-01-02 04:00:00+00:00,lstm_regression,0.00046048127
G00015,2022-01-02 05:00:00+00:00,lstm_regression,0.22268106
G00015,2022-01-02 06:00:00+00:00,lstm_regression,0.18945886
G00015,2022-01-02 07:00:00+00:00,lstm_regression,0.75009996
G00015,2022-01-02 08:00:00+00:00,lstm_regression,0.919389
G00015,2022-01-02 09:00:00+00:00,lstm_regression,0.5483668
G00015,2022-01-02 10:00:00+00:00,lstm_regression,0.0
G00015,2022-01-02 11:00:00+00:00,lstm_regression,0.27304992
G00015,2022-01-02 12:00:00+00:00,lstm_regression,0.027631035
G00015,2022-01-02 13:00:00+00:00,lstm_regression,0.14078496
G00015,2022-01-02 14:00:00+00:00,lstm_regression,0.0037240256
G00015,2022-01-02 16:00:00+00:00,lstm_regression,0.029647043
G00015,2022-01-02 17:00:00+00:00,lstm_regression,0.0
G00015,2022-01-02 18:00:00+00:00,lstm_regression,0.10493402
G00015,2022-01-02 19:00:00+00:00,lstm_regression,0.023318319
G00015,2022-01-02 20:00:00+00:00,lstm_regression,0.0
G00015,2022-01-02 21:00:00+00:00,lstm_regression,0.0
G00015,2022-01-02 22:00:00+00:00,lstm_regression,0.0
G00015,2022-01-02 23:00:00+00:00,lstm_regression,0.034234233
G00015,2022-01-03 00:00:00+00:00,lstm_regression,0.0
G00015,2022-01-03 01:00:00+00:00,lstm_regression,0.0
G00015,2022-01-03 02:00:00+00:00,lstm_regression,0.0
G00015,2022-01-03 03:00:00+00:00,lstm_regression,0.16491318
G00015,2022-01-03 04:00:00+00:00,lstm_regression,0.12145568
G00015,2022-01-03 05:00:00+00:00,lstm_regression,0.12337426
G00015,2022-01-03 06:00:00+00:00,lstm_regression,0.21330379
G00015,2022-01-03 07:00:00+00:00,lstm_regression,0.504902
G00015,2022-01-03 08:00:00+00:00,lstm_regression,0.6691214
G00015,2022-01-03 09:00:00+00:00,lstm_regression,0.98845524
G00015,2022-01-03 10:00:00+00:00,lstm_regression,1.2415652
G00015,2022-01-03 11:00:00+00:00,lstm_regression,1.7442834
G00015,2022-01-03 12:00:00+00:00,lstm_regression,0.25857076
G00015,2022-01-03 13:00:00+00:00,lstm_regression,0.0
G00015,2022-01-03 14:00:00+00:00,lstm_regression,0.0
G00015,2022-01-03 15:00:00+00:00,lstm_regression,0.0
G00015,2022-01-03 16:00:00+00:00,lstm_regression,0.0
G00015,2022-01-03 17:00:00+00:00,lstm_regression,0.19853544
G00015,2022-01-03 18:00:00+00:00,lstm_regression,0.0
G00015,2022-01-03 19:00:00+00:00,lstm_regression,0.005254334
G00015,2022-01-03 20:00:00+00:00,lstm_regression,0.08370175
G00015,2022-01-03 21:00:00+00:00,lstm_regression,0.29588085
G00015,2022-01-03 22:00:00+00:00,lstm_regression,0.22475329
G00015,2022-01-03 23:00:00+00:00,lstm_regression,0.4670113
G00015,2022-01-04 00:00:00+00:00,lstm_regression,0.36972225
G00015,2022-01-04 01:00:00+00:00,lstm_regression,0.33486554
G00015,2022-01-04 02:00:00+00:00,lstm_regression,0.65752554
G00015,2022-01-04 03:00:00+00:00,lstm_regression,0.7322287
G00015,2022-01-04 04:00:00+00:00,lstm_regression,0.94167095
G00015,2022-01-04 05:00:00+00:00,lstm_regression,1.5012326
G00015,2022-01-04 06:00:00+00:00,lstm_regression,1.568492
G00015,2022-01-04 07:00:00+00:00,lstm_regression,1.1640034
G00015,2022-01-04 08:00:00+00:00,lstm_regression,1.0711
G00015,2022-01-04 09:00:00+00:00,lstm_regression,0.80786777
G00015,2022-01-04 10:00:00+00:00,lstm_regression,0.31175435
G00015,2022-01-04 11:00:00+00:00,lstm_regression,0.54338425
G00015,2022-01-04 12:00:00+00:00,lstm_regression,0.32639998
G00015,2022-01-04 13:00:00+00:00,lstm_regression,0.31005633
G00015,2022-01-04 14:00:00+00:00,lstm_regression,0.34502423
G00015,2022-01-04 15:00:00+00:00,lstm_regression,0.31205732
G00015,2022-01-04 16:00:00+00:00,lstm_regression,0.3702731
G00015,2022-01-04 17:00:00+00:00,lstm_regression,0.37348437
G00015,2022-01-04 18:00:00+00:00,lstm_regression,0.18317316
G00015,2022-01-04 19:00:00+00:00,lstm_regression,0.12509042
G00015,2022-01-04 20:00:00+00:00,lstm_regression,0.24755447
G00015,2022-01-04 21:00:00+00:00,lstm_regression,0.20623077
G00015,2022-01-04 22:00:00+00:00,lstm_regression,0.06481773
G00015,2022-01-04 23:00:00+00:00,lstm_regression,0.32891452
G00015,2022-01-05 00:00:00+00:00,lstm_regression,0.67960024
G00015,2022-01-05 01:00:00+00:00,lstm_regression,0.5940653
G00015,2022-01-05 02:00:00+00:00,lstm_regression,0.36258325
G00015,2022-01-05 03:00:00+00:00,lstm_regression,0.23725991
G00015,2022-01-05 04:00:00+00:00,lstm_regression,0.269934
G00015,2022-01-05 05:00:00+00:00,lstm_regression,0.20885004
G00015,2022-01-05 06:00:00+00:00,lstm_regression,0.33767188
G00015,2022-01-05 07:00:00+00:00,lstm_regression,0.7915658
G00015,2022-01-05 08:00:00+00:00,lstm_regression,0.6909899
G00015,2022-01-05 09:00:00+00:00,lstm_regression,0.8738896
G00015,2022-01-05 10:00:00+00:00,lstm_regression,0.5790352
G00015,2022-01-05 11:00:00+00:00,lstm_regression,0.2492541
G00015,2022-01-05 12:00:00+00:00,lstm_regression,0.18836516
G00015,2022-01-05 13:00:00+00:00,lstm_regression,0.38703394
G00015,2022-01-05 14:00:00+00:00,lstm_regression,0.33227006
G00015,2022-01-05 15:00:00+00:00,lstm_regression,0.20919305
G00015,2022-01-05 16:00:00+00:00,lstm_regression,0.26316217
G00015,2022-01-05 17:00:00+00:00,lstm_regression,0.20435803
G00015,2022-01-05 18:00:00+00:00,lstm_regression,0.36725882
G00015,2022-01-05 21:00:00+00:00,lstm_regression,0.1239989
G00015,2022-01-05 23:00:00+00:00,lstm_regression,0.0745769
G00015,2022-01-06 00:00:00+00:00,lstm_regression,0.0
G00015,2022-01-06 02:00:00+00:00,lstm_regression,0.0
G00015,2022-01-06 03:00:00+00:00,lstm_regression,0.0
G00015,2022-01-06 04:00:00+00:00,lstm_regression,0.06610113
G00015,2022-01-06 05:00:00+00:00,lstm_regression,0.0
G00015,2022-01-06 06:00:00+00:00,lstm_regression,0.21112752
G00015,2022-01-06 08:00:00+00:00,lstm_regression,0.450185
G00015,2022-01-06 09:00:00+00:00,lstm_regression,0.49838948
G00015,2022-01-06 10:00:00+00:00,lstm_regression,0.5366772
G00015,2022-01-06 11:00:00+00:00,lstm_regression,0.40320128
G00015,2022-01-06 12:00:00+00:00,lstm_regression,0.32745203
G00015,2022-01-06 13:00:00+00:00,lstm_regression,0.32470277
G00015,2022-01-06 14:00:00+00:00,lstm_regression,0.38396308
G00015,2022-01-06 15:00:00+00:00,lstm_regression,0.47289616
G00015,2022-01-06 16:00:00+00:00,lstm_regression,0.47933936
G00015,2022-01-06 17:00:00+00:00,lstm_regression,0.28673348
G00015,2022-01-06 18:00:00+00:00,lstm_regression,0.18115053
G00015,2022-01-06 20:00:00+00:00,lstm_regression,0.2620229
G00015,2022-01-06 21:00:00+00:00,lstm_regression,0.039089955
G00015,2022-01-06 22:00:00+00:00,lstm_regression,0.02879302
G00015,2022-01-06 23:00:00+00:00,lstm_regression,0.0
G00015,2022-01-07 00:00:00+00:00,lstm_regression,0.037629396
G00015,2022-01-07 01:00:00+00:00,lstm_regression,0.2801264
G00015,2022-01-07 02:00:00+00:00,lstm_regression,0.4290821
G00015,2022-01-07 03:00:00+00:00,lstm_regression,0.54356503
G00015,2022-01-07 04:00:00+00:00,lstm_regression,0.4153452
G00015,2022-01-07 05:00:00+00:00,lstm_regression,0.26855257
G00015,2022-01-07 06:00:00+00:00,lstm_regression,0.4693786
G00015,2022-01-07 07:00:00+00:00,lstm_regression,0.6515689
G00015,2022-01-07 08:00:00+00:00,lstm_regression,0.9387676
G00015,2022-01-07 09:00:00+00:00,lstm_regression,0.7887584
G00015,2022-01-07 10:00:00+00:00,lstm_regression,0.3391353
G00015,2022-01-07 11:00:00+00:00,lstm_regression,0.06985693
G00015,2022-01-07 12:00:00+00:00,lstm_regression,0.4669214
G00015,2022-01-07 15:00:00+00:00,lstm_regression,0.38980117
G00015,2022-01-07 17:00:00+00:00,lstm_regression,0.22043316
G00015,2022-01-07 18:00:00+00:00,lstm_regression,0.25202313
G00015,2022-01-07 20:00:00+00:00,lstm_regression,0.41256753
G00015,2022-01-07 21:00:00+00:00,lstm_regression,0.18641056
G00015,2022-01-07 22:00:00+00:00,lstm_regression,0.1403697
G00015,2022-01-07 23:00:00+00:00,lstm_regression,0.0
G00015,2022-01-08 00:00:00+00:00,lstm_regression,0.0
G00015,2022-01-08 02:00:00+00:00,lstm_regression,0.0
G00015,2022-01-08 03:00:00+00:00,lstm_regression,0.19281922
G00015,2022-01-08 04:00:00+00:00,lstm_regression,0.19632776
G00015,2022-01-08 05:00:00+00:00,lstm_regression,0.05831372
G00015,2022-01-08 06:00:00+00:00,lstm_regression,0.3222796
G00015,2022-01-08 07:00:00+00:00,lstm_regression,0.5191942
G00015,2022-01-08 08:00:00+00:00,lstm_regression,0.9229955
G00015,2022-01-08 11:00:00+00:00,lstm_regression,0.4613444
G00015,2022-01-08 14:00:00+00:00,lstm_regression,0.25438988
G00015,2022-01-08 16:00:00+00:00,lstm_regression,0.30299667
G00015,2022-01-08 17:00:00+00:00,lstm_regression,0.0
G00015,2022-01-08 18:00:00+00:00,lstm_regression,0.2121565
G00015,2022-01-08 19:00:00+00:00,lstm_regression,0.21064211
G00015,2022-01-08 20:00:00+00:00,lstm_regression,0.09777462
G00015,2022-01-08 22:00:00+00:00,lstm_regression,0.0
G00015,2022-01-08 23:00:00+00:00,lstm_regression,0.043162152
G00015,2022-01-09 00:00:00+00:00,lstm_regression,0.016373029
G00015,2022-01-09 01:00:00+00:00,lstm_regression,0.009309312
G00015,2022-01-09 02:00:00+00:00,lstm_regression,0.16079159
G00015,2022-01-09 03:00:00+00:00,lstm_regression,0.0
G00015,2022-01-09 04:00:00+00:00,lstm_regression,0.04226973
G00015,2022-01-09 05:00:00+00:00,lstm_regression,0.25911987
G00015,2022-01-09 06:00:00+00:00,lstm_regression,0.35403037
G00015,2022-01-09 07:00:00+00:00,lstm_regression,0.6097104
G00015,2022-01-09 08:00:00+00:00,lstm_regression,0.8406344
G00015,2022-01-09 10:00:00+00:00,lstm_regression,0.3092652
G00015,2022-01-09 11:00:00+00:00,lstm_regression,0.07609121
G00015,2022-01-09 12:00:00+00:00,lstm_regression,0.030609978
G00015,2022-01-09 13:00:00+00:00,lstm_regression,0.14440183
G00015,2022-01-09 14:00:00+00:00,lstm_regression,0.08409811
G00015,2022-01-09 15:00:00+00:00,lstm_regression,0.0
G00015,2022-01-09 16:00:00+00:00,lstm_regression,0.000404289
G00015,2022-01-09 17:00:00+00:00,lstm_regression,0.21195939
G00015,2022-01-09 18:00:00+00:00,lstm_regression,0.08284762
G00015,2022-01-09 19:00:00+00:00,lstm_regression,0.0
G00015,2022-01-09 20:00:00+00:00,lstm_regression,0.0
G00015,2022-01-09 21:00:00+00:00,lstm_regression,0.0
G00015,2022-01-09 22:00:00+00:00,lstm_regression,0.0
G00015,2022-01-09 23:00:00+00:00,lstm_regression,0.095306866
G00015,2022-01-10 00:00:00+00:00,lstm_regression,0.027391514
G00015,2022-01-10 01:00:00+00:00,lstm_regression,0.118018545
G00015,2022-01-10 02:00:00+00:00,lstm_regression,0.56145144
G00015,2022-01-10 03:00:00+00:00,lstm_regression,0.59475607
G00015,2022-01-10 04:00:00+00:00,lstm_regression,1.1218959
G00015,2022-01-10 05:00:00+00:00,lstm_regression,0.8930438
G00015,2022-01-10 06:00:00+00:00,lstm_regression,0.7955555
G00015,2022-01-10 07:00:00+00:00,lstm_regression,0.8744883
G00015,2022-01-10 08:00:00+00:00,lstm_regression,0.9245302
G00015,2022-01-10 09:00:00+00:00,lstm_regression,0.8935421
G00015,2022-01-10 10:00:00+00:00,lstm_regression,1.2833049
G00015,2022-01-10 11:00:00+00:00,lstm_regression,0.86734504
G00015,2022-01-10 12:00:00+00:00,lstm_regression,0.6662239
G00015,2022-01-10 13:00:00+00:00,lstm_regression,0.32989505
G00015,2022-01-10 14:00:00+00:00,lstm_regression,0.24263333
G00015,2022-01-10 15:00:00+00:00,lstm_regression,0.35510185
G00015,2022-01-10 16:00:00+00:00,lstm_regression,0.11128313
G00015,2022-01-10 17:00:00+00:00,lstm_regression,0.30607396
G00015,2022-01-10 20:00:00+00:00,lstm_regression,0.0
G00015,2022-01-10 22:00:00+00:00,lstm_regression,0.04506041
G00015,2022-01-10 23:00:00+00:00,lstm_regression,0.07186651
G00015,2022-01-11 01:00:00+00:00,lstm_regression,0.0
G00015,2022-01-11 02:00:00+00:00,lstm_regression,0.4403362
G00015,2022-01-11 03:00:00+00:00,lstm_regression,0.4939741
G00015,2022-01-11 04:00:00+00:00,lstm_regression,1.0825642
G00015,2022-01-11 05:00:00+00:00,lstm_regression,1.7447727
G00015,2022-01-11 07:00:00+00:00,lstm_regression,2.4822156
G00015,2022-01-11 08:00:00+00:00,lstm_regression,1.969278
G00015,2022-01-11 09:00:00+00:00,lstm_regression,1.1552341
G00015,2022-01-11 10:00:00+00:00,lstm_regression,0.5407214
G00015,2022-01-11 11:00:00+00:00,lstm_regression,0.9254315
G00015,2022-01-11 12:00:00+00:00,lstm_regression,0.88180596
G00015,2022-01-11 13:00:00+00:00,lstm_regression,0.8390773
G00015,2022-01-11 14:00:00+00:00,lstm_regression,0.22971423
G00015,2022-01-11 15:00:00+00:00,lstm_regression,0.2984188
G00015,2022-01-11 16:00:00+00:00,lstm_regression,0.34636664
G00015,2022-01-11 17:00:00+00:00,lstm_regression,0.294548
G00015,2022-01-11 19:00:00+00:00,lstm_regression,0.13587849
G00015,2022-01-11 20:00:00+00:00,lstm_regression,0.3075775
G00015,2022-01-11 21:00:00+00:00,lstm_regression,0.10404651
G00015,2022-01-11 22:00:00+00:00,lstm_regression,0.0
G00015,2022-01-11 23:00:00+00:00,lstm_regression,0.0
G00015,2022-01-12 00:00:00+00:00,lstm_regression,0.0
G00015,2022-01-12 01:00:00+00:00,lstm_regression,0.0051012486
G00015,2022-01-12 02:00:00+00:00,lstm_regression,0.14443283
G00015,2022-01-12 03:00:00+00:00,lstm_regression,0.08860648
G00015,2022-01-12 04:00:00+00:00,lstm_regression,0.3193565
G00015,2022-01-12 05:00:00+00:00,lstm_regression,0.101833425
G00015,2022-01-12 06:00:00+00:00,lstm_regression,0.004767459
G00015,2022-01-12 07:00:00+00:00,lstm_regression,0.0
G00015,2022-01-12 08:00:00+00:00,lstm_regression,0.061985902
G00015,2022-01-12 09:00:00+00:00,lstm_regression,0.0
G00015,2022-01-12 10:00:00+00:00,lstm_regression,0.031666838
G00015,2022-01-12 11:00:00+00:00,lstm_regression,0.27271655
G00015,2022-01-12 12:00:00+00:00,lstm_regression,0.040011384
G00015,2022-01-12 13:00:00+00:00,lstm_regression,0.12553652
G00015,2022-01-12 14:00:00+00:00,lstm_regression,0.020781433
G00015,2022-01-12 15:00:00+00:00,lstm_regression,0.13407801
G00015,2022-01-12 16:00:00+00:00,lstm_regression,0.005528515
G00015,2022-01-12 17:00:00+00:00,lstm_regression,0.044754885
G00015,2022-01-12 18:00:00+00:00,lstm_regression,0.16729644
G00015,2022-01-12 19:00:00+00:00,lstm_regression,0.10278547
G00015,2022-01-12 20:00:00+00:00,lstm_regression,0.17995955
G00015,2022-01-12 21:00:00+00:00,lstm_regression,0.0
G00015,2022-01-12 22:00:00+00:00,lstm_regression,0.0
G00015,2022-01-12 23:00:00+00:00,lstm_regression,0.0
G00015,2022-01-13 00:00:00+00:00,lstm_regression,0.1581603
G00015,2022-01-13 01:00:00+00:00,lstm_regression,0.37162343
G00015,2022-01-13 02:00:00+00:00,lstm_regression,0.4161559
G00015,2022-01-13 03:00:00+00:00,lstm_regression,0.29297456
G00015,2022-01-13 04:00:00+00:00,lstm_regression,0.49754685
G00015,2022-01-13 05:00:00+00:00,lstm_regression,0.89838725
G00015,2022-01-13 06:00:00+00:00,lstm_regression,0.32625356
G00015,2022-01-13 07:00:00+00:00,lstm_regression,0.30114043
G00015,2022-01-13 08:00:00+00:00,lstm_regression,0.29993308
G00015,2022-01-13 09:00:00+00:00,lstm_regression,0.22422867
G00015,2022-01-13 10:00:00+00:00,lstm_regression,0.28781492
G00015,2022-01-13 11:00:00+00:00,lstm_regression,0.35417774
G00015,2022-01-13 12:00:00+00:00,lstm_regression,0.26443166
G00015,2022-01-13 13:00:00+00:00,lstm_regression,0.19168527
G00015,2022-01-13 14:00:00+00:00,lstm_regression,0.36810428
G00015,2022-01-13 15:00:00+00:00,lstm_regression,0.3484426
G00015,2022-01-13 16:00:00+00:00,lstm_regression,0.17295732
G00015,2022-01-13 17:00:00+00:00,lstm_regression,0.14154594
G00015,2022-01-13 18:00:00+00:00,lstm_regression,0.0
G00015,2022-01-13 19:00:00+00:00,lstm_regression,0.04670208
G00015,2022-01-13 20:00:00+00:00,lstm_regression,0.02685312
G00015,2022-01-13 21:00:00+00:00,lstm_regression,0.21007726
G00015,2022-01-13 22:00:00+00:00,lstm_regression,0.08812613
G00015,2022-01-13 23:00:00+00:00,lstm_regression,0.15001087
G00015,2022-01-14 00:00:00+00:00,lstm_regression,0.18524551
G00015,2022-01-14 01:00:00+00:00,lstm_regression,0.0
G00015,2022-01-14 02:00:00+00:00,lstm_regression,0.0
G00015,2022-01-14 03:00:00+00:00,lstm_regression,0.0
G00015,2022-01-14 04:00:00+00:00,lstm_regression,0.052524827
G00015,2022-01-14 05:00:00+00:00,lstm_regression,0.39773297
G00015,2022-01-14 06:00:00+00:00,lstm_regression,0.54242146
G00015,2022-01-14 07:00:00+00:00,lstm_regression,0.44412002
G00015,2022-01-14 08:00:00+00:00,lstm_regression,0.36713088
G00015,2022-01-14 09:00:00+00:00,lstm_regression,0.6091118
G00015,2022-01-14 10:00:00+00:00,lstm_regression,0.6920448
G00015,2022-01-14 11:00:00+00:00,lstm_regression,1.0250714
G00015,2022-01-14 12:00:00+00:00,lstm_regression,1.4900745
G00015,2022-01-14 13:00:00+00:00,lstm_regression,1.4284388
G00015,2022-01-14 14:00:00+00:00,lstm_regression,1.4034419
G00015,2022-01-14 15:00:00+00:00,lstm_regression,1.2498248
G00015,2022-01-14 16:00:00+00:00,lstm_regression,1.1935344
G00015,2022-01-14 17:00:00+00:00,lstm_regression,0.7367588
G00015,2022-01-14 18:00:00+00:00,lstm_regression,0.45526153
G00015,2022-01-14 19:00:00+00:00,lstm_regression,0.22992209
G00015,2022-01-14 20:00:00+00:00,lstm_regression,0.11849623
G00015,2022-01-14 23:00:00+00:00,lstm_regression,0.3266428
G00015,2022-01-15 01:00:00+00:00,lstm_regression,0.40981463
G00015,2022-01-15 02:00:00+00:00,lstm_regression,0.6676328
G00015,2022-01-15 04:00:00+00:00,lstm_regression,0.35424495
G00015,2022-01-15 05:00:00+00:00,lstm_regression,0.23372115
G00015,2022-01-15 06:00:00+00:00,lstm_regression,0.46127766
G00015,2022-01-15 07:00:00+00:00,lstm_regression,0.5624216
G00015,2022-01-15 08:00:00+00:00,lstm_regression,0.57018316
G00015,2022-01-15 11:00:00+00:00,lstm_regression,0.5400205
G00015,2022-01-15 17:00:00+00:00,lstm_regression,0.31083947
G00015,2022-01-15 18:00:00+00:00,lstm_regression,0.013584938
G00015,2022-01-15 20:00:00+00:00,lstm_regression,0.027326474
G00015,2022-01-15 22:00:00+00:00,lstm_regression,0.14059617
G00015,2022-01-15 23:00:00+00:00,lstm_regression,0.20280805
G00015,2022-01-16 00:00:00+00:00,lstm_regression,0.057275586
G00015,2022-01-16 02:00:00+00:00,lstm_regression,0.20865446
G00015,2022-01-16 03:00:00+00:00,lstm_regression,0.35181576
G00015,2022-01-16 04:00:00+00:00,lstm_regression,0.29569274
G00015,2022-01-16 05:00:00+00:00,lstm_regression,0.61696804
G00015,2022-01-16 06:00:00+00:00,lstm_regression,0.6156995
G00015,2022-01-16 07:00:00+00:00,lstm_regression,0.5949211
G00015,2022-01-16 08:00:00+00:00,lstm_regression,0.643931
G00015,2022-01-16 10:00:00+00:00,lstm_regression,0.13873827
G00015,2022-01-16 11:00:00+00:00,lstm_regression,0.2589783
G00015,2022-01-16 12:00:00+00:00,lstm_regression,0.60890335
G00015,2022-01-16 14:00:00+00:00,lstm_regression,0.14921911
G00015,2022-01-16 15:00:00+00:00,lstm_regression,0.0
G00015,2022-01-16 16:00:00+00:00,lstm_regression,0.012992999
G00015,2022-01-16 17:00:00+00:00,lstm_regression,0.08643738
G00015,2022-01-16 18:00:00+00:00,lstm_regression,0.0
G00015,2022-01-16 19:00:00+00:00,lstm_regression,0.0
G00015,2022-01-16 20:00:00+00:00,lstm_regression,0.0
G00015,2022-01-16 21:00:00+00:00,lstm_regression,0.0
G00015,2022-01-16 22:00:00+00:00,lstm_regression,0.06301261
G00015,2022-01-16 23:00:00+00:00,lstm_regression,0.0408213
G00015,2022-01-17 00:00:00+00:00,lstm_regression,0.2117325
G00015,2022-01-17 01:00:00+00:00,lstm_regression,0.0
G00015,2022-01-17 02:00:00+00:00,lstm_regression,0.01944433
G00015,2022-01-17 03:00:00+00:00,lstm_regression,0.24576642
G00015,2022-01-17 04:00:00+00:00,lstm_regression,0.028525984
G00015,2022-01-17 05:00:00+00:00,lstm_regression,0.08017733
G00015,2022-01-17 06:00:00+00:00,lstm_regression,0.0
G00015,2022-01-17 07:00:00+00:00,lstm_regression,0.040889807
G00015,2022-01-17 08:00:00+00:00,lstm_regression,0.12453509
G00015,2022-01-17 09:00:00+00:00,lstm_regression,0.46501118
G00015,2022-01-17 10:00:00+00:00,lstm_regression,0.44400582
G00015,2022-01-17 11:00:00+00:00,lstm_regression,0.48327258
G00015,2022-01-17 12:00:00+00:00,lstm_regression,0.39195883
G00015,2022-01-17 13:00:00+00:00,lstm_regression,0.4710344
G00015,2022-01-17 14:00:00+00:00,lstm_regression,0.23530315
G00015,2022-01-17 15:00:00+00:00,lstm_regression,0.20289855
G00015,2022-01-17 16:00:00+00:00,lstm_regression,0.32105136
G00015,2022-01-17 17:00:00+00:00,lstm_regression,0.08312691
G00015,2022-01-17 18:00:00+00:00,lstm_regression,0.1858748
G00015,2022-01-17 19:00:00+00:00,lstm_regression,0.17255336
G00015,2022-01-17 20:00:00+00:00,lstm_regression,0.0
G00015,2022-01-17 21:00:00+00:00,lstm_regression,0.0
G00015,2022-01-17 22:00:00+00:00,lstm_regression,0.0
G00015,2022-01-17 23:00:00+00:00,lstm_regression,0.0
G00015,2022-01-18 00:00:00+00:00,lstm_regression,0.16408391
G00015,2022-01-18 01:00:00+00:00,lstm_regression,0.28433225
G00015,2022-01-18 02:00:00+00:00,lstm_regression,0.40784052
G00015,2022-01-18 03:00:00+00:00,lstm_regression,0.35811466
G00015,2022-01-18 04:00:00+00:00,lstm_regression,0.39458853
G00015,2022-01-18 05:00:00+00:00,lstm_regression,0.6686357
G00015,2022-01-18 06:00:00+00:00,lstm_regression,0.71202177
G00015,2022-01-18 07:00:00+00:00,lstm_regression,0.7216416
G00015,2022-01-18 08:00:00+00:00,lstm_regression,0.9649164
G00015,2022-01-18 09:00:00+00:00,lstm_regression,0.9625121
G00015,2022-01-18 10:00:00+00:00,lstm_regression,0.7339362
G00015,2022-01-18 11:00:00+00:00,lstm_regression,0.755205
G00015,2022-01-18 12:00:00+00:00,lstm_regression,0.36803272
G00015,2022-01-18 13:00:00+00:00,lstm_regression,0.35974765
G00015,2022-01-18 14:00:00+00:00,lstm_regression,0.19494115
G00015,2022-01-18 15:00:00+00:00,lstm_regression,0.018970108
G00015,2022-01-18 16:00:00+00:00,lstm_regression,0.0
G00015,2022-01-18 17:00:00+00:00,lstm_regression,0.0
G00015,2022-01-18 18:00:00+00:00,lstm_regression,0.0
G00015,2022-01-18 19:00:00+00:00,lstm_regression,0.031238591
G00015,2022-01-18 20:00:00+00:00,lstm_regression,0.0
G00015,2022-01-18 21:00:00+00:00,lstm_regression,0.0
G00015,2022-01-18 22:00:00+00:00,lstm_regression,0.0
G00015,2022-01-18 23:00:00+00:00,lstm_regression,0.012027269
G00015,2022-01-19 00:00:00+00:00,lstm_regression,0.06910521
G00015,2022-01-19 01:00:00+00:00,lstm_regression,0.13633639
G00015,2022-01-19 02:00:00+00:00,lstm_regression,0.35152814
G00015,2022-01-19 03:00:00+00:00,lstm_regression,0.45117518
G00015,2022-01-19 04:00:00+00:00,lstm_regression,0.43935412
G00015,2022-01-19 05:00:00+00:00,lstm_regression,0.60702044
G00015,2022-01-19 06:00:00+00:00,lstm_regression,0.5061949
G00015,2022-01-19 07:00:00+00:00,lstm_regression,0.57837945
G00015,2022-01-19 08:00:00+00:00,lstm_regression,0.50520986
G00015,2022-01-19 09:00:00+00:00,lstm_regression,0.41333568
G00015,2022-01-19 10:00:00+00:00,lstm_regression,0.29839647
G00015,2022-01-19 11:00:00+00:00,lstm_regression,0.22844724
G00015,2022-01-19 12:00:00+00:00,lstm_regression,0.2381775
G00015,2022-01-19 13:00:00+00:00,lstm_regression,0.08493247
G00015,2022-01-19 14:00:00+00:00,lstm_regression,0.35702735
G00015,2022-01-19 15:00:00+00:00,lstm_regression,0.0
G00015,2022-01-19 16:00:00+00:00,lstm_regression,0.014060473
G00015,2022-01-19 17:00:00+00:00,lstm_regression,0.12813522
G00015,2022-01-19 18:00:00+00:00,lstm_regression,0.12006105
G00015,2022-01-19 19:00:00+00:00,lstm_regression,0.0013533402
G00015,2022-01-19 20:00:00+00:00,lstm_regression,0.3003168
G00015,2022-01-19 21:00:00+00:00,lstm_regression,0.26705545
G00015,2022-01-19 22:00:00+00:00,lstm_regression,0.16399759
G00015,2022-01-19 23:00:00+00:00,lstm_regression,0.29937387
G00015,2022-01-20 00:00:00+00:00,lstm_regression,0.15270896
G00015,2022-01-20 01:00:00+00:00,lstm_regression,0.111915536
G00015,2022-01-20 02:00:00+00:00,lstm_regression,0.26615405
G00015,2022-01-20 03:00:00+00:00,lstm_regression,0.1399617
G00015,2022-01-20 04:00:00+00:00,lstm_regression,0.0
G00015,2022-01-20 05:00:00+00:00,lstm_regression,0.037218705
G00015,2022-01-20 06:00:00+00:00,lstm_regression,0.0
G00015,2022-01-20 07:00:00+00:00,lstm_regression,0.0
G00015,2022-01-20 08:00:00+00:00,lstm_regression,0.0
G00015,2022-01-20 09:00:00+00:00,lstm_regression,0.124266185
G00015,2022-01-20 10:00:00+00:00,lstm_regression,0.029795518
G00015,2022-01-20 11:00:00+00:00,lstm_regression,0.3216431
G00015,2022-01-20 12:00:00+00:00,lstm_regression,0.0
G00015,2022-01-20 13:00:00+00:00,lstm_regression,0.0
G00015,2022-01-20 14:00:00+00:00,lstm_regression,0.23278359
G00015,2022-01-20 15:00:00+00:00,lstm_regression,0.19740269
G00015,2022-01-20 16:00:00+00:00,lstm_regression,0.0
G00015,2022-01-20 17:00:00+00:00,lstm_regression,0.18768208
G00015,2022-01-20 18:00:00+00:00,lstm_regression,0.25252366
G00015,2022-01-20 19:00:00+00:00,lstm_regression,0.2995292
G00015,2022-01-20 20:00:00+00:00,lstm_regression,0.36945322
G00015,2022-01-20 21:00:00+00:00,lstm_regression,0.3633178
G00015,2022-01-20 22:00:00+00:00,lstm_regression,0.36442137
G00015,2022-01-20 23:00:00+00:00,lstm_regression,0.42571276
G00015,2022-01-21 00:00:00+00:00,lstm_regression,0.6389137
G00015,2022-01-21 01:00:00+00:00,lstm_regression,0.6860505
G00015,2022-01-21 02:00:00+00:00,lstm_regression,1.0264089
G00015,2022-01-21 03:00:00+00:00,lstm_regression,1.205838
G00015,2022-01-21 04:00:00+00:00,lstm_regression,0.60486364
G00015,2022-01-21 05:00:00+00:00,lstm_regression,0.55571634
G00015,2022-01-21 06:00:00+00:00,lstm_regression,0.44103628
G00015,2022-01-21 07:00:00+00:00,lstm_regression,0.35912147
G00015,2022-01-21 08:00:00+00:00,lstm_regression,0.3175005
G00015,2022-01-21 09:00:00+00:00,lstm_regression,0.664655
G00015,2022-01-21 10:00:00+00:00,lstm_regression,0.5733359
G00015,2022-01-21 11:00:00+00:00,lstm_regression,0.5341519
G00015,2022-01-21 12:00:00+00:00,lstm_regression,0.35127246
G00015,2022-01-21 13:00:00+00:00,lstm_regression,0.24926595
G00015,2022-01-21 14:00:00+00:00,lstm_regression,0.20147826
G00015,2022-01-21 15:00:00+00:00,lstm_regression,0.3818115
G00015,2022-01-21 16:00:00+00:00,lstm_regression,0.122839205
G00015,2022-01-21 17:00:00+00:00,lstm_regression,0.0
G00015,2022-01-21 18:00:00+00:00,lstm_regression,0.0
G00015,2022-01-21 19:00:00+00:00,lstm_regression,0.13850893
